tree
version=v4
num_class=1
num_tree_per_iteration=1
label_index=0
max_feature_idx=18
objective=quantile
feature_names=dam_asinh local_hour day_of_year zone_code weekday quarter repeated dam_day_min dam_day_max dam_day_mean dam_day_std dam_day_negative_share dam_hours_to_day_peak dam_above_day_min dam_below_day_max dam_prev_hour dam_next_hour dam_ramp_from_prev dam_ramp_to_next
feature_infos=[-0.19398117065429688:5.1358332633972168] [0.125:23.875] [1:366] -1:1:0:5:3:2:7:6:4 -1:6:2:5:4:1:0:3 -1:3:1:2:0 none [-9.7599999999999998:94.909999999999997] [12.82:4250] [-1.9099999999999999:1093.1704166666666] [2.6783649655879409:1619.2755288154824] [0:0.75] [-23:23] [0:4227.1400000000003] [0:4227.1400000000003] [-9.7599999999999998:4250] [-9.7599999999999998:4250] [-3102.77:1508.9300000000001] [-3102.77:1508.1699999999998]
tree_sizes=2216 2318 2301 2306 2293 2315 2300 2314 2295 2316 2327 2313 2339 2299 2308 2316 2329 2324 2321 2355 2291 2301 2312 2282 2332 2326 2333 2301 2310 2309 2313 2295 2291 2290 2294 2320 2275 2278 2325 2312 2312 2280 2303 2283 2314 2253 2298 2336 2273 2300 2283 2305 2299 2267 2290 2250 2278 2311 2302 2269 2338 2322 2306 2298 2318 2265 2267 2264 2313 2293 2281 2298 2259 2261 2263 2289 2288 2305 2309 2301 2268 2244 2323 2300 2256 2307 2275 2308 2283 2274 2331 2331 2220 2206 2258 2273 2312 2282 2241 2221 2231 2245 2256 2260 2299 2294 2280 2268 2240 2248 2272 2270 2271 2318 2259 2315 2314 2195 2276 2309 2198 2231 2320 2245 2234 2275 2258 2238 2212 2279 2297 2254 2265 2235 2307 2244 2279 2337 2295 2257 2190 2234 2293 2186 2322 2231 2246 2298 2222 2274 2314 2279 2186 2262 2307 2240 2240 2310 2217 2273 2245 2242 2284 2213 2301 2217 2267 2252 2306 2291 2281 2259 2200 2279 2224 2225 2245 2262 2209 2230 2253 2302 2294 2313 2240 2286 2287 2251 2246 2306 2266 2272 2206 2237 2255 2235 2196 2255 2301 2193 2197 2234 2239 2318 2296 2271 2260 2251 2169 2200 2287 2243 2184 2303 2198 2234 2313 2186 2296 2249 2226 2251 2234 2203 2332 2188 2245 2328 2219 2276 2282 2308 2255 2262 2260 2306 2214 2250 2244 2189 2260 2320 2275 2235 2282 2298 2286 2252 2233 2224 2300 2258 2223 2273 2265 2298 2204 2262 2207 2218 2195 2255 2280 2262 2280

Tree=0
num_leaves=23
num_cat=5
split_feature=0 2 2 0 0 1 10 2 13 12 3 18 15 2 4 2 3 2 4 1 2 4
split_gain=11555.6 3480.24 1110.33 874.424 736.559 655.708 445.548 428.513 344.907 281.032 254.621 247.872 242.304 216.909 211.011 378.495 186.952 185.173 293.015 168.102 213.877 163.084
threshold=0.4950323104858399 127.50000000000001 284.50000000000006 0.41471008956432348 1.2033303976058962 7.5000000000000009 8.6611920195150702 61.500000000000007 9.4150000000000045 10.500000000000002 0 -3.6000000000000005 9.2250000000000032 312.50000000000006 1 292.50000000000006 2 31.500000000000004 3 19.000000000000004 87.500000000000014 4
decision_type=2 2 2 2 2 2 2 2 2 2 1 8 10 2 1 2 1 2 1 2 2 1
left_child=1 5 3 16 7 10 12 11 -9 14 -1 -2 -7 -10 15 -4 -3 -14 -19 20 -8 -12
right_child=4 2 9 -5 -6 6 19 8 13 -11 21 -13 17 -15 -16 -17 -18 18 -20 -21 -22 -23
leaf_value=-2.2383499658107757 -2.2522999632358549 -1.9503499722480775 -2.1636499726772307 -1.9813999721407891 -4.4694500482082367 -2.1224749743938447 -2.1325999701023104 -2.0520499718189238 -2.2945999658107756 -1.9282999724894763 -2.0191999709606172 -2.0308999705314634 -1.9129999729990959 -2.1618499743938444 -2.0385499739646913 -1.9525999727845191 -1.9102999728918075 -1.9507999731600285 -2.0700499761104583 -2.0250499707460405 -2.0452999675273897 -1.9411249726638198
leaf_weight=3778 16972 8212 3272 37504 41900 5672 35900 17424 119108 25528 15484 28648 13010 23916 22308 28876 86480 14262 15796 12420 15466 37792
leaf_count=3778 16972 8212 3272 37504 41900 5672 35900 17424 119108 25528 15484 28648 13010 23916 22308 28876 86480 14262 15796 12420 15466 37792
internal_value=-2.03 -2.02509 -2.02125 -2.01872 -2.03757 -2.0299 -2.03189 -2.03646 -2.03756 -2.02544 -2.02597 -2.03261 -2.02865 -2.03828 -2.02726 -2.02493 -2.01641 -2.0275 -2.02944 -2.03436 -2.0355 -2.02517
internal_weight=629728 381760 212180 132196 247968 169580 112526 206068 160448 79984 57054 45620 48740 143024 54456 32148 94692 43068 30058 63786 51366 53276
internal_count=629728 381760 212180 132196 247968 169580 112526 206068 160448 79984 57054 45620 48740 143024 54456 32148 94692 43068 30058 63786 51366 53276
cat_boundaries=0 1 2 3 4 5
cat_threshold=128 120 128 14 65
is_linear=0
shrinkage=1


Tree=1
num_leaves=23
num_cat=3
split_feature=0 2 2 0 0 1 10 2 13 12 3 9 18 2 4 2 2 7 4 2 13 1
split_gain=10816 3170.26 1061.01 953.065 651.435 614.378 416.478 399.469 296.426 260.193 238.485 232.44 214.662 208.195 203.686 341.016 197.838 190.632 176.014 173.345 162.256 158.387
threshold=0.50266295671463024 127.50000000000001 284.50000000000006 0.41471008956432348 1.2033303976058962 7.5000000000000009 8.6611920195150702 65.500000000000014 10.495000000000003 11.500000000000002 0 20.935000000000006 -3.6000000000000005 312.50000000000006 1 292.50000000000006 326.50000000000006 10.235000000000001 2 290.50000000000006 4.1949999999999994 19.000000000000004
decision_type=2 2 2 2 2 2 2 2 2 2 1 2 8 2 1 2 2 2 1 2 2 2
left_child=1 5 3 17 7 10 11 12 -9 14 -1 -7 -2 -10 19 -16 -17 -3 20 -4 -5 -8
right_child=4 2 9 18 -6 6 21 8 13 -11 -12 -13 -14 -15 15 16 -18 -19 -20 -21 -22 -23
leaf_value=-0.19852424510121344 -0.21859650766253474 0.090013498941063863 0.11265974898934364 0.12651299799531698 -2.3296748233616351 -0.0071639964871108505 -0.074133000057935702 -0.035007747834920888 -0.27609301527142527 0.097123498949781076 0.063050622804276646 0.10453499862402676 -0.011209500038623818 -0.13806675201058388 -0.11593574092984199 0.12071699963361023 0.033775873587280514 0.11611349953114986 0.0095129996046423946 -0.037415246021747582 0.044612998317182066 0.004502250829339036
leaf_weight=3856 17792 17980 1228 6972 41900 36610 52336 19324 110336 23580 54194 12848 28912 22164 4164 14420 23128 76712 15964 15200 17328 12780
leaf_count=3856 17792 17980 1228 6972 41900 36610 52336 19324 110336 23580 54194 12848 28912 22164 4164 14420 23128 76712 15964 15200 17328 12780
internal_value=-1.64356e-06 0.00463302 0.00825762 0.010708 -0.00750605 8.34173e-05 -0.00182748 -0.00642983 -0.0075494 0.0042108 0.00385491 0.00128558 -0.00279022 -0.00830874 0.00259356 0.00426445 0.00562051 0.0131739 0.00490836 -0.00165055 0.00731861 -0.00419193
internal_weight=629728 389300 216676 134956 240428 172624 114574 198528 151824 81720 58050 49458 46704 132500 58140 41712 37548 94692 40264 16428 24300 65116
internal_count=629728 389300 216676 134956 240428 172624 114574 198528 151824 81720 58050 49458 46704 132500 58140 41712 37548 94692 40264 16428 24300 65116
cat_boundaries=0 1 2 3
cat_threshold=128 6 15
is_linear=0
shrinkage=0.045


Tree=2
num_leaves=23
num_cat=4
split_feature=0 2 0 2 0 1 10 2 12 9 2 4 3 3 12 18 9 2 4 2 8 1
split_gain=10081.2 2933.89 1083.05 1025.66 614.511 567.647 391.611 388.647 275.484 253.867 236.263 216.478 215.131 210.903 182.958 177.468 158.683 159.458 157.749 159.228 284.225 155.018
threshold=0.50761729478836071 127.50000000000001 0.43723486363887792 284.50000000000006 1.3504406809806826 7.5000000000000009 8.3492511121314088 65.500000000000014 6.5000000000000009 20.935000000000006 307.50000000000006 0 1 2 10.500000000000002 -3.6000000000000005 16.143750000000004 353.50000000000006 3 32.500000000000007 27.495000000000001 18.750000000000004
decision_type=2 2 2 2 2 2 2 2 2 2 2 1 1 1 2 8 2 2 1 2 2 2
left_child=1 5 3 13 7 12 9 15 10 18 -9 -12 -1 -3 -5 -2 17 -16 -7 20 -20 -8
right_child=4 2 -4 14 -6 6 21 8 -10 -11 11 -13 -14 -15 16 -17 -18 -19 19 -21 -22 -23
leaf_value=-0.18891566007980701 -0.2137096493681967 0.062565141352459788 0.016998999279225234 0.042118435543119913 -3.0206643464470804 0.045358379170563075 -0.069325520321041334 -0.29201883473405238 -0.086532412915259607 0.12188092277399451 0.12734625274184344 -0.19935374817010762 0.059313345636391075 0.10593839140851795 0.13879708690016995 -0.019255075111806397 0.10895294012911431 -0.32529707757346515 -0.1986794364166595 -0.063125372091416276 0.19395738334756715 0.0036597846401855349
leaf_weight=3908 18488 9464 46600 45072 32540 14416 55192 100404 33724 11438 5448 16216 54776 96584 1256 28744 19740 860 1960 14802 3894 14202
leaf_count=3908 18488 9464 46600 45072 32540 14416 55192 100404 33724 11438 5448 16216 54776 96584 1256 28744 19740 860 1960 14802 3894 14202
internal_value=-1.97942e-05 0.00438177 0.00784361 0.00948398 -0.00738481 2.78366e-05 -0.00179797 -0.00646454 -0.00754862 0.00139706 -0.00854325 -0.00428067 0.00363383 0.0122368 0.00512192 -0.0028886 0.00850055 -0.00320822 -0.000501654 -0.00302206 0.0032582 -0.00393935
internal_weight=629728 394164 219576 172976 235564 174588 115904 203024 155792 46510 122068 21664 58684 106048 66928 47232 21856 2116 35072 20656 5854 69394
internal_count=629728 394164 219576 172976 235564 174588 115904 203024 155792 46510 122068 21664 58684 106048 66928 47232 21856 2116 35072 20656 5854 69394
cat_boundaries=0 1 2 3 4
cat_threshold=96 128 128 14
is_linear=0
shrinkage=0.045


Tree=3
num_leaves=23
num_cat=4
split_feature=0 2 0 2 0 1 2 10 16 0 3 12 2 4 7 12 2 4 18 4 2 9
split_gain=9425.1 2644.99 1242.61 954.932 535.37 520.204 359.217 355.127 213.269 208.46 207.981 204.527 218.796 215.484 201.208 186.833 181.346 261.077 161.101 157.321 194.223 144.074
threshold=0.52118253707885753 127.50000000000001 0.44996191561222082 284.50000000000006 1.3504406809806826 7.5000000000000009 65.500000000000014 8.6611920195150702 9.3050000000000015 0.40235555171966558 0 6.5000000000000009 307.50000000000006 1 10.235000000000001 10.500000000000002 31.500000000000004 2 -6.3699999999999992 3 292.50000000000006 16.143750000000004
decision_type=2 2 2 2 2 2 2 2 8 2 1 2 2 1 2 2 2 1 8 1 2 2
left_child=1 5 3 9 6 10 18 8 -7 14 -1 12 -8 -14 -3 19 -10 -18 -2 -5 -21 -17
right_child=4 2 -4 15 -6 7 11 -9 16 -11 -12 -13 13 -15 -16 21 17 -19 -20 20 -22 -23
leaf_value=-0.18263214795467289 -0.28824273145445867 0.082095663687578063 0.005390461000264391 -0.039876898133278195 -2.8847344508569619 -0.079400642410459715 -0.29822795798858598 -0.054590043770863669 0.10612426240137873 0.064790459337294798 0.056107621186281334 -0.10454232428782448 0.14029067099295123 -0.20658283551060097 0.10927116411699973 -0.051581568652625101 0.072197282449989728 -0.041834726484921564 -0.039988597590081998 -0.078188973560005745 0.059069505990426686 0.1027000591107645
leaf_weight=4088 11312 17496 44392 6588 32540 6012 96328 68142 13708 24824 56150 30056 5008 15352 70112 2140 14890 16506 32892 4056 36552 20584
leaf_count=4088 11312 17496 44392 6588 32540 6012 96328 68142 13708 24824 56150 30056 5008 15352 70112 2140 14890 16506 32892 4056 36552 20584
internal_value=-3.20852e-05 0.00405124 0.00728189 0.00892552 -0.00745443 -2.98332e-05 -0.00654509 -0.00175155 0.00108367 0.0114935 0.00337874 -0.00761632 -0.00846898 -0.00422994 0.0125251 0.00479592 0.00214495 0.000259411 -0.00298873 0.0031816 0.00422747 0.00814816
internal_weight=629728 406240 226744 182352 223488 179496 190948 119258 51116 112432 60238 146744 116688 20360 87608 69920 45104 31396 44204 47196 40608 22724
internal_count=629728 406240 226744 182352 223488 179496 190948 119258 51116 112432 60238 146744 116688 20360 87608 69920 45104 31396 44204 47196 40608 22724
cat_boundaries=0 1 2 3 4
cat_threshold=128 96 14 4
is_linear=0
shrinkage=0.045


Tree=4
num_leaves=23
num_cat=5
split_feature=0 2 0 2 8 1 10 2 3 16 2 12 3 0 12 2 4 4 2 2 2 4
split_gain=8822.72 2404.85 1320.25 902.975 494.955 474.76 341.224 333.603 210.162 205.002 196.35 192.435 191.048 178.341 172.647 164.979 163.167 160.843 230.076 187.056 168.161 173.872
threshold=0.53308948874473583 127.50000000000001 0.44996191561222082 284.50000000000006 154.35000000000005 6.0000000000000009 8.6611920195150702 65.500000000000014 0 9.3050000000000015 307.50000000000006 5.5000000000000009 1 0.39012818038463598 10.500000000000002 211.50000000000003 2 3 32.500000000000007 47.500000000000007 101.50000000000001 4
decision_type=2 2 2 2 2 2 2 2 1 8 2 2 1 2 2 2 1 1 2 2 2 1
left_child=1 5 3 8 7 12 9 -2 -3 -7 11 -9 -1 -10 -5 -6 -8 -11 -19 -20 -21 -22
right_child=4 2 -4 14 15 6 16 10 13 17 -12 -13 -14 -15 -16 -17 -18 18 19 20 21 -23
leaf_value=-0.17917100743079512 -0.088105449962815718 0.053606198121302628 0.0035345359435320243 0.035638236265840992 -0.95348910717717872 -0.077752575657772591 -0.027870818104420415 -0.32575769301264451 0.10390396216088819 0.089990450267820626 -0.12181975071301462 -0.10319545568123625 0.057182777481880144 0.068902114997767411 0.091328556182559195 -0.42790771361200974 -0.0821993237992866 0.10058719711192809 -0.094253905704425739 0.047946095475746214 0.15549337429034982 -0.14573309241756258
leaf_weight=3692 40224 10200 50252 47196 26080 6192 42660 77252 73528 13884 23124 16424 50056 28704 22724 30468 31420 12132 8068 11132 904 3412
leaf_count=3692 40224 10200 50252 47196 26080 6192 42660 77252 73528 13884 23124 16424 50056 28704 22724 30468 31420 12132 8068 11132 904 3412
internal_value=-4.53051e-05 0.00377045 0.00680922 0.00858893 -0.00748048 -8.04123e-05 -0.00155309 -0.00618031 0.0110861 0.00110711 -0.00739752 -0.00831423 0.00347609 0.0117007 0.00457324 -0.0110905 -0.0035541 0.00207221 0.000470695 -0.00212582 0.000774757 -0.00676355
internal_weight=629728 416156 232604 182352 213572 183552 129804 157024 112432 55724 116800 93676 53748 102232 69920 56548 74080 49532 35648 23516 15448 4316
internal_count=629728 416156 232604 182352 213572 183552 129804 157024 112432 55724 116800 93676 53748 102232 69920 56548 74080 49532 35648 23516 15448 4316
cat_boundaries=0 1 2 3 4 5
cat_threshold=128 128 43 6 8
is_linear=0
shrinkage=0.045


Tree=5
num_leaves=23
num_cat=3
split_feature=0 2 0 2 0 1 10 2 13 1 3 0 3 9 1 9 18 16 4 14 2 2
split_gain=8194.35 2252.62 1236.14 865.226 514.166 432.867 312.995 309.367 212.941 192.748 184.508 177.072 171.833 156.378 175.772 149.091 147.666 141.48 138.181 134.72 135.6 143.304
threshold=0.53308948874473583 127.50000000000001 0.43723486363887792 284.50000000000006 1.3965535759925845 6.0000000000000009 9.7003721270747363 65.500000000000014 12.415000000000001 8.5000000000000018 0 0.18484556674957278 1 16.143750000000004 8.2500000000000018 122.39708333333336 -6.3699999999999992 1.0000000180025095e-35 2 3151.5450000000005 205.50000000000003 189.50000000000003
decision_type=2 2 2 2 2 2 2 2 2 2 1 2 1 2 2 2 8 10 1 2 2 2
left_child=1 5 3 9 7 12 11 16 -9 19 -10 -7 -1 -5 -15 -4 -2 -8 -13 20 21 -3
right_child=4 2 15 13 -6 6 17 8 10 -11 -12 18 -14 14 -16 -17 -18 -19 -20 -21 -22 -23
leaf_value=-0.17110831209640934 -0.27463030379136988 0.10822828332720641 0.0040888316316824115 -0.027223128947244213 -2.9914133681634927 -0.067822612187116257 0.040665478628099973 -0.03797819018313054 -0.21798103614846315 0.074478283327206421 -0.28229862429289582 0.10568337086610399 0.054609552495195543 0.091439906462903286 0.040139907106633468 0.087703333885810864 -0.040974359012899968 -0.064184517938672483 0.0086814322082180116 -0.15232172300280686 0.10237828354178312 0.037578283649071495
leaf_weight=3692 11312 27742 56008 6980 30280 7824 5232 16748 23148 40014 101176 7928 50056 22634 37314 3620 30908 57024 51796 230 30736 7326
leaf_count=3692 11312 27742 56008 6980 30280 7824 5232 16748 23148 40014 101176 7928 50056 22634 37314 3620 30908 57024 51796 230 30736 7326
internal_value=-3.9374e-05 0.00363799 0.006579 0.00850504 -0.00720488 -8.89929e-05 -0.00149519 -0.00630733 -0.00731871 0.0110334 -0.0079604 0.000626203 0.00330698 0.00449866 0.00524087 0.000991615 -0.00292774 -0.00379686 0.00146017 0.012527 0.0126474 0.0107335
internal_weight=629728 416156 232604 172976 213572 183552 129804 183292 141072 106048 124324 67548 53748 66928 59948 59628 42220 62256 59724 66034 65804 35068
internal_count=629728 416156 232604 172976 213572 183552 129804 183292 141072 106048 124324 67548 53748 66928 59948 59628 42220 62256 59724 66034 65804 35068
cat_boundaries=0 1 2 3
cat_threshold=128 128 2
is_linear=0
shrinkage=0.045


Tree=6
num_leaves=23
num_cat=4
split_feature=0 2 13 2 8 0 1 10 2 7 15 12 4 3 13 4 2 2 1 4 2 14
split_gain=7667.71 2354.82 1018.35 814.335 458.281 432.445 364.732 265.892 211.219 192.131 186.152 181.261 177.77 169.134 160.821 150.727 291.275 127.204 228.651 154.083 137.069 125.94
threshold=0.47897464036941534 127.50000000000001 16.335000000000004 284.50000000000006 148.93000000000004 0.4110283255577088 7.5000000000000009 9.7003721270747363 65.500000000000014 10.235000000000001 9.2250000000000032 10.500000000000002 0 1 5.4200000000000017 2 292.50000000000006 93.500000000000014 18.750000000000004 3 4.5000000000000009 3151.5450000000005
decision_type=2 2 2 2 2 2 2 2 2 2 10 2 1 1 2 1 2 2 2 1 2 2
left_child=1 6 14 5 8 9 12 10 -4 -3 -8 15 -1 -10 -2 16 -5 18 20 -19 -9 -11
right_child=2 3 4 11 -6 -7 7 17 13 21 -12 -13 -14 -15 -16 -17 -18 19 -20 -21 -22 -23
leaf_value=-0.0094978802638739888 0.040700080279686052 0.069118657765016855 -0.11629869618684215 -0.12313981638831754 -1.0027449996507776 0.044569896828995946 -0.068496488772820316 0.26787167287582564 -0.19265963250982354 0.094171261533421424 0.023436615819616716 0.080115781721521215 0.067538747119469875 -0.29843418289796253 -0.039388963736476823 -0.0081986388746340261 0.065333611018614055 0.060373479225193531 0.034906389591610493 -0.062488254909510335 -0.10055683367734743 -0.12521723259307727
leaf_weight=15822 12508 17836 32132 3168 49004 32720 7118 497 17476 74696 49682 24484 38994 78228 75824 21120 27644 7510 6602 6450 29957 256
leaf_count=15822 12508 17836 32132 3168 49004 32720 7118 497 17476 74696 49682 24484 38994 78228 75824 21120 27644 7510 6602 6450 29957 256
internal_value=-5.94541e-05 0.00417551 -0.00588163 0.00742126 -0.00785252 0.0096511 0.000145542 -0.00137398 -0.006434 0.0112197 0.0007439 0.00375873 0.00313419 -0.00749389 -0.00193583 0.00225373 0.00425999 -0.00373192 -0.00511104 -7.09067e-05 -0.0067568 0.0122187
internal_weight=629728 364556 265172 201924 176840 125508 162632 107816 127836 92788 56800 76416 54816 95704 88332 51932 30812 51016 37056 13960 30454 74952
internal_count=629728 364556 265172 201924 176840 125508 162632 107816 127836 92788 56800 76416 54816 95704 88332 51932 30812 51016 37056 13960 30454 74952
cat_boundaries=0 1 2 3 4
cat_threshold=65 128 120 27
is_linear=0
shrinkage=0.045


Tree=7
num_leaves=23
num_cat=3
split_feature=0 2 0 2 0 1 2 10 0 7 16 2 9 4 12 2 4 4 2 2 2 10
split_gain=7195.27 1884.88 1268.69 776.171 465.413 366.378 275.249 271.642 203.702 217.21 188.883 182.168 180.83 177.226 173.692 152.957 223.522 147.716 252.298 233.042 194.423 188.938
threshold=0.55306959152221691 129.50000000000003 0.44996191561222082 284.50000000000006 1.4512567520141604 5.0000000000000009 65.500000000000014 8.3492511121314088 0.38659776747226721 10.235000000000001 9.3050000000000015 313.50000000000006 122.39708333333336 0 5.5000000000000009 32.500000000000007 1 2 292.50000000000006 326.50000000000006 290.50000000000006 4.9786368469297004
decision_type=2 2 2 2 2 2 2 2 2 2 8 2 2 1 2 2 1 1 2 2 2 2
left_child=1 5 3 8 6 -1 -2 10 9 -3 -7 14 -4 -13 -8 -12 -17 20 -19 -20 -5 -22
right_child=4 2 12 17 -6 7 11 -9 -10 -11 15 13 -14 -15 -16 16 -18 18 19 -21 21 -23
leaf_value=0.046049503660026268 -0.10620461023073051 0.066531263847638383 -0.0056651506252695192 0.13540080431924217 -3.1926522298615079 -0.07438775627674217 -0.30836564110285214 -0.039500068292160961 0.056595386575425913 0.095333552296785168 0.095380689771367475 0.036672135840839205 0.078851876763947282 -0.22012381592393251 -0.12936230874042107 0.067965487403535252 -0.03843949409117086 -0.047623527011187189 0.12118705845993533 0.040793599005574048 0.18794876234290339 -0.023123511128149088
leaf_weight=47188 38932 16164 55164 1592 27924 6004 86884 87272 34112 60536 15388 9712 3636 11356 23836 17060 18640 5580 19192 25968 1152 16436
leaf_count=47188 38932 16164 55164 1592 27924 6004 86884 87272 34112 60536 15388 9712 3636 11356 23836 17060 18640 5580 19192 25968 1152 16436
internal_value=-6.81721e-05 0.00319708 0.005858 0.007726 -0.00715416 -0.000130381 -0.00627309 -0.00125556 0.0100685 0.0113553 0.00115783 -0.00725518 0.000116323 -0.00341932 -0.007985 0.00204521 0.000428547 0.00401333 0.00528452 0.00640096 0.000647145 -0.000716316
internal_weight=629728 431084 239532 180732 198644 191552 170720 144364 110812 76700 57092 131788 58800 21068 110720 51088 35700 69920 50740 45160 19180 17588
internal_count=629728 431084 239532 180732 198644 191552 170720 144364 110812 76700 57092 131788 58800 21068 110720 51088 35700 69920 50740 45160 19180 17588
cat_boundaries=0 1 2 3
cat_threshold=97 14 6
is_linear=0
shrinkage=0.045


Tree=8
num_leaves=23
num_cat=5
split_feature=0 2 0 2 0 1 2 10 3 0 2 9 12 4 9 3 1 5 12 10 4 2
split_gain=6725.92 1750.62 1176.39 720.739 450.418 336.13 266.439 249.086 195.742 174.434 171.204 170.033 169.378 168.929 167.293 144.002 142.285 169.747 136.035 132.483 158.292 130.397
threshold=0.55306959152221691 129.50000000000003 0.44996191561222082 284.50000000000006 1.5082249045372011 5.0000000000000009 65.500000000000014 8.3492511121314088 0 0.38659776747226721 313.50000000000006 122.39708333333336 5.5000000000000009 1 20.935000000000006 2 21.000000000000004 3 10.500000000000002 4.9786368469297004 4 294.50000000000006
decision_type=2 2 2 2 2 2 2 2 1 2 2 2 2 1 2 1 2 1 2 2 1 2
left_child=1 5 3 8 6 15 -2 14 -3 -10 12 -4 16 -12 -7 -1 -8 -18 19 -5 -21 -22
right_child=4 2 11 18 -6 7 10 -9 9 -11 13 -13 -14 -15 -16 -17 17 -19 -20 20 21 -23
leaf_value=-0.16829491491614296 -0.1027787994538745 0.04026648977503567 -0.0054102188471323864 0.15634383666589585 -3.4949297759573046 -0.0048559748620488419 -0.36783919240306512 -0.037722565219013716 0.088401161650790483 0.057454701966192442 0.036365136674122084 0.075303542309569663 -0.12351650287522924 -0.2116796942788679 0.089293463016143659 0.051627276746343612 -0.010067702538590026 -0.19006771326742608 0.078095347716280378 -0.053582955273149588 -0.044108509693832523 0.044376959808414454
leaf_weight=3388 39352 10072 55164 3832 25576 41804 71900 87272 70128 30612 9740 3636 23900 11460 15288 43800 8358 8358 22724 6212 5088 32064
leaf_count=3388 39352 10072 55164 3832 25576 41804 71900 87272 70128 30612 9740 3636 23900 11460 15288 43800 8358 8358 22724 6212 5088 32064
internal_value=-7.84622e-05 0.00307849 0.00564289 0.00744165 -0.00692944 -0.000128267 -0.00610556 -0.001206 0.00969896 0.0102969 -0.00706341 0.000114027 -0.00776236 -0.00335346 0.00110502 0.00316879 -0.00866912 -0.00492852 0.00386402 0.00248655 0.00177754 0.00288909
internal_weight=629728 431084 239532 180732 198644 191552 173068 144364 110812 100740 133716 58800 112516 21200 57092 47188 88616 16716 69920 47196 43364 37152
internal_count=629728 431084 239532 180732 198644 191552 173068 144364 110812 100740 133716 58800 112516 21200 57092 47188 88616 16716 69920 47196 43364 37152
cat_boundaries=0 1 2 3 4 5
cat_threshold=128 97 128 3 4
is_linear=0
shrinkage=0.045


Tree=9
num_leaves=23
num_cat=3
split_feature=0 2 0 2 0 1 2 10 1 13 3 9 9 3 2 10 9 1 4 2 8 2
split_gain=6294.19 1618.14 1088.51 663.854 444.083 310.821 260.436 224.357 195.863 176.91 203.932 169.06 161.791 151.049 138.722 137.955 135.869 139.883 128.043 144.525 145.408 153.091
threshold=0.55306959152221691 129.50000000000003 0.43504634499549871 284.50000000000006 1.663412928581238 6.0000000000000009 65.500000000000014 8.3492511121314088 8.5000000000000018 17.715000000000007 0 20.935000000000006 122.39708333333336 1 49.500000000000007 33.666270593799446 16.143750000000004 8.2500000000000018 2 101.50000000000001 28.245000000000001 34.500000000000007
decision_type=2 2 2 2 2 2 2 2 2 2 1 2 2 1 2 2 2 2 1 2 2 2
left_child=1 5 3 8 6 13 14 11 -3 -8 -11 18 -4 -1 15 -2 -5 -18 -7 20 -20 -22
right_child=4 2 12 16 -6 7 9 -9 -10 10 -12 -13 -14 -15 -16 -17 17 -19 19 -21 21 -23
leaf_value=-0.16467998306721626 -0.11025737830884548 0.082886358401253718 0.0014999880388979158 -0.0298908486650644 -4.4405115660232362 0.036402204606945841 -0.066642939707902638 -0.037801721623154171 0.05997099106392919 -0.22136530036446431 -0.35059934984751362 0.089265470249648579 0.074164883148714222 0.045484072019211057 0.091271288338950513 -0.77351100041171095 0.079098761886187127 0.033513746543903183 -0.082958250012623455 -0.14186985141038619 0.12462673754745185 -0.025406758868554188
leaf_weight=3944 28200 64554 65560 6944 20880 16472 30796 82136 38862 21080 85584 14328 4200 51664 9428 2676 22425 36987 7704 3624 5108 6572
leaf_count=3944 28200 64554 65560 6944 20880 16472 30796 82136 38862 21080 85584 14328 4200 51664 9428 2676 22425 36987 7704 3624 5108 6572
internal_value=-9.42547e-05 0.0029597 0.00542516 0.00736968 -0.00672171 -0.000123333 -0.00599237 -0.00128268 0.00962371 -0.00692504 -0.0077925 0.000975934 0.000692784 0.00271084 -0.00281124 -0.00427003 0.00385658 0.00455271 -0.000543665 -0.00271134 -0.00116992 0.00199538
internal_weight=629728 431084 239532 169772 198644 191552 177764 135944 103416 137460 106664 53808 69760 55608 40304 30876 66356 59412 39480 23008 19384 11680
internal_count=629728 431084 239532 169772 198644 191552 177764 135944 103416 137460 106664 53808 69760 55608 40304 30876 66356 59412 39480 23008 19384 11680
cat_boundaries=0 1 2 3
cat_threshold=128 128 14
is_linear=0
shrinkage=0.045


Tree=10
num_leaves=23
num_cat=3
split_feature=0 2 0 12 8 10 3 18 2 18 1 13 2 15 1 1 5 1 10 12 2 4
split_gain=5877.14 1755.22 1027.45 526.581 336.577 309.906 231.944 220.698 190.739 186.734 165.487 243.144 163.223 151.117 147.545 160.65 144.59 142.803 157.882 166.703 140.158 207.192
threshold=0.47000361979007726 113.50000000000001 0.67181223630905162 9.5000000000000018 148.93000000000004 9.8273971060640513 0 -5.8999999999999995 279.50000000000006 -2.2000000000000015 20.000000000000004 5.3400000000000034 352.50000000000006 9.5350000000000019 8.2500000000000018 18.750000000000004 1 19.000000000000004 4.9786368469297004 2.5000000000000004 294.50000000000006 2
decision_type=2 2 2 2 2 2 1 8 2 10 2 2 2 8 2 2 1 2 2 2 2 1
left_child=1 5 7 8 6 13 -4 16 -3 -5 11 -9 -11 -1 -7 -16 -2 18 -10 -20 -21 -22
right_child=2 3 4 9 -6 14 -8 10 17 12 -12 -13 -14 -15 15 -17 -18 -19 19 20 21 -23
leaf_value=-0.035960082880333026 -0.062244220642180291 0.055139078899114298 -0.14207471672539487 0.031977438061468119 -1.0381966451945388 0.0060872868471560666 -0.36655943911903766 0.047134672497559052 0.13756261785211521 0.078348127450936528 0.018070183250013239 -0.052009449418720231 0.0071416001020285138 0.037488211144830259 -0.073877181781564327 0.026700039607784467 -0.19019425646451102 0.063109376579331536 -0.057096222709090275 -0.05478023311524139 -0.047279835301338759 0.064252804620738749
leaf_weight=14076 8436 44296 20344 13828 46456 22433 69108 11876 2632 97504 25648 84716 4456 66812 34002 7285 8436 13232 9352 4628 5408 14764
leaf_count=14076 8436 44296 20344 13828 46456 22433 69108 11876 2632 97504 25648 84716 4456 66812 34002 7285 8436 13232 9352 4628 5408 14764
internal_value=-0.000104473 0.00372346 -0.00504156 0.00634963 -0.00782426 -9.21098e-05 -0.00621018 -0.00232288 0.0038533 0.00838285 -0.00165692 -0.00251009 0.00904837 0.00175683 -0.00243919 -0.00403528 -0.00714709 0.0019487 0.000506443 -0.000312262 0.00161842 0.00323882
internal_weight=629728 354708 275020 210100 135908 144608 89452 139112 94312 115788 122240 96592 101960 80888 63720 41287 16872 50016 36784 34152 24800 20172
internal_count=629728 354708 275020 210100 135908 144608 89452 139112 94312 115788 122240 96592 101960 80888 63720 41287 16872 50016 36784 34152 24800 20172
cat_boundaries=0 1 2 3
cat_threshold=128 3 6
is_linear=0
shrinkage=0.045


Tree=11
num_leaves=23
num_cat=2
split_feature=13 2 0 0 1 7 3 10 2 4 2 2 2 0 2 8 2 13 1 9 0 2
split_gain=5503.47 1206.9 1056.28 558.513 457.699 268.97 258.727 234.391 180.901 175.697 158.815 156.592 197.692 177.313 175.431 207.229 204.675 181.181 150.104 144.712 144.475 140.84
threshold=14.085000000000004 113.50000000000001 0.44996191561222082 0.81413501501083385 8.5000000000000018 5.9350000000000014 0 9.8273971060640513 276.50000000000006 1 341.50000000000006 4.5000000000000009 49.500000000000007 0.23862879723310473 32.500000000000007 40.785000000000004 20.500000000000004 7.2600000000000042 19.000000000000004 122.39708333333336 0.40401855111122137 294.50000000000006
decision_type=2 2 2 2 2 2 1 2 2 1 2 2 2 2 2 2 2 2 2 2 2 2
left_child=1 7 4 5 10 -2 -5 9 -6 -1 20 13 14 -11 15 16 17 -13 21 -4 -3 -10
right_child=3 2 19 6 8 -7 -8 -9 18 11 -12 12 -14 -15 -16 -17 -18 -19 -20 -21 -22 -23
leaf_value=0.05610146685741061 -0.0018814257181349668 0.08065758033207869 -0.0090088996203488061 -0.37133250421944264 0.05554663102580322 -0.11356939973336554 -0.82616426092545348 -0.029152694439330332 -0.058126548903927891 -0.3900246766462131 0.024704947756115078 -0.14990752493671991 0.03132547042523879 0.16549529483376249 -0.094020950105559137 -0.069207445881856663 0.15740912535551835 0.15726817337401691 0.07263008582598697 0.060075968808141374 0.041263981574088233 0.024131370885102452
leaf_weight=38432 28300 77792 58884 20836 46802 94852 72036 72524 6052 528 7708 2308 19960 2928 12076 4988 3820 1656 11172 4924 14528 26622
leaf_count=38432 28300 77792 58884 20836 46802 94852 72036 72524 6052 528 7708 2308 19960 2928 12076 4988 3820 1656 11172 4924 14528 26622
internal_value=-0.000115764 0.00292414 0.00484665 -0.00593741 0.00652375 -0.0039503 -0.00857226 -0.00014866 0.00420761 0.00143048 0.00862256 -0.000377517 -0.0010896 0.00884905 -0.00376841 -9.15923e-05 0.00449653 -0.00266641 0.00213054 -0.000165021 0.00914067 0.000590801
internal_weight=629728 413704 254484 216024 190676 123152 92872 159220 90648 86696 100028 48264 44808 3456 24848 12772 7784 3964 43846 63808 92320 32674
internal_count=629728 413704 254484 216024 190676 123152 92872 159220 90648 86696 100028 48264 44808 3456 24848 12772 7784 3964 43846 63808 92320 32674
cat_boundaries=0 1 2
cat_threshold=128 38
is_linear=0
shrinkage=0.045


Tree=12
num_leaves=23
num_cat=1
split_feature=0 2 0 2 13 1 2 1 1 2 2 4 9 2 10 7 0 9 2 2 0 9
split_gain=5153.91 1327.21 861.48 527.634 489.796 276.247 234.211 193.268 165.407 164.335 154.511 151.408 141.867 128.682 139.796 127.89 139.144 127.529 126.029 125.534 121.305 119.678
threshold=0.55306959152221691 129.50000000000003 0.43504634499549871 284.50000000000006 100.80500000000002 7.5000000000000009 65.500000000000014 20.000000000000004 8.5000000000000018 203.50000000000003 2.5000000000000004 0 122.39708333333336 49.500000000000007 33.666270593799446 9.0250000000000004 1.0000000180025095e-35 18.217916666666671 36.500000000000007 84.500000000000014 0.37952321767807012 16.143750000000004
decision_type=2 2 2 2 2 2 2 2 2 2 2 1 2 2 2 2 2 2 2 2 2 2
left_child=1 5 3 8 6 11 13 10 20 -8 -7 -1 -4 14 18 16 -12 -18 -2 -9 -3 -5
right_child=4 2 12 21 -6 7 9 19 -10 -11 15 -13 -14 -15 -16 -17 17 -19 -20 -21 -22 -23
leaf_value=-0.013420527739698937 -0.040289524302376083 0.080230348692889197 0.0016583587124486255 -0.031156507513557564 -3.8244245107539148 0.19289389864122328 -0.26202642664339065 0.055704982794645523 0.052612307483319631 -0.13853719620674321 0.098505051863142346 0.052345208213369521 0.066426247981140898 0.104240005398401 -0.73427578387047565 -0.013448084490096254 -0.032596044295672463 -0.11269605373704819 -0.24526966769409039 -0.043548148846068918 0.050523252751112198 0.04606033160563059
leaf_weight=18518 22792 47448 65560 6944 22152 1922 65816 21080 38862 69896 1358 45544 4200 9448 3132 51950 24778 19278 5408 7124 17106 59412
leaf_count=18518 22792 47448 65560 6944 22152 1922 65816 21080 38862 69896 1358 45544 4200 9448 3132 51950 24778 19278 5408 7124 17106 59412
internal_value=-0.000116764 0.00264675 0.0048796 0.00660949 -0.00611392 -0.000145416 -0.00532216 -0.00135679 0.008619 -0.00622077 -0.00229061 0.00226531 0.000669562 -0.00233154 -0.0037196 -0.00254011 -0.00428439 -0.00472184 -0.00271736 0.00193044 0.0100155 0.0034775
internal_weight=629728 431084 239532 169772 198644 191552 176492 127490 103416 135712 99286 64062 69760 40780 31332 97364 45414 44056 28200 28204 64554 66356
internal_count=629728 431084 239532 169772 198644 191552 176492 127490 103416 135712 99286 64062 69760 40780 31332 97364 45414 44056 28200 28204 64554 66356
cat_boundaries=0 1
cat_threshold=65
is_linear=0
shrinkage=0.045


Tree=13
num_leaves=23
num_cat=4
split_feature=13 2 0 13 1 7 15 8 4 4 2 8 8 1 2 4 2 0 1 5 2 2
split_gain=4856.32 1040.86 892.886 551.563 415.545 299.421 211.695 204.277 203.525 167.448 166.093 165.764 159.932 144.813 164.212 207.513 140.413 150.922 139.568 152.264 139.159 136.187
threshold=14.085000000000004 113.50000000000001 0.46081672608852392 53.925000000000011 8.5000000000000018 5.9350000000000014 9.5350000000000019 148.93000000000004 0 1 279.50000000000006 148.93000000000004 40.550000000000004 19.000000000000004 294.50000000000006 2 341.50000000000006 0.40401855111122137 21.000000000000004 3 326.50000000000006 6.5000000000000009
decision_type=2 2 2 2 2 2 8 2 1 1 2 2 2 2 2 1 2 2 2 1 2 2
left_child=1 6 4 5 16 -2 -1 8 12 -9 -6 -5 -8 14 -12 -16 17 -3 -7 -20 -17 -10
right_child=3 2 -4 11 10 18 7 9 21 -11 13 -13 -14 -15 15 20 -18 -19 19 -21 -22 -23
leaf_value=-0.052182080330486762 -0.0067276629554552277 0.073919982894420838 -0.0054827814041303029 -0.66513252139861401 0.048889879916878654 -0.16914653222133832 0.031087033413009984 0.14403967266359594 0.12999265212871375 -0.14016275960277194 -0.071227414864006716 -2.3052857817172101 -0.04999088478515256 0.064378385553795839 -0.064960874903856242 0.12177274738438193 0.022233026012626545 0.038309224991640203 0.049086360212737483 -0.10623841295431416 0.013652801371569082 0.023923720706475856
leaf_weight=25232 30008 77792 56340 17716 50516 119444 14372 664 6480 6056 5542 28932 23984 11536 7812 6576 8000 17412 9962 9962 12958 82432
leaf_count=25232 30008 77792 56340 17716 50516 119444 14372 664 6480 6056 5542 28932 23984 11536 7812 6576 8000 17412 9962 9962 12958 82432
internal_value=-0.000124625 0.00273096 0.00451634 -0.00559329 0.00593767 -0.00439989 -0.000122659 0.00058941 0.000993203 -0.00705594 0.00378894 -0.00992605 -0.00174638 0.00178173 0.000259957 0.00169153 0.00791422 0.00839537 -0.00527782 -0.00179088 0.0041694 0.002175
internal_weight=629728 413704 254484 216024 198144 169376 159220 133988 127268 6720 94940 46648 38356 44424 32888 27346 103204 95204 139368 19924 19534 88912
internal_count=629728 413704 254484 216024 198144 169376 159220 133988 127268 6720 94940 46648 38356 44424 32888 27346 103204 95204 139368 19924 19534 88912
cat_boundaries=0 1 2 3 4
cat_threshold=80 16 6 3
is_linear=0
shrinkage=0.045


Tree=14
num_leaves=23
num_cat=4
split_feature=0 2 0 2 0 1 2 0 7 12 10 2 4 9 4 3 2 10 4 2 2 7
split_gain=4566.92 1075.18 956.006 458.317 417.541 258.398 208.607 176.326 191.892 174.539 171.634 150.049 175.018 144.599 144.218 123.702 115.405 117.583 114.674 228.716 150.535 184.97
threshold=0.59141528606414806 129.50000000000003 0.44996191561222082 284.50000000000006 1.663412928581238 5.0000000000000009 65.500000000000014 0.37952321767807012 10.235000000000001 6.5000000000000009 8.3492511121314088 313.50000000000006 0 122.39708333333336 1 2 49.500000000000007 33.666270593799446 3 292.50000000000006 326.50000000000006 18.345000000000002
decision_type=2 2 2 2 2 2 2 2 2 2 2 2 1 2 1 1 2 2 1 2 2 2
left_child=1 5 3 7 6 15 16 8 -3 11 14 -8 -13 -4 -7 -1 17 -2 19 -5 21 -21
right_child=4 2 13 18 -6 10 9 -9 -10 -11 -12 12 -14 -15 -16 -17 -18 -19 -20 20 -22 -23
leaf_value=-0.16115171338281278 -0.11007814942425119 0.044989708089542509 -0.0075117965365208671 -0.059049106961776524 -3.8838566308706874 0.043761018089717656 -0.29570894914458723 0.041184732687306803 0.072580334210269659 -0.079070938495427984 -0.031952454141076232 0.22656866310926005 -0.19721256035371923 0.058671331172012717 -0.022059004966693083 0.043259004188558617 0.11404095069081013 -0.67560543667865336 0.0095860498777752354 0.11526567102445384 0.039138424558829946 -0.082362041717609275
leaf_weight=3644 23612 15828 68844 4792 20880 31308 86832 38484 56500 17824 93392 3804 10528 4464 28204 44844 8232 2584 28392 14404 21552 780
leaf_count=3644 23612 15828 68844 4792 20880 31308 86832 38484 56500 17824 93392 3804 10528 4464 28204 44844 8232 2584 28392 14404 21552 780
internal_value=-0.000131556 0.00223916 0.0041859 0.00594401 -0.00632615 -0.000216516 -0.00551347 0.00774406 0.0090535 -0.00640604 -0.00112422 -0.00712947 -0.00286312 -0.000148547 0.000764442 0.0026458 -0.00242841 -0.00388885 0.00309109 0.0045975 0.00580475 0.00923647
internal_weight=629728 455432 254040 180732 174296 201392 153416 110812 72328 118988 152904 101164 14332 73308 59512 48488 34428 26196 69920 41528 36736 15184
internal_count=629728 455432 254040 180732 174296 201392 153416 110812 72328 118988 152904 101164 14332 73308 59512 48488 34428 26196 69920 41528 36736 15184
cat_boundaries=0 1 2 3 4
cat_threshold=96 15 128 120
is_linear=0
shrinkage=0.045


Tree=15
num_leaves=23
num_cat=4
split_feature=13 1 2 13 0 0 0 2 7 16 2 2 10 2 4 3 13 0 4 4 13 7
split_gain=4267.76 960.277 480.906 449.825 409.037 332.982 305.318 325.905 280.324 216.004 190.267 180.255 149.39 148.326 146.039 142.074 164.523 132.873 130.846 129.556 238.187 178.737
threshold=16.335000000000004 8.5000000000000018 129.50000000000003 100.80500000000002 0.42260776460170751 0.18484556674957278 0.46316194534301763 113.50000000000001 5.9350000000000014 1.0000000180025095e-35 4.5000000000000009 352.50000000000006 13.19778608672239 274.50000000000006 0 1 25.585000000000004 0.25551070272922521 2 3 5.2649999999999997 18.555000000000003
decision_type=2 2 2 2 2 2 2 2 2 10 2 2 2 2 1 1 2 2 1 1 2 2
left_child=1 2 14 8 11 9 7 10 -2 -3 18 -4 -12 -9 -1 -10 -17 -13 -7 21 -21 -6
right_child=3 5 4 -5 19 6 -8 13 15 -11 12 17 -14 -15 -16 16 -18 -19 -20 20 -22 -23
leaf_value=0.063714879451152492 -0.019210387455731726 0.078407413563595083 0.065977467229961076 -3.3836312668028343 0.029652463961925089 0.19552373943651663 -0.019358171533095346 0.047961782230228296 -0.14426794918040461 -0.074208773943482034 0.0041300313281608788 -0.31541174222466589 -0.070524367670409441 0.01977393398227965 -0.00064856146041177172 -0.091743972676397931 -0.45633149436184967 0.030913621729381276 -0.022159240610462597 0.090368101451095292 0.0067056119284712558 -0.084260276171290671
leaf_weight=29392 26712 2532 80920 22152 5698 2418 70784 48308 24668 18870 51958 898 15108 43818 39538 50112 64408 3748 1414 7900 14486 3886
leaf_count=29392 26712 2532 80920 22152 5698 2418 70784 48308 24668 18870 51958 898 15108 43818 39538 50112 64408 3748 1414 7900 14486 3886
internal_value=-0.000147992 0.00226927 0.004724 -0.00582535 0.00647408 0.000475722 0.000967516 0.00203903 -0.00502101 -0.00489651 -0.000254513 0.00809672 -0.000811863 0.00380406 0.00173976 -0.00583135 -0.00649862 -0.000522806 0.00949531 0.00213093 0.00400415 -0.00224625
internal_weight=629728 441676 186466 188052 117536 255210 233808 163024 165900 21402 70898 85566 67066 92126 68930 139188 114520 4646 3832 31970 22386 9584
internal_count=629728 441676 186466 188052 117536 255210 233808 163024 165900 21402 70898 85566 67066 92126 68930 139188 114520 4646 3832 31970 22386 9584
cat_boundaries=0 1 2 3 4
cat_threshold=42 128 27 48
is_linear=0
shrinkage=0.045


Tree=16
num_leaves=23
num_cat=3
split_feature=0 1 2 0 1 0 12 2 0 5 10 2 2 10 9 12 3 9 1 2 4 18
split_gain=4021.81 932.624 456.89 406.862 356.682 342.132 335.666 303.03 274.308 254.481 207.072 205.79 195.633 166.31 175.582 159.192 147.636 141.116 137.411 136.566 160.443 131.894
threshold=0.59141528606414806 8.2500000000000018 129.50000000000003 1.663412928581238 21.000000000000004 0.4056804776191712 3.5000000000000004 95.500000000000014 0.44996191561222082 0 11.469869972858122 352.50000000000006 65.500000000000014 9.2806257118095363 20.581041666666671 6.5000000000000009 1 122.39708333333336 14.000000000000002 313.50000000000006 2 -1.8299999999999994
decision_type=2 2 2 2 2 2 2 2 2 1 2 2 2 2 2 2 1 2 2 2 1 10
left_child=1 2 16 12 6 11 13 10 21 -6 -8 -4 -2 14 18 19 -1 -7 -3 -14 -21 -9
right_child=3 4 5 -5 9 17 7 8 -10 -11 -12 -13 15 -15 -16 -17 -18 -19 -20 20 -22 -23
leaf_value=-0.15966445141756636 -0.088190489191249222 -0.10049257434319722 0.066048376783036655 -3.5604435784810247 0.075211346220012437 0.019714238069589784 0.0045932465275716301 -0.038199032901862461 -0.017739118763183688 0.0044981090127615211 -0.097766886377779944 -0.017619319155215214 -0.27277507336838019 -0.063510225946631763 0.033854281484590125 -0.071114899439871773 0.031692931860546482 0.078344212768403462 -0.023517074816124896 0.22050155203978125 -0.1798554055146899 0.041437369068210182
leaf_weight=5375 34428 5065 72526 20880 29384 33432 21742 5048 24556 29384 15443 4111 86832 36317 18960 17824 66509 3601 21596 3804 10528 62383
leaf_count=5375 34428 5065 72526 20880 29384 33432 21742 5048 24556 29384 15443 4111 86832 36317 18960 17824 66509 3601 21596 3804 10528 62383
internal_value=-0.00015671 0.00206803 0.00452386 -0.00596986 0.000379502 0.00629957 -0.000483653 0.000945469 0.00233123 0.00348009 -0.00248252 0.00801573 -0.00516765 -0.00273658 -0.000927657 -0.00603202 0.00171584 0.00274787 -0.00328179 -0.00672291 -0.00265278 0.00381412
internal_weight=629728 455432 185554 174296 269878 113670 211110 129172 91987 58768 37185 76637 153416 81938 45621 118988 71884 37033 26661 101164 14332 67431
internal_count=629728 455432 185554 174296 269878 113670 211110 129172 91987 58768 37185 76637 153416 81938 45621 118988 71884 37033 26661 101164 14332 67431
cat_boundaries=0 1 2 3
cat_threshold=3 128 96
is_linear=0
shrinkage=0.045


Tree=17
num_leaves=23
num_cat=4
split_feature=13 1 13 2 0 0 18 7 1 12 0 0 5 2 10 5 2 2 10 4 3 13
split_gain=3768.06 802.088 426.659 416.239 359.478 279.868 287.296 247.803 243.36 274.818 207.451 200.581 180.875 172.73 209.517 166.739 154.618 150.53 138.432 135.64 130.662 158.72
threshold=16.545000000000005 8.5000000000000018 100.80500000000002 129.50000000000003 0.42260776460170751 0.18484556674957278 -4.1450000000000058 5.9350000000000014 20.000000000000004 3.5000000000000004 0.44778493046760565 -1.0000000180025095e-35 0 87.500000000000014 7.3472566841241429 1 8.5000000000000018 352.50000000000006 9.6455588959331759 2 3 25.585000000000004
decision_type=2 2 2 2 2 2 8 2 2 2 2 2 1 2 2 1 2 2 2 1 1 2
left_child=1 3 7 19 17 11 12 -2 9 16 13 -3 -7 14 -11 -10 -8 -5 -18 -1 -9 -22
right_child=2 5 -4 4 -6 6 8 20 15 10 -12 -13 -14 -15 -16 -17 18 -19 -20 -21 21 -23
leaf_value=0.059481490228741121 -0.018837574745290315 0.080446520337703206 -3.0855129432060076 0.060223056512087696 0.02219438639736079 0.00652006347838021 0.10885616418130216 -0.13364451667686539 0.074139344758079345 0.10431732685886053 -0.014737093273274946 -0.068138355241305501 -0.11912068783355968 0.039799568073936607 -0.053289046704359196 0.013641268964045562 -0.0087378912642592042 -0.0042456648863127685 -0.071570511193667016 -0.002042840998257852 -0.084169682423519659 -0.42523414966271728
leaf_weight=29520 26316 1858 22152 80940 32138 7864 3446 24448 26572 5418 30442 19548 9842 58192 14138 26572 30568 4654 22540 39760 48392 64408
leaf_count=29520 26316 1858 22152 80940 32138 7864 3446 24448 26572 5418 30442 19548 9842 58192 14138 26572 30568 4654 22540 39760 48392 64408
internal_value=-0.000162355 0.00208889 -0.00554462 0.00433099 0.00595954 0.000457351 0.000904981 -0.00475074 0.00135295 0.000498768 0.00182758 -0.00446889 -0.00460724 0.00306058 -0.000598221 0.00400077 -0.00204328 0.00748318 -0.00264272 0.00156339 -0.0055177 -0.0061641
internal_weight=629728 444012 185716 187012 117732 257000 235594 163564 217888 164744 108190 21406 17706 77748 19556 53144 56554 85594 53108 69280 137248 112800
internal_count=629728 444012 185716 187012 117732 257000 235594 163564 217888 164744 108190 21406 17706 77748 19556 53144 56554 85594 53108 69280 137248 112800
cat_boundaries=0 1 2 3 4
cat_threshold=3 3 42 128
is_linear=0
shrinkage=0.045


Tree=18
num_leaves=23
num_cat=4
split_feature=0 1 13 13 1 15 18 12 5 2 4 10 0 12 2 0 2 4 1 4 8 1
split_gain=3502.73 789.895 397.873 387.633 307.995 295.459 294.537 275.641 213.158 179.1 176.956 155.323 155.887 142.892 139.173 136.83 125.932 144.302 120.706 120.513 125.392 116.325
threshold=0.59141528606414806 8.2500000000000018 5.4200000000000017 111.23500000000001 21.000000000000004 12.405000000000003 -3.4999999999999987 5.5000000000000009 0 65.500000000000014 1 9.2806257118095363 0.20074891299009326 6.5000000000000009 191.50000000000003 0.4205897748470307 313.50000000000006 2 21.000000000000004 3 52.885000000000005 17.500000000000004
decision_type=2 2 2 2 2 10 10 2 1 2 1 2 2 2 2 2 2 1 2 1 2 2
left_child=1 2 5 9 6 -1 -3 11 -6 19 -9 12 -8 16 -12 -4 18 -18 -11 20 -2 -21
right_child=3 4 15 -5 8 -7 7 10 -10 13 14 -13 -14 -15 -16 -17 17 -19 -20 21 -22 -23
leaf_value=0.026223090641163477 -0.14624369133703222 -0.092318438389808286 0.039818388938955937 -3.4519335171137646 0.069309333681497873 0.060663018647178671 -0.084645815295132779 0.048394617378793858 0.0046251675333986025 -0.29989862837741893 -0.018731959577041303 -0.044331029757909021 0.013469110306935034 -0.06352633479410906 0.022101803656533484 -0.0037515093241635277 0.20920210953790361 -0.16348263546968589 -0.078844971970524105 -0.25657936067185122 0.19801749333006283 -0.0079579049983387988
leaf_weight=32885 4416 17519 36988 20056 29384 78340 5527 38601 29384 73204 31782 48236 45495 17828 23950 37341 3816 10512 13680 12686 9052 9046
leaf_count=32885 4416 17519 36988 20056 29384 78340 5527 38601 29384 73204 31782 48236 45495 17828 23950 37341 3816 10512 13680 12686 9052 9046
internal_value=-0.00016993 0.00190628 0.0041664 -0.00559499 0.000352323 0.00586982 -0.000449761 5.59034e-05 0.00323354 -0.00482962 0.00179766 -0.00159944 0.000131409 -0.00566346 0.000175176 0.00161733 -0.0063178 -0.00240858 -0.0069624 -0.00200954 0.00133531 -0.00408113
internal_weight=629728 455432 185554 174296 269878 111225 211110 193591 58768 154240 94333 99258 51022 119040 55732 74329 101212 14328 86884 35200 13468 21732
internal_count=629728 455432 185554 174296 269878 111225 211110 193591 58768 154240 94333 99258 51022 119040 55732 74329 101212 14328 86884 35200 13468 21732
cat_boundaries=0 1 2 3 4
cat_threshold=3 11 96 97
is_linear=0
shrinkage=0.045


Tree=19
num_leaves=23
num_cat=2
split_feature=13 1 10 13 2 0 18 1 12 2 0 1 0 1 2 10 5 0 10 5 2 17
split_gain=3295.2 674.585 412.421 372.797 285.468 243.599 254.476 211.508 269.092 191.84 191.304 189.638 188.467 166.744 153.874 193.591 146.764 142.732 142.721 139.837 135.367 122.891
threshold=16.785000000000007 8.5000000000000018 42.365537408137442 5.2649999999999997 129.50000000000003 0.18484556674957278 -4.549999999999998 19.000000000000004 3.5000000000000004 298.50000000000006 0.44778493046760565 21.000000000000004 -1.0000000180025095e-35 6.0000000000000009 87.500000000000014 11.549442035894929 0 0.46766535937786108 23.230992183247348 1 31.500000000000004 -0.69000000000000072
decision_type=2 2 2 2 2 2 8 2 2 2 2 2 2 2 2 2 1 2 2 1 2 10
left_child=1 3 11 4 -1 12 19 8 18 -6 14 13 -3 -2 15 -10 21 -5 20 -7 -8 -9
right_child=2 5 -4 17 9 6 7 16 10 -11 -12 -13 -14 -15 -16 -17 -18 -19 -20 -21 -22 -23
leaf_value=0.030022346970034152 -0.00055879485703641877 0.076533128508395262 -0.74632477299283251 0.030401008822496755 0.058383182378902193 0.0005267943665063174 0.038767456087732556 0.07470683265061441 0.034885570183823884 0.024998826435314429 -0.015033559866449034 0.012551284956336787 -0.063541990206801374 -0.17430850583643759 0.037196580132365181 -0.096914925637617846 0.011540272380266963 -0.018094514950115988 -0.17291468808048799 -0.12089481099843211 -0.034765043823006929 -0.020358046256962532
leaf_weight=35538 13804 1858 41200 49814 64424 6634 11062 25976 13082 12820 31104 15572 19548 112688 58378 6706 29992 25024 4552 8314 37622 4016
leaf_count=35538 13804 1858 41200 49814 64424 6634 11062 25976 13082 12820 31104 15572 19548 112688 58378 6706 29992 25024 4552 8314 37622 4016
internal_value=-0.000179791 0.00190577 -0.00526055 0.0039603 0.00559428 0.000416541 0.000831052 0.00121292 0.000369951 0.00712988 0.00164809 -0.00411084 -0.00418091 -0.00468769 0.00283582 -0.000593482 0.00349657 0.0014978 -0.00225347 -0.00485217 -0.00154079 0.00572174
internal_weight=629728 446464 183264 187620 112782 258844 237438 222490 162506 77244 109270 142064 21406 126492 78166 19788 59984 74838 53236 14948 48684 29992
internal_count=629728 446464 183264 187620 112782 258844 237438 222490 162506 77244 109270 142064 21406 126492 78166 19788 59984 74838 53236 14948 48684 29992
cat_boundaries=0 1 2
cat_threshold=3 3
is_linear=0
shrinkage=0.045


Tree=20
num_leaves=23
num_cat=6
split_feature=0 2 0 0 2 18 17 3 0 0 4 7 9 2 2 2 5 5 4 4 14 17
split_gain=3092.56 683.828 668.066 366.548 276.107 204.178 202.867 172.034 180.296 159.573 144.584 148.178 137.874 124.753 122.077 121.09 119.761 114.895 114.104 113.998 99.0565 97.9865
threshold=0.61465871334075939 127.50000000000001 0.42260776460170751 1.7624713778495791 284.50000000000006 -4.2749999999999995 1.2299999999999993 0 0.81413501501083385 0.19054487347602847 1 23.450000000000006 122.39708333333336 34.500000000000007 4.5000000000000009 95.500000000000014 2 3 4 5 529.25500000000011 4.3800000000000026
decision_type=2 2 2 2 2 8 10 1 2 2 1 2 2 2 2 2 1 1 1 1 2 10
left_child=1 5 4 7 -3 17 9 -2 13 15 11 -10 20 -9 19 -7 -8 -1 -16 -11 -4 -18
right_child=3 2 12 -5 -6 6 16 8 10 14 -12 -13 -14 -15 18 -17 21 -19 -20 -21 -22 -23
leaf_value=-0.021400047149399533 -0.10335328644511858 0.047613597312622886 0.00088942148920230892 -3.7646531795330826 0.030736661596916209 -0.052407656536105733 -0.0013851682208657478 0.034889025327186893 -0.37318841837476646 -0.0060562261330643248 -0.56239251626817244 0.36135861208116921 0.05296988929292902 -0.11682338239881179 0.044480168751785912 0.043121125465746889 -0.041398336061151245 -0.14885593543966449 0.0022198218781831589 0.15150457555975469 -0.1329442642729701 -0.17100469768160673
leaf_weight=8376 30476 98692 93964 18620 63168 18820 25406 8340 13464 1828 41188 1968 6064 48164 45480 4968 17680 8376 62124 3388 1448 7726
leaf_count=8376 30476 98692 93964 18620 63168 18820 25406 8340 13464 1828 41188 1968 6064 48164 45480 4968 17680 8376 62124 3388 1448 7726
internal_value=-0.000182292 0.00167531 0.00319073 -0.00553575 0.00498536 -0.000279247 0.000146221 -0.00476536 -0.00557369 0.00104915 -0.00736887 -0.0036451 0.00032815 -0.00377562 0.00175538 -0.00230013 -0.00228126 -0.0050388 0.00142938 0.00847739 -9.00811e-05 -0.00446495
internal_weight=629728 467508 263336 162220 161860 204172 187420 143600 113124 136608 56620 15432 101476 56504 112820 23788 50812 16752 107604 5216 95412 25406
internal_count=629728 467508 263336 162220 161860 204172 187420 143600 113124 136608 56620 15432 101476 56504 112820 23788 50812 16752 107604 5216 95412 25406
cat_boundaries=0 1 2 3 4 5 6
cat_threshold=128 65 12 3 38 68
is_linear=0
shrinkage=0.045


Tree=21
num_leaves=23
num_cat=5
split_feature=0 1 0 13 18 1 12 15 4 3 2 13 5 5 0 14 14 3 2 2 2 8
split_gain=2890.59 640.333 353.291 347.279 262.736 305.066 242.337 240.282 200.808 172.154 163.895 156.449 150.077 145.69 125.214 123.002 112.55 110.583 106.724 128.798 104.882 133.887
threshold=0.62417414784431469 8.2500000000000018 1.7624713778495791 5.5750000000000028 -4.549999999999998 20.000000000000004 3.5000000000000004 12.405000000000003 0 1 195.50000000000003 26.935000000000006 2 3 0.46766535937786108 93.385000000000005 65.405000000000015 4 353.50000000000006 84.500000000000014 31.500000000000004 25.575000000000003
decision_type=2 2 2 2 8 2 2 10 1 1 2 2 1 1 2 2 2 1 2 2 2 2
left_child=1 3 9 7 13 6 15 18 16 -2 -10 -11 -7 -3 -5 20 -8 -9 19 -1 21 -6
right_child=2 4 -4 14 5 12 8 17 10 11 -12 -13 -14 -15 -16 -17 -18 -19 -20 -21 -22 -23
leaf_value=-0.023660797350739469 -0.09866660922856911 -0.010192592002932578 -3.5952437864540943 0.028647139327998939 -0.31867137558234154 0.065405740319342445 0.057641811129084397 -0.018037323307753348 -0.025425941315391012 -0.08214374900102564 0.016245023829241059 -0.38962150687999692 0.010717738084761952 -0.11325636453508502 -0.0165300758325513 -0.15775973121702583 0.0017978495094938529 0.055557733619308679 -0.17552355617728263 0.041103789869380083 -0.035841771344600218 0.032467827971579967
leaf_weight=11781 29800 10083 18620 47914 803 30288 35010 3323 44951 41700 31698 67352 30288 11190 28216 3678 17722 76615 915 20710 52757 14314
leaf_count=11781 29800 10083 18620 47914 803 30288 35010 3323 44951 41700 31698 67352 30288 11190 28216 3678 17722 76615 915 20710 52757 14314
internal_value=-0.000194583 0.00156594 -0.00547433 0.00359024 0.000209577 0.000600806 -0.000243101 0.00516913 0.000919074 -0.00469367 -0.000551486 -0.00552185 0.0034 -0.00459941 0.00123949 -0.00234452 0.00305608 0.00650851 0.0019639 0.00239105 -0.00191003 0.00139444
internal_weight=629728 472256 157472 189474 282782 261509 200933 113344 129381 138852 76649 109052 60576 21273 76130 71552 52732 79938 33406 32491 67874 15117
internal_count=629728 472256 157472 189474 282782 261509 200933 113344 129381 138852 76649 109052 60576 21273 76130 71552 52732 79938 33406 32491 67874 15117
cat_boundaries=0 1 2 3 4 5
cat_threshold=11 128 3 3 128
is_linear=0
shrinkage=0.045


Tree=22
num_leaves=23
num_cat=4
split_feature=0 1 0 13 18 1 12 15 4 5 2 12 2 2 0 14 2 10 2 4 7 4
split_gain=2687.12 599.513 357.277 312.845 243.993 277.242 235.914 228.955 183.164 170.684 161.356 160.913 149.449 123.032 115.698 112.437 105.76 120.408 104.969 104.809 146.571 178.82
threshold=0.61950615048408519 8.2500000000000018 1.7624713778495791 5.4200000000000017 -6.1399999999999988 20.000000000000004 3.5000000000000004 12.405000000000003 0 1 65.500000000000014 6.5000000000000009 195.50000000000003 219.50000000000003 0.4205897748470307 93.385000000000005 49.500000000000007 33.666270593799446 2.5000000000000004 2 18.555000000000003 3
decision_type=2 2 2 2 8 2 2 10 1 1 2 2 2 2 2 2 2 2 2 1 2 1
left_child=1 3 10 7 -3 6 15 -1 -8 -7 16 13 -10 -12 -5 18 17 -2 -6 -9 -21 -22
right_child=2 4 -4 14 5 9 8 19 12 -11 11 -13 -14 -15 -16 -17 -18 -19 -20 20 21 -23
leaf_value=0.021321339602309801 -0.074839390436079775 -0.11415720498408705 -3.4334578160636604 0.034307181092276769 0.29785874127880185 0.06133810117027079 0.035397950963626038 0.062278835448221402 -0.025152114265311328 0.0064887463561834344 -0.29811746355472457 -0.037010078062943881 0.014925411492417684 -0.15339334770401056 -0.0048861935392873514 -0.15337622542991899 0.17312690005346582 -0.62614574858059413 -0.026235727154230396 0.046426478626528558 0.058070514482797958 -0.056232585152404847
leaf_weight=32897 20956 9769 18620 36988 832 33258 53359 44629 45404 33258 52740 15172 31921 42176 40445 3738 7504 2736 69427 26747 2538 4614
leaf_count=32897 20956 9769 18620 36988 832 33258 53359 44629 45404 33258 52740 15172 31921 42176 40445 3738 7504 2736 69427 26747 2538 4614
internal_value=-0.000206088 0.00150882 -0.00524474 0.00346947 0.000190911 0.000442618 -0.000377596 0.00499625 0.000772003 0.00296649 -0.00447242 -0.00528195 -0.000627546 -0.00596978 0.00127239 -0.00240784 -0.00161549 -0.00309002 -0.00200307 0.0063165 0.00442489 -0.00129578
internal_weight=629728 469824 159904 188858 280966 271197 204681 111425 130684 66516 141284 110088 77325 94916 77433 73997 31196 23692 70259 78528 33899 7152
internal_count=629728 469824 159904 188858 280966 271197 204681 111425 130684 66516 141284 110088 77325 94916 77433 73997 31196 23692 70259 78528 33899 7152
cat_boundaries=0 1 2 3 4
cat_threshold=11 3 78 1
is_linear=0
shrinkage=0.045


Tree=23
num_leaves=23
num_cat=7
split_feature=0 0 2 13 2 3 10 18 3 4 7 2 2 2 5 4 2 2 10 4 4 12
split_gain=2501.01 625.421 657.573 296.717 195.142 189.951 174.261 157.274 134.538 129.165 195.005 169.237 142.256 141.335 126 123.922 274.725 119.9 119.149 143.98 109.712 268.032
threshold=0.67181223630905162 0.44996191561222082 113.50000000000001 126.97500000000001 323.50000000000006 0 9.7003721270747363 -5.8999999999999995 1 2 20.785000000000004 256.50000000000006 195.50000000000003 91.500000000000014 3 4 201.50000000000003 103.50000000000001 4.9786368469297004 5 6 -1.0000000180025095e-35
decision_type=2 2 2 2 2 1 2 8 1 1 2 2 2 2 1 1 2 2 2 1 1 2
left_child=1 2 6 5 8 -2 17 14 -4 12 -11 -12 13 -9 -3 16 -10 20 -6 -20 21 -1
right_child=3 7 4 -5 18 -7 -8 9 15 10 11 -13 -14 -15 -16 -17 -18 -19 19 -21 -22 -23
leaf_value=-0.030169243768462247 -0.094338011315068276 -0.021136904177672569 0.0076147247024901145 -3.5801278094289213 0.10033167897765301 -0.2530833722261765 -0.023554058071134757 -0.031987497913328097 -0.033608212238061333 -0.0078246913574302017 0.092293076167417901 -0.029598179460940854 0.0049661496645978442 -0.11791755043007163 -0.13587789168133477 0.046253201175924935 0.043085667992726853 -0.084096495460673215 0.0416832779916151 -0.023999032093561252 0.0090808273903916978 0.11632121143544417
leaf_weight=7216 26764 8826 14556 17832 4784 91312 61128 13568 8896 85032 13672 5168 16968 9368 8826 121192 12860 4000 13408 19900 50532 13920
leaf_count=7216 26764 8826 14556 17832 4784 91312 61128 13568 8896 85032 13672 5168 16968 9368 8826 121192 12860 4000 13408 19900 50532 13920
internal_value=-0.000213091 0.00127467 0.0023907 -0.00561879 0.00406454 -0.00480153 -2.63162e-06 -0.00102332 0.00476353 -0.000531131 0.000304956 0.00444698 -0.00270681 -0.00501831 -0.00503172 0.00518306 0.00205278 0.00144093 0.0011742 0.000220204 0.00186417 0.00458554
internal_weight=629728 493820 332392 135908 195596 118076 136796 161428 157504 143776 103872 18840 39904 22936 17652 142948 21756 75668 38092 33308 71668 21136
internal_count=629728 493820 332392 135908 195596 118076 136796 161428 157504 143776 103872 18840 39904 22936 17652 142948 21756 75668 38092 33308 71668 21136
cat_boundaries=0 1 2 3 4 5 6 7
cat_threshold=128 128 80 3 32 56 34
is_linear=0
shrinkage=0.045


Tree=24
num_leaves=23
num_cat=3
split_feature=0 1 0 13 1 18 1 15 5 2 2 16 11 0 12 10 4 0 2 2 5 18
split_gain=2336.48 516.348 340.567 276.779 229.395 300.819 237.406 198.175 182.287 162.753 202.909 158.95 156.203 147.551 123.927 118.198 112.436 110.23 103.164 114.7 102.915 97.5691
threshold=0.62417414784431469 8.2500000000000018 1.8633286952972414 5.110000000000003 20.000000000000004 -2.4350000000000018 14.000000000000002 12.405000000000003 0 89.500000000000014 219.50000000000003 9.3050000000000015 0.062500000000000014 0.39012818038463598 -2.4999999999999996 7.7540358572595069 1 0.4205897748470307 353.50000000000006 84.500000000000014 2 -3.4049999999999989
decision_type=2 2 2 2 2 10 2 10 1 2 2 10 2 2 2 2 1 2 2 2 1 8
left_child=1 3 9 7 5 20 11 18 -6 -2 -11 12 -7 14 -13 -8 -15 -5 19 -1 -3 -10
right_child=2 4 -4 17 8 6 15 -9 21 10 -12 13 -14 16 -16 -17 -18 -19 -20 -21 -22 -23
leaf_value=-0.024928186779132739 -0.084063018343598667 -0.029737841468700347 -4.0899722227995419 0.031831681971035593 0.055592734807440758 -0.063259032923958375 0.0069193037678555031 0.047733664002408416 -0.04321045218215526 -0.30372073257995569 -0.12164578255625251 -0.018965625081124603 0.075100745614349651 0.037266226208658354 0.038606965388859868 -0.047771577282512627 -0.01601760845954564 -0.0046307693652358362 -0.1818106567272566 0.038147688297945549 -0.11620412994222445 0.014566184948024407
leaf_weight=11211 45084 11282 16348 39941 36000 9763 24140 75805 9286 46168 49872 6513 1814 13086 54543 44876 31289 42159 883 19475 13476 26714
leaf_count=11211 45084 11282 16348 39941 36000 9763 24140 75805 9286 46168 49872 6513 1814 13086 54543 44876 31289 42159 883 19475 13476 26714
internal_value=-0.000210304 0.00137251 -0.0049571 0.0031903 0.000154517 -0.000594566 2.56416e-05 0.00469421 0.00234743 -0.00424472 -0.00529175 0.00126028 -0.00374449 0.00180989 0.00324503 -0.0020675 -0.000164781 0.00122336 0.00169831 0.00213504 -0.00525424 8.24725e-05
internal_weight=629728 472256 157472 189474 282782 210782 186024 107374 72000 141124 96040 117008 11577 105431 61056 69016 44375 82100 31569 30686 24758 36000
internal_count=629728 472256 157472 189474 282782 210782 186024 107374 72000 141124 96040 117008 11577 105431 61056 69016 44375 82100 31569 30686 24758 36000
cat_boundaries=0 1 2 3
cat_threshold=3 3 3
is_linear=0
shrinkage=0.045


Tree=25
num_leaves=23
num_cat=2
split_feature=0 0 2 0 3 2 10 18 2 2 0 7 8 7 13 4 7 2 10 2 7 10
split_gain=2212.35 527.026 566.866 289.102 176.846 167.59 155.812 142.626 128.868 235.198 126.105 130.08 145.213 125.228 121.794 119.461 178.153 154.093 139.195 130.36 132.62 112.388
threshold=0.67181223630905162 0.44996191561222082 113.50000000000001 1.8633286952972414 0 323.50000000000006 9.7003721270747363 -6.1399999999999988 117.50000000000001 123.50000000000001 0.37467223405838018 10.235000000000001 63.595000000000006 10.865 29.475000000000005 1 20.785000000000004 280.50000000000006 22.564404658351787 195.50000000000003 5.9350000000000014 4.9786368469297004
decision_type=2 2 2 2 1 2 2 8 2 2 2 2 2 2 2 1 2 2 2 2 2 2
left_child=1 2 6 4 -2 8 -1 -3 -4 13 11 -11 -13 -10 -6 19 -17 -18 -19 20 -9 -7
right_child=3 7 5 -5 14 21 -8 15 9 10 -12 12 -14 -15 -16 16 17 18 -20 -21 -22 -23
leaf_value=0.01845466685787777 -0.086010847883798328 -0.083578814530165121 0.17820402822530604 -3.905923472773563 -0.093282144895125818 0.094643751289360201 -0.022455330786886187 0.23133564874416432 -0.11162847206525095 0.031664469304240127 0.022330369748357753 0.074469202868982995 0.030610522522659056 0.025999245227611309 -0.42133139425772514 -0.0069003287852099967 0.083031550411318739 0.060187200274740164 -0.11715922640251927 0.0050587241210213419 -0.081687666187212932 0.0015447651705941439
leaf_weight=75668 27012 16244 3972 16348 32232 4784 61128 2128 3048 27896 52656 28688 38552 2692 60316 86096 15244 1948 1680 17068 21020 33308
leaf_count=75668 27012 16244 3972 16348 32232 4784 61128 2128 3048 27896 52656 28688 38552 2692 60316 86096 15244 1948 1680 17068 21020 33308
internal_value=-0.000216093 0.00118318 0.00220767 -0.00530027 -0.00453267 0.00376177 -1.44739e-05 -0.000926315 0.00440955 0.00420239 0.00454951 0.00552744 0.00659922 -0.00473354 -0.00546748 -0.000478868 0.000320204 0.0042797 -0.00405372 -0.00256389 -0.00476436 0.00108324
internal_weight=629728 493820 332392 135908 119560 195596 136796 161428 157504 153532 147792 95136 67240 5740 92548 145184 104968 18872 3628 40216 23148 38092
internal_count=629728 493820 332392 135908 119560 195596 136796 161428 157504 153532 147792 95136 67240 5740 92548 145184 104968 18872 3628 40216 23148 38092
cat_boundaries=0 1 2
cat_threshold=128 80
is_linear=0
shrinkage=0.045


Tree=26
num_leaves=23
num_cat=3
split_feature=0 0 2 0 3 2 15 18 2 4 1 2 2 16 2 2 7 0 7 8 17 5
split_gain=2064.63 484.846 518.81 284.752 164.694 152.402 144.828 139.344 126.323 121.5 167.456 118.872 116.996 133.782 115.671 218.324 121.917 115.223 120.568 125.338 114.929 262.828
threshold=0.67181223630905162 0.44778493046760565 113.50000000000001 1.8633286952972414 0 323.50000000000006 9.5350000000000019 -6.1399999999999988 4.5000000000000009 1 7.7500000000000009 89.500000000000014 6.5000000000000009 1.4750000000000003 117.50000000000001 123.50000000000001 7.1550000000000011 0.37467223405838018 10.665000000000001 63.595000000000006 2.8199999999999998 2
decision_type=2 2 2 2 1 2 8 8 2 1 2 2 2 10 2 2 2 2 2 2 10 1
left_child=1 2 6 4 -2 14 12 -3 -8 10 -10 -6 -1 -14 -4 16 -16 18 -17 -20 -9 -22
right_child=3 7 5 -5 11 -7 8 20 9 -11 -12 -13 13 -15 15 17 -18 -19 19 -21 21 -23
leaf_value=-0.3750245070239373 -0.08214035972902739 -0.08024378847408796 0.1706275691500754 -3.7301569164987525 -0.11572063952831595 0.011686862182474509 0.10410260397050634 0.004581724228988145 0.092697102855178459 -0.0076292632836340128 0.0059149718319773071 -0.27508231422309176 0.060718009509877574 -0.048493876447010024 -0.22433459421610738 0.031392203783208804 -0.012562720324759536 0.0213113919712292 0.071579485299599482 0.029666343076020601 0.018349570808590558 -0.078528191295065969
leaf_weight=1428 27012 16348 3932 16348 27848 37800 5616 103316 10241 74080 20127 64700 3092 21340 1260 31516 4436 51252 26880 36740 22208 22208
leaf_count=1428 27012 16348 3932 16348 27848 37800 5616 103316 10241 74080 20127 64700 3092 21340 1260 31516 4436 51252 26880 36740 22208 22208
internal_value=-0.000219237 0.00113251 0.00212716 -0.00513075 -0.00436895 0.00362195 -4.30381e-06 -0.000866366 0.000707712 0.000354141 0.00275066 -0.00527107 -0.00303457 -0.00230212 0.00424307 0.00404593 -0.00459635 0.00438227 0.00530892 0.00643645 -0.000430097 -0.00234432
internal_weight=629728 493820 329740 135908 119560 193816 135924 164080 110064 104448 30368 92548 25860 24432 156016 152084 5696 146388 95136 63620 147732 44416
internal_count=629728 493820 329740 135908 119560 193816 135924 164080 110064 104448 30368 92548 25860 24432 156016 152084 5696 146388 95136 63620 147732 44416
cat_boundaries=0 1 2 3
cat_threshold=128 34 12
is_linear=0
shrinkage=0.045


Tree=27
num_leaves=23
num_cat=6
split_feature=13 12 10 18 5 1 2 12 5 3 4 7 14 4 1 1 1 2 17 7 2 4
split_gain=1937.34 426.403 310.496 284.164 248.218 231.806 210.851 188.826 177.993 151.776 151.468 245.004 146.201 142.646 141.767 138.173 137.355 130.92 116.702 115.928 120.882 114.105
threshold=20.595000000000006 8.5000000000000018 42.365537408137442 -2.2000000000000015 0 19.000000000000004 113.50000000000001 2.5000000000000004 1 2 3 18.635000000000002 91.495000000000019 4 21.000000000000004 5.0000000000000009 13.000000000000002 29.500000000000004 -0.6599999999999997 19.895000000000003 145.50000000000003 5
decision_type=2 2 2 10 1 2 2 2 1 1 1 2 2 1 2 2 2 2 10 2 2 1
left_child=1 5 14 4 -3 7 13 12 -7 -8 11 -11 17 -5 15 -2 -9 -1 -10 20 -12 -18
right_child=2 3 -4 6 -6 8 9 16 18 10 19 -13 -14 -15 -16 -17 21 -19 -20 -21 -22 -23
leaf_value=0.019023535567110679 0.070941362100282346 0.030814215826478999 -0.74969721898480723 0.077169193512291526 -0.051865288723953441 -0.018008116057038972 -0.0061474493511526991 0.016243101558137317 0.045639798106403832 0.026889196941796877 0.10244735818040387 -0.062597108009822114 -0.20388372090570173 -0.0072167013733708228 0.048847004428111539 -0.17583877771244766 -0.096956165197967847 -0.042566603470056523 -0.029572691299334604 0.099243658703107002 0.035421535966737409 -0.009568722137273911
leaf_weight=14892 7560 18274 37768 14168 18274 20324 11892 70888 53253 28792 11608 4344 3872 36356 10436 92568 6840 46296 7719 7060 63388 43156
leaf_count=14892 7560 18274 37768 14168 18274 20324 11892 70888 53253 28792 11608 4344 3872 36356 10436 92568 6840 46296 7719 7060 63388 43156
internal_value=-0.000214878 0.00117062 -0.00471133 0.0026667 -0.000946785 -2.8289e-05 0.00341028 -0.000904617 0.00197606 0.00438789 0.00488733 0.00231733 -0.00285927 0.000951193 -0.0035079 -0.00402811 0.000147412 -0.00232244 0.00319141 0.00592466 0.00540614 -0.00165877
internal_weight=629728 481396 148332 214156 36548 267240 177608 185944 81296 127084 115192 33136 65060 50524 110564 100128 120884 61188 60972 82056 74996 49996
internal_count=629728 481396 148332 214156 36548 267240 177608 185944 81296 127084 115192 33136 65060 50524 110564 100128 120884 61188 60972 82056 74996 49996
cat_boundaries=0 1 2 3 4 5 6
cat_threshold=3 8 128 48 34 16
is_linear=0
shrinkage=0.045


Tree=28
num_leaves=23
num_cat=5
split_feature=0 0 2 0 3 10 2 2 2 2 4 7 4 4 7 2 2 13 4 17 8 17
split_gain=1827.53 521.179 479.682 237.378 171.637 157.213 157.032 150.965 213.4 145.922 138.348 170.045 129.232 128.561 175.242 185.668 117.586 114.185 113.774 111.381 103.965 102.949
threshold=0.75060486793518078 0.46766535937786108 113.50000000000001 2.0356715917587285 0 9.8273971060640513 32.500000000000007 195.50000000000003 283.50000000000006 323.50000000000006 1 25.405000000000005 2 3 18.555000000000003 129.50000000000003 103.50000000000001 4.7300000000000022 4 1.1400000000000017 48.070000000000007 0.57999999999999907
decision_type=2 2 2 2 1 2 2 2 2 2 1 2 1 1 2 2 2 2 1 10 2 10
left_child=1 2 5 4 -2 16 -3 12 17 13 11 -6 -8 14 15 -4 -1 -9 -10 -7 -14 -17
right_child=3 6 9 -5 10 19 7 8 18 -11 -12 -13 20 -15 -16 21 -18 -19 -20 -21 -22 -23
leaf_value=0.021711575709103016 -0.087818808482868507 0.044169045008946139 -0.082395852318535398 -4.6098136909686334 -0.2353704409254754 -0.0075434130550462363 -0.027901935912514299 0.079936359074727764 0.0050587975630154236 0.0091653482001025303 -0.36968772495480762 0.49322772733079345 -0.15392614946415692 0.038307879877030764 -0.052485948684200347 0.036212887794699368 -0.085835084523207303 0.015921716937705988 -0.068152332602166341 -0.084134678393979187 -0.060620486399570309 0.0012542715624478244
leaf_weight=76384 22520 22892 3992 13992 18508 47288 42292 3172 15052 40316 52704 2164 8532 120216 3932 27472 4096 32508 20584 16028 22516 12568
leaf_count=76384 22520 22892 3992 13992 18508 47288 42292 3172 15052 40316 52704 2164 8532 120216 3932 27472 4096 32508 20584 16028 22516 12568
internal_value=-0.000217593 0.000896984 0.00187961 -0.00549017 -0.00469108 -0.000119856 -0.00116911 -0.00171715 -0.000242926 0.00325859 -0.00574549 -0.00262159 -0.00315065 0.00384146 0.00187031 0.00268361 0.0011999 0.00221708 -0.00270596 -0.00179736 -0.0053548 0.00360634
internal_weight=629728 519840 352292 109888 95896 143796 167548 144656 71316 208496 73376 20672 73340 168180 47964 44032 80480 35680 35636 63316 31048 40040
internal_count=629728 519840 352292 109888 95896 143796 167548 144656 71316 208496 73376 20672 73340 168180 47964 44032 80480 35680 35636 63316 31048 40040
cat_boundaries=0 1 2 3 4 5
cat_threshold=128 65 46 48 97
is_linear=0
shrinkage=0.045


Tree=29
num_leaves=23
num_cat=4
split_feature=0 0 2 8 10 2 2 2 2 8 9 4 7 2 7 8 4 12 4 4 2 0
split_gain=1713.19 475.789 439.345 235.387 143.603 142.645 140.98 135.039 128.547 180.18 127.909 119.111 164.847 169.638 108.558 106.61 133.966 105.177 103.113 101.62 99.1145 98.3186
threshold=0.75060486793518078 0.46766535937786108 113.50000000000001 148.93000000000004 9.8273971060640513 32.500000000000007 159.50000000000003 323.50000000000006 283.50000000000006 79.780000000000015 47.096875000000004 0 18.555000000000003 129.50000000000003 19.745000000000001 55.815000000000005 1 4.5000000000000009 2 3 103.50000000000001 0.15369418263435367
decision_type=2 2 2 2 2 2 2 2 2 2 2 1 2 2 2 2 1 2 1 1 2 2
left_child=1 2 4 10 14 -3 19 11 9 -8 -2 12 13 -4 20 -6 -17 -5 -10 -7 -1 -9
right_child=3 5 7 17 15 6 8 21 18 -11 -12 -13 -14 -15 -16 16 -18 -19 -20 -21 -22 -23
leaf_value=0.017115689981481302 -0.24674297463866934 0.042181437983543568 -0.078688038964201318 -0.990200615230308 -0.056275120597577166 -0.035571672777893672 -0.021765664586530349 -0.14889933338690747 0.004831151672679725 0.035375586632383535 0.11322893523729467 0.036584025282564381 -0.050124080993411334 0.024107901897521395 0.10424036439753027 0.037139858041439926 -0.033123255455520265 -0.19956710468800767 -0.065085477635068861 -0.095910409268563299 -0.081972505719662969 0.014305146457461483
leaf_weight=74268 59616 22892 3992 33964 21528 33012 24872 2072 15052 26496 7904 120216 3932 40040 2116 17780 24008 8404 20584 24640 4096 38244
leaf_count=74268 59616 22892 3992 33964 21528 33012 24872 2072 15052 26496 7904 120216 3932 40040 2116 17780 24008 8404 20584 24640 4096 38244
internal_value=-0.000221809 0.000857337 0.0017962 -0.00532678 -0.000117352 -0.00111674 -0.00163907 0.00311593 -0.000495483 0.000945201 -0.0036768 0.00367664 0.00177933 0.00256813 0.00114398 -0.0017206 -0.00039519 -0.00795598 -0.00257211 -0.00336481 0.000872253 0.000776824
internal_weight=629728 519840 352292 109888 143796 167548 144656 208496 87004 51368 67520 168180 47964 44032 80480 63316 41788 42368 35636 57652 78364 40316
internal_count=629728 519840 352292 109888 143796 167548 144656 208496 87004 51368 67520 168180 47964 44032 80480 63316 41788 42368 35636 57652 78364 40316
cat_boundaries=0 1 2 3 4
cat_threshold=48 35 97 46
is_linear=0
shrinkage=0.045


Tree=30
num_leaves=23
num_cat=4
split_feature=0 0 2 0 3 18 4 7 5 2 2 1 15 0 2 16 4 7 2 2 2 10
split_gain=1591.6 482.792 372.466 218.887 159.352 145.495 142.315 141.809 137.139 134.329 168.362 133.967 131.668 123.169 116.95 122.618 116.101 198.202 144.642 131.258 141.955 128.979
threshold=0.79550263285636913 0.44778493046760565 113.50000000000001 2.0356715917587285 0 -8.3249999999999975 1 23.450000000000006 2 117.50000000000001 123.50000000000001 20.000000000000004 9.5350000000000019 0.15369418263435367 6.5000000000000009 1.4750000000000003 3 17.795000000000005 269.50000000000006 195.50000000000003 91.500000000000014 26.007746667202607
decision_type=2 2 2 2 1 8 1 2 1 2 2 2 8 2 2 10 1 2 2 2 2 2
left_child=1 2 12 4 -2 8 7 -6 -3 -4 -11 16 14 -12 -1 -16 19 -18 -19 20 -7 -20
right_child=3 5 9 -5 6 11 -8 -9 -10 10 13 -13 -14 -15 15 -17 17 18 21 -21 -22 -23
leaf_value=-0.35791169220710889 -0.084130189682722761 -0.021763354471742255 0.15940568657625853 -4.3578130471896817 -0.2439105420978798 -0.041939384265399476 -0.40644133675686911 0.42078677392301361 -0.18779662059297073 -0.050227753893620358 -0.048430577643229215 0.019560060734056896 0.0091567311842799329 0.027505424493933443 0.05906294047120289 -0.045546568843879476 -0.029614558500980204 0.05075004569467776 0.0032851553602808031 -0.0034376677082574641 -0.13287215616147011 -0.11440462038448584
leaf_weight=1428 20172 7990 3932 13992 15580 14340 46248 2240 7990 5696 5464 39932 110064 178724 3092 21340 66648 30240 6468 16488 9416 2244
leaf_count=1428 20172 7990 3932 13992 15580 14340 46248 2240 7990 5696 5464 39932 110064 178724 3092 21340 66648 30240 6468 16488 9416 2244
internal_value=-0.000217879 0.000754716 0.0018156 -0.00548013 -0.00461421 -0.000979143 -0.00571208 -0.00229139 -0.00509917 0.00308214 0.00291159 -0.000624697 9.60081e-06 0.00314724 -0.00287971 -0.00214742 -0.00125701 -0.000472958 0.00207707 -0.00331329 -0.005455 -0.00303133
internal_weight=629728 531496 329740 98232 84240 201756 64068 17820 15980 193816 189884 185776 135924 184188 25860 24432 145844 105600 38952 40244 23756 8712
internal_count=629728 531496 329740 98232 84240 201756 64068 17820 15980 193816 189884 185776 135924 184188 25860 24432 145844 105600 38952 40244 23756 8712
cat_boundaries=0 1 2 3 4
cat_threshold=128 65 3 80
is_linear=0
shrinkage=0.045


Tree=31
num_leaves=23
num_cat=5
split_feature=0 0 2 0 3 2 2 2 4 7 10 2 8 4 7 4 7 2 4 10 1 10
split_gain=1479.89 464.194 364.584 206.164 147.17 146.828 147.161 214.32 137.015 129.847 127.82 118.668 114.029 108.954 137.778 108.384 149.032 151.286 107.866 127.681 118.394 105.689
threshold=0.81413501501083385 0.46766535937786108 113.50000000000001 2.0356715917587285 0 32.500000000000007 203.50000000000003 251.50000000000003 1 19.995000000000001 9.8273971060640513 323.50000000000006 70.535000000000011 2 19.315000000000001 3 18.555000000000003 129.50000000000003 4 3.7489656525387995 7.5000000000000009 11.549442035894929
decision_type=2 2 2 2 1 2 2 2 1 2 2 2 2 1 2 1 2 2 1 2 2 2
left_child=1 2 10 4 -2 -3 13 12 9 -6 18 15 -8 14 -7 16 17 -4 19 -1 -20 -17
right_child=3 5 11 -5 8 6 7 -9 -10 -11 -12 -13 -14 -15 -16 21 -18 -19 20 -21 -22 -23
leaf_value=0.13844154606449866 -0.08273480941360746 0.041777575217738297 -0.074069200325147661 -4.1617114600661456 -0.2949499787599198 -0.042550481655715906 -0.011008824563025172 -0.023935098124110255 -0.41797840994318325 0.28624865865907501 -0.02112697243509333 0.0075781392011100082 0.063199695688748767 -0.076264786383719932 0.090664771180241174 0.05227048185597033 -0.048560942558888841 0.021900354968147802 0.066149721265621311 -0.026663748684575418 0.0089077540868647189 0.024434488800489113
leaf_weight=944 19252 25328 3992 13992 12844 29336 7256 54140 43668 3920 63316 40316 13472 47808 6420 44508 3932 40040 19762 20836 38938 75708
leaf_count=944 19252 25328 3992 13992 12844 29336 7256 54140 43668 3920 63316 40316 13472 47808 6420 44508 3932 40040 19762 20836 38938 75708
internal_value=-0.000223739 0.000688196 0.00164458 -0.0054421 -0.00455726 -0.00114531 -0.00165391 -0.000204955 -0.00564845 -0.00218616 -9.85758e-05 0.00284679 0.00368596 -0.00295204 -0.00107191 0.00337242 0.00156266 0.00231264 0.00109142 -0.00161275 0.00209472 0.00409397
internal_weight=629728 536052 352292 93676 79684 183760 158432 74868 60432 16764 143796 208496 20728 83564 35756 168180 47964 44032 80480 21780 58700 120216
internal_count=629728 536052 352292 93676 79684 183760 158432 74868 60432 16764 143796 208496 20728 83564 35756 168180 47964 44032 80480 21780 58700 120216
cat_boundaries=0 1 2 3 4 5
cat_threshold=128 65 14 48 65
is_linear=0
shrinkage=0.045


Tree=32
num_leaves=23
num_cat=5
split_feature=0 0 2 13 18 5 2 2 4 2 17 5 3 5 15 2 2 0 0 1 2 7
split_gain=1389.55 411.773 317.512 215.493 145.196 169.654 143.536 154.564 138.797 140.208 137.213 322.925 124.161 121.924 121.82 128.102 115.717 114.956 114.434 115.475 102.201 101.168
threshold=0.79550263285636913 0.43504634499549871 113.50000000000001 178.25000000000003 -6.1399999999999988 0 117.50000000000001 123.50000000000001 1 67.500000000000014 1.1800000000000008 2 3 4 9.5350000000000019 4.5000000000000009 6.5000000000000009 0.15369418263435367 0.055271850898861892 11.000000000000002 307.50000000000006 10.865
decision_type=2 2 2 2 8 1 2 2 1 2 10 1 1 1 8 2 2 2 2 2 2 2
left_child=1 2 14 8 5 -3 -4 21 9 -2 13 -12 -10 -6 16 -16 -1 -9 -18 -20 -11 -8
right_child=3 4 6 -5 10 -7 7 17 12 20 11 -13 -14 -15 15 -17 18 -19 19 -21 -22 -23
leaf_value=-0.34242726511475641 0.28357020271465505 -0.0066923196396753834 0.16276260104995791 -4.4246596640897318 0.029097148962341932 -0.12797365954031745 -0.097618401370188582 -0.04747128344673985 -0.13205720105898736 -0.29903998054850967 0.016932501540860595 -0.065550864290344152 -0.37330146185005997 -0.010033485416280661 0.10059062176427282 0.0046151910589725259 0.027331227370098483 0.026162297915367415 0.00032938844129919316 -0.089011956573008449 0.38944339112923715 0.020074787928043344
leaf_weight=1420 5048 13968 3740 13324 52574 13968 2940 5464 14584 15816 41980 41980 46704 52574 5316 99384 4908 169264 9408 10048 2756 2560
leaf_count=1420 5048 13968 3740 13324 52574 13968 2940 5464 14584 15816 41980 41980 46704 52574 5316 99384 4908 169264 9408 10048 2756 2560
internal_value=-0.000224239 0.000684528 0.00172513 -0.00514114 -0.000823097 -0.00385121 0.00292939 0.00274824 -0.00430603 -0.00137293 -0.000375734 -0.00173221 -0.00543524 0.000707418 2.72443e-05 0.000709585 -0.00274335 0.00298206 -0.0020149 -0.00356383 -0.00318106 -0.0046783
internal_weight=629728 531496 314452 98232 217044 27936 183968 180228 84908 23620 189108 83960 61288 105148 130484 104700 25784 174728 24364 19456 18572 5500
internal_count=629728 531496 314452 98232 217044 27936 183968 180228 84908 23620 189108 83960 61288 105148 130484 104700 25784 174728 24364 19456 18572 5500
cat_boundaries=0 1 2 3 4 5
cat_threshold=3 65 12 128 3
is_linear=0
shrinkage=0.045


Tree=33
num_leaves=23
num_cat=6
split_feature=0 0 2 13 4 1 3 18 5 2 2 10 12 2 5 10 7 17 18 5 17 5
split_gain=1304.08 422.35 306.051 177.574 135.182 128.11 126.08 123.099 195.915 121.024 135.912 118.71 117.243 116.454 113.045 107.268 107.086 104.887 104.663 128.371 241.957 122.194
threshold=0.86136361956596386 0.47000361979007726 113.50000000000001 178.25000000000003 0 21.000000000000004 1 -1.9799999999999995 2 111.50000000000001 258.50000000000006 9.8273971060640513 8.5000000000000018 117.50000000000001 3 3.9880628083990763 19.745000000000001 1.1400000000000017 -4.4199999999999955 4 2.3100000000000001 5
decision_type=2 2 2 2 1 2 1 8 1 2 2 2 2 2 1 2 2 10 10 1 10 1
left_child=1 2 11 4 9 18 -6 8 -4 -2 -11 16 15 -14 -7 -9 -1 -13 21 -20 -21 -3
right_child=3 5 7 -5 6 14 -8 12 -10 10 -12 17 13 -15 -16 -17 -18 -19 19 20 -22 -23
leaf_value=0.010567100031869165 0.2122214377853911 -0.024684606148170356 0.030038583762923041 -4.2255499792056934 -0.21816976911907826 0.064759040422594782 -0.48382055183118872 0.1180620391538388 -0.032113366106810391 -0.53815693606599835 0.17379069879757417 -0.0055944435854912754 0.22895619618684254 0.028845854684505429 -0.015503177253388411 0.012327358190380892 0.09530903959419712 -0.07849443518721437 0.0072152987615899519 0.0045748087895852536 -0.084389370377820336 -0.12489520112328986
leaf_weight=78704 6904 17044 14420 13324 18148 16700 32824 1972 14420 8020 4704 47548 1608 108460 16700 69220 2184 16172 61804 30832 30972 17044
leaf_count=78704 6904 17044 14420 13324 18148 16700 32824 1972 14420 8020 4704 47548 1608 108460 16700 69220 2184 16172 61804 30832 30972 17044
internal_value=-0.000228098 0.000574902 0.0014937 -0.00545034 -0.00455086 -0.00113055 -0.0057724 0.00259031 -0.00014042 -0.00137475 -0.00397808 -9.95782e-05 0.00302479 0.00394522 0.00140111 0.00160168 0.00104475 -0.00155221 -0.00166676 -0.00105792 -0.00250785 -0.0038743
internal_weight=629728 545804 354708 83924 70600 191096 50972 210100 28840 19628 12724 144608 181260 110068 33400 71192 80888 63720 157696 123608 61804 34088
internal_count=629728 545804 354708 83924 70600 191096 50972 210100 28840 19628 12724 144608 181260 110068 33400 71192 80888 63720 157696 123608 61804 34088
cat_boundaries=0 1 2 3 4 5 6
cat_threshold=65 192 3 3 12 3
is_linear=0
shrinkage=0.045


Tree=34
num_leaves=23
num_cat=6
split_feature=0 0 2 13 3 2 2 2 4 18 5 17 5 7 10 8 4 18 7 4 7 14
split_gain=1224.63 385.72 276.96 173.74 126.377 125.929 131.685 199.133 122.82 111.626 183.631 111.606 160.103 111.494 107.169 102.827 127.66 102.713 99.757 99.1603 120.625 97.6937
threshold=0.86136361956596386 0.47000361979007726 113.50000000000001 178.25000000000003 0 32.500000000000007 203.50000000000003 251.50000000000003 1 -1.9299999999999977 2 1.0900000000000007 3 19.995000000000001 9.8273971060640513 56.500000000000007 4 -3.069999999999999 19.745000000000001 5 19.315000000000001 37.545000000000016
decision_type=2 2 2 2 1 2 2 2 1 8 1 10 1 2 2 2 1 8 2 1 2 2
left_child=1 2 14 4 -2 17 19 21 13 10 -4 -11 -13 -6 18 -16 -17 -3 -1 20 -7 -8
right_child=3 5 9 -5 8 6 7 -9 -10 11 -12 12 -14 -15 15 16 -18 -19 -20 -21 -22 -23
leaf_value=0.010091580530435049 -0.081845846860371274 -0.040667748246489527 0.028566353400460747 -4.0354002301414376 -0.314562606869846 -0.04110157210966605 -0.0091391731689153266 -0.023983773632071267 -0.44864624550031551 0.028992944807494439 -0.03005290864860679 0.033545454987943188 -0.014149438999789732 0.27276915250598238 -0.050546832807282227 0.039395537982554685 -0.031752379079194912 0.076807675378101362 0.091020132812458229 -0.073544449870392145 0.089204327519606372 0.060728145831860647
leaf_weight=78704 17284 9028 14910 13324 11092 30544 7616 56040 38564 131932 14910 24174 24174 3660 22404 17592 23724 17384 2184 49640 6776 14068
leaf_count=78704 17284 9028 14910 13324 11092 30544 7616 56040 38564 131932 14910 24174 24174 3660 22404 17592 23724 17384 2184 49640 6776 14068
internal_value=-0.000232028 0.000546128 0.00142418 -0.0052927 -0.00440299 -0.00108368 -0.00154631 -0.000200319 -0.00548661 0.00246737 -8.29924e-05 0.00288922 0.00103961 -0.00199031 -9.14874e-05 -0.00147171 -0.000140496 0.00180075 0.000995797 -0.0027493 -0.000995661 0.00346122
internal_weight=629728 545804 354708 83924 70600 191096 164684 77724 53316 210100 29820 180280 48348 14752 144608 63720 41316 26412 80888 86960 37320 21684
internal_count=629728 545804 354708 83924 70600 191096 164684 77724 53316 210100 29820 180280 48348 14752 144608 63720 41316 26412 80888 86960 37320 21684
cat_boundaries=0 1 2 3 4 5 6
cat_threshold=128 65 3 12 35 14
is_linear=0
shrinkage=0.045


Tree=35
num_leaves=23
num_cat=4
split_feature=13 0 15 7 1 13 18 5 2 17 5 17 4 2 8 2 4 2 1 18 7 1
split_gain=1154.02 323.535 282.79 205.88 168.59 140.931 125.724 157.855 106.338 104.799 293.994 104.234 93.1636 102.622 97.8543 90.9053 108.582 94.117 89.8181 87.7463 81.3567 82.5226
threshold=29.475000000000005 0.42444087564945226 12.405000000000003 12.010000000000002 8.5000000000000018 111.23500000000001 -6.1399999999999988 0 82.500000000000014 2.6000000000000005 1 -8.2149999999999999 2 283.50000000000006 119.26500000000001 4.5000000000000009 3 123.50000000000001 6.0000000000000009 12.265000000000002 16.865000000000006 20.000000000000004
decision_type=2 2 8 2 2 2 8 1 2 10 1 10 1 2 2 2 1 2 2 10 2 2
left_child=1 2 8 -2 -4 18 7 -3 -1 12 19 -6 13 20 -15 16 -13 -17 -5 -11 21 -8
right_child=3 6 4 5 11 -7 9 -9 -10 10 -12 15 -14 14 -16 17 -18 -19 -20 -21 -22 -23
leaf_value=-0.042876992259702325 -0.081778270073610743 -0.0026817386136410268 0.029397264432571492 0.11301252137231951 -0.060916408072068405 -2.0324046632717896 -0.01511250990525409 -0.11729583104581856 0.0073652515909670415 -0.00035013998284654402 -0.069704454740056293 0.1587271516183095 -0.011176015656375131 0.0025736532542807063 -0.077675435109527943 -0.0025518044068338283 -0.016790162060664075 0.021741509884583423 -0.34344421182500834 0.1395610686340244 0.047265234871795958 0.041859685575942392
leaf_weight=30116 28656 13998 112838 3868 5794 17936 18768 13998 36816 25276 32970 2036 58124 13224 3796 50640 1312 62408 47648 7694 32028 9784
leaf_count=30116 28656 13998 112838 3868 5794 17936 18768 13998 36816 25276 32970 2036 58124 13224 3796 50640 1312 62408 47648 7694 32028 9784
internal_value=-0.000226311 0.000601245 0.00156939 -0.00471053 0.00230428 -0.00603464 -0.000671683 -0.00349739 -0.00101115 -0.000279373 -0.00175108 0.00114607 0.000435657 0.0014559 -0.00163112 0.00143933 0.00874478 0.00122282 -0.00483821 0.00125387 0.00232346 0.000576802
internal_weight=629728 531620 301960 98108 235028 69452 229660 27996 66932 201664 65940 122190 135724 77600 17020 116396 3348 113048 51516 32970 60580 28552
internal_count=629728 531620 301960 98108 235028 69452 229660 27996 66932 201664 65940 122190 135724 77600 17020 116396 3348 113048 51516 32970 60580 28552
cat_boundaries=0 1 2 3 4
cat_threshold=3 12 39 27
is_linear=0
shrinkage=0.045


Tree=36
num_leaves=23
num_cat=6
split_feature=13 0 15 10 1 18 3 5 1 13 4 2 5 4 7 2 4 2 2 9 10 1
split_gain=1076.67 328.513 256.302 199.462 149.51 144.005 135.188 129.405 116.192 114.088 128.779 126.186 108.103 103.926 102.954 98.4887 105.198 95.5535 94.7573 90.3973 84.6305 82.9204
threshold=33.155000000000008 0.42444087564945226 12.405000000000003 81.855202868017315 8.5000000000000018 -8.7100000000000009 0 1 20.000000000000004 5.4200000000000017 2 269.50000000000006 3 4 31.73 4.5000000000000009 5 82.500000000000014 123.50000000000001 25.511666666666674 4.1304393559524266 7.5000000000000009
decision_type=2 2 8 2 2 8 1 1 2 2 1 2 1 1 2 2 1 2 2 2 2 2
left_child=1 2 17 6 -4 7 -2 -3 9 10 11 14 -10 -8 -7 16 -6 -1 -17 -12 -20 -11
right_child=3 5 4 -5 15 8 13 -9 12 21 19 -13 -14 -15 -16 18 -18 -19 20 -21 -22 -23
leaf_value=-0.040947527608015725 -0.01638002368960861 -0.017827371909749899 0.028074387533105774 -1.2940476401403402 0.15201131556105707 0.06513704548328958 -0.13032504103291681 -0.17110855610847736 -0.023079515148662643 0.0027861880019189786 0.071907156762713961 -0.028496935294786866 0.035826603188393639 -0.40560959385994433 -0.46613474473661731 -0.0057083553389541105 -0.015359605411664356 0.0070338152693735249 0.089956903356850276 -0.034411001714178553 0.016002007061826223 -0.032214106644210969
leaf_weight=30116 16644 9088 112838 19368 2046 13908 13656 9088 11705 45420 628 3144 35115 35192 532 54482 1320 36816 2300 9620 62042 104660
leaf_count=30116 16644 9088 112838 19368 2046 13908 13656 9088 11705 45420 628 3144 35115 35192 532 54482 1320 36816 2300 9620 62042 104660
internal_value=-0.000224668 0.000509654 0.00150069 -0.00493949 0.00220031 -0.000722305 -0.00375286 -0.00457476 -0.000410686 -0.000935592 0.0017105 0.00404581 0.00158387 -0.00494576 0.00582676 0.00110961 0.00869804 -0.000956016 0.000894501 -0.00229825 0.00206383 -0.00142632
internal_weight=629728 544868 301960 84860 235028 242908 65492 18176 224732 177912 27832 17584 46820 48848 14440 122190 3366 66932 118824 10248 64342 150080
internal_count=629728 544868 301960 84860 235028 242908 65492 18176 224732 177912 27832 17584 46820 48848 14440 122190 3366 66932 118824 10248 64342 150080
cat_boundaries=0 1 2 3 4 5 6
cat_threshold=128 3 15 8 65 27
is_linear=0
shrinkage=0.045


Tree=37
num_leaves=23
num_cat=7
split_feature=0 0 15 13 1 18 5 1 4 13 4 2 3 2 2 2 4 1 10 5 1 5
split_gain=1003.3 320.133 231.861 170.448 138.547 130.03 141.394 120.782 120.773 113.614 114.875 148.155 102.952 101.311 98.0698 112.91 97.0314 95.5811 95.4579 90.8737 86.2979 108.554
threshold=0.89691463112831127 0.42645573616027838 12.575000000000001 178.25000000000003 8.5000000000000018 -8.3249999999999975 0 19.750000000000004 1 5.4200000000000017 2 269.50000000000006 3 4.5000000000000009 119.50000000000001 258.50000000000006 4 13.000000000000002 4.1304393559524266 5 7.5000000000000009 6
decision_type=2 2 8 2 2 8 1 2 1 2 1 2 1 2 2 2 1 2 2 1 2 1
left_child=1 2 17 8 -4 6 -3 9 14 10 11 -7 -10 16 -2 -16 -6 -1 -15 -9 -11 -22
right_child=3 5 4 -5 13 7 -8 19 12 20 -12 -13 -14 18 15 -17 -18 -19 -20 -21 21 -23
leaf_value=0.0036216783523463393 0.2291188670918535 -0.011298473691444783 0.02680897042007525 -3.7125244454128006 0.14517080636080951 0.068390482176969011 -0.16144507584881373 0.048811188014063381 -0.11651500869331227 0.0027752782480937998 -0.011185073145410732 -0.034329632987448788 -0.46233675498917459 0.078090957484318005 -0.54565222845812422 0.20103479671329075 -0.013617351534851097 -0.045585039049633201 0.006214470446334947 -0.0032750130862545324 -0.068654632717615224 -0.020565754406849181
leaf_weight=46892 6508 11636 112746 13324 2054 10300 11636 23194 11208 45504 14135 2293 34644 3786 6900 4308 1304 22504 115206 25708 25773 78165
leaf_count=46892 6508 11636 112746 13324 2054 10300 11636 23194 11208 45504 14135 2293 34644 3786 6900 4308 1304 22504 115206 25708 25773 78165
internal_value=-0.000220809 0.000449074 0.00142702 -0.005037 0.00210168 -0.000749982 -0.00395205 -0.000418862 -0.00406678 -0.000968088 0.00173401 0.004857 -0.00528552 0.00105299 -0.000908732 -0.0034603 0.00875893 -0.000858526 0.000835378 0.00155969 -0.00145138 -0.00216688
internal_weight=629728 552836 304492 76892 235096 248344 23272 225072 63568 176170 26728 12593 45852 122350 17716 11208 3358 69396 118992 48902 149442 103938
internal_count=629728 552836 304492 76892 235096 248344 23272 225072 63568 176170 26728 12593 45852 122350 17716 11208 3358 69396 118992 48902 149442 103938
cat_boundaries=0 1 2 3 4 5 6 7
cat_threshold=3 65 7 128 27 3 1
is_linear=0
shrinkage=0.045


Tree=38
num_leaves=23
num_cat=4
split_feature=0 0 15 13 17 18 5 4 2 2 2 8 9 4 14 12 1 2 3 1 16 12
split_gain=933.455 297.053 212.512 168.153 125.617 121.279 148.456 112.837 105.083 132.609 151.888 143.109 109.125 108.628 112.148 103.412 105.769 102.648 97.0185 95.0301 96.331 91.0835
threshold=0.89691463112831127 0.42645573616027838 10.985000000000001 178.25000000000003 -8.2149999999999999 -6.3699999999999992 0 1 32.500000000000007 203.50000000000003 269.50000000000006 85.265000000000015 47.096875000000004 2 76.115000000000023 -4.4999999999999991 5.0000000000000009 207.50000000000003 3 13.000000000000002 3.6850000000000005 8.5000000000000018
decision_type=2 2 8 2 8 8 1 1 2 2 2 2 2 1 2 2 2 2 1 2 10 2
left_child=1 2 19 7 -4 6 -3 -2 13 -10 11 17 -12 14 -7 -15 -17 -11 -9 -1 -21 -6
right_child=3 5 4 -5 21 8 -8 18 9 10 12 -13 -14 15 -16 16 -18 -19 -20 20 -22 -23
leaf_value=0.0015383671940563982 -0.070761663754984716 -0.0062973663116010778 -0.04704059344415111 -3.5454608453692251 0.012163507078969881 0.12560469978275657 -0.11672833820648601 -0.11127183330211321 -0.03063957611026083 0.11922684656376806 -0.0041538761664959142 0.05035926039139612 -0.086759464977931813 0.10330480491819324 -0.074024812682289901 0.088573207098280732 -0.064320080352336439 -0.012533901843700915 -0.44153160101466177 0.022794735371618906 -0.084840558986382833 0.023888043112375645
leaf_weight=32976 17716 17330 7308 13324 112488 11280 17330 11208 95836 1392 47088 19172 5068 4360 1196 3432 8976 15884 34644 3136 14012 134572
leaf_count=32976 17716 17330 7308 13324 112488 11280 17330 11208 95836 1392 47088 19172 5068 4360 1196 3432 8976 15884 34644 3136 14012 134572
internal_value=-0.000223524 0.000422619 0.00136466 -0.00486904 0.00189238 -0.000732406 -0.00320149 -0.00390538 -0.000331889 -0.000729254 0.000525642 0.00275432 -0.00103186 0.00217414 0.00535114 -0.000193087 -0.00228807 -0.000216171 -0.0050834 -0.00131339 -0.00403032 0.00206438
internal_weight=629728 552836 304492 76892 254368 248344 34660 63568 213684 184440 88604 36448 52156 29244 12476 16768 12408 17276 45852 50124 17148 247060
internal_count=629728 552836 304492 76892 254368 248344 34660 63568 213684 184440 88604 36448 52156 29244 12476 16768 12408 17276 45852 50124 17148 247060
cat_boundaries=0 1 2 3 4
cat_threshold=3 65 35 128
is_linear=0
shrinkage=0.045


Tree=39
num_leaves=23
num_cat=6
split_feature=13 18 5 17 5 10 0 17 5 18 2 7 3 18 4 1 1 3 14 8 12 17
split_gain=875.355 271.385 322.581 294.093 459.232 181.412 150.147 138.585 137.73 152.589 117.056 158.155 114.706 96.8727 86.3999 83.4732 86.5889 78.3553 76.0964 75.1099 73.5059 73.4906
threshold=33.155000000000008 -3.4049999999999989 0 1.2299999999999993 1 81.855202868017315 0.17795918881893161 4.0400000000000009 2 -0.97000000000000142 6.5000000000000009 0.7350000000000001 3 5.0400000000000009 4 17.500000000000004 7.7500000000000009 5 250.14500000000001 27.965000000000003 4.5000000000000009 -0.58999999999999886
decision_type=2 8 1 10 1 2 2 10 1 10 2 2 1 10 1 2 2 1 2 2 2 10
left_child=1 2 -1 6 -5 12 10 -6 13 -10 -3 19 -2 17 -14 16 -4 -8 -7 -12 -11 -19
right_child=5 3 15 4 7 18 8 -9 9 20 11 -13 14 -15 -16 -17 -18 21 -20 -21 -22 -23
leaf_value=0.014827325113143148 -0.0071288464218030806 -0.32440777746543686 -0.039758949634056961 0.023768360674968028 -0.019178760410593732 -3.9069064065346346 -0.0045143249161050045 -0.092366556427878305 -0.0080902427054384482 0.00097009219509604726 -0.017353623223069905 -0.037146755282428216 -0.11149332016155894 -0.032605712210909285 -0.35647735272184955 -0.040820874443200039 -0.15554406534411308 0.040996340519247686 -0.7263754271253966 0.077159883853658351 0.027300942522839395 0.018935840347290407
leaf_weight=39402 16644 1104 6424 74830 44502 5952 12068 30328 56330 25390 1672 19976 13656 6262 35192 21758 11220 80480 13416 3572 63320 46230
leaf_count=39402 16644 1104 6424 74830 44502 5952 12068 30328 56330 25390 1672 19976 13656 6262 35192 21758 11220 80480 13416 3572 63320 46230
internal_value=-0.000218951 0.00044317 -0.00199915 0.000856134 -0.000787474 -0.0044702 0.00163357 -0.00327991 0.00192887 0.000948074 -0.00162045 -0.000991991 -0.00333855 0.00290937 -0.00443737 -0.00487745 -0.00717868 0.00315661 -0.00829608 0.00596169 0.00211121 0.00348645
internal_weight=629728 544868 78804 466064 149660 84860 316404 74830 290080 145040 26324 25220 65492 145040 48848 39402 17644 138778 19368 5244 88710 126710
internal_count=629728 544868 78804 466064 149660 84860 316404 74830 290080 145040 26324 25220 65492 145040 48848 39402 17644 138778 19368 5244 88710 126710
cat_boundaries=0 1 2 3 4 5 6
cat_threshold=3 12 3 128 65 128
is_linear=0
shrinkage=0.045


Tree=40
num_leaves=23
num_cat=4
split_feature=0 0 2 13 10 2 2 4 16 7 2 2 4 1 5 1 8 18 5 17 18 17
split_gain=820.724 272.231 177.604 153.531 151.853 128.266 127.734 154.952 121.237 120.194 118.813 123.337 121.219 114.461 121.065 112.511 111.862 103.762 130.559 162.559 104.784 102.747
threshold=0.95591858029365551 0.47000361979007726 95.500000000000014 211.14500000000004 7.7540358572595069 101.50000000000001 113.50000000000001 0 9.5750000000000011 10.665000000000001 117.50000000000001 121.50000000000001 1 20.000000000000004 2 6.0000000000000009 148.93000000000004 -4.4199999999999955 3 2.8899999999999983 7.610000000000003 1.1400000000000017
decision_type=2 2 2 2 2 2 2 1 8 2 2 2 1 2 1 2 2 10 1 10 10 10
left_child=1 2 4 15 8 9 7 -7 -1 -4 -8 12 -12 17 -15 -2 21 -3 20 -20 -19 -6
right_child=3 13 5 -5 16 6 10 -9 -10 -11 11 -13 -14 14 -16 -17 -18 18 19 -21 -22 -23
leaf_value=-0.051361602102981338 0.24389150203218313 -0.086138453970188475 0.20169071378613665 -4.8045919298229363 -0.0026874610213071218 0.044500181489955118 0.12890830140432896 -0.068016421114848874 0.03831309223835544 0.016826168905649187 0.0327006838917046 0.016051781606466049 -0.14556529329637652 -0.038020634053582511 0.036768094605554538 -0.40507717439816898 -0.14533050016005322 -0.0099846166773961374 -0.0030763939669391244 -0.082038287302279217 0.083214674853834256 -0.072918477038813947
leaf_weight=7724 3956 30788 3440 11056 57712 4772 4304 8684 38064 3292 1920 201488 2388 12088 36264 52524 2952 46788 33156 31016 17384 17968
leaf_count=7724 3956 30788 3440 11056 57712 4772 4304 8684 38064 3292 1920 201488 2388 12088 36264 52524 2952 46788 33156 31016 17384 17968
internal_value=-0.000214163 0.00034891 0.00110626 -0.00490124 -0.000263659 0.00184639 0.00166205 -0.00258805 0.00179646 0.00796555 0.00193427 0.00177946 -0.0057529 -0.000945823 0.000971585 -0.0039517 -0.0014633 -0.00152843 -0.000965593 -0.0024006 0.000469743 -0.00112794
internal_weight=629728 562192 354708 67536 124420 230288 223556 13456 45788 6732 210100 205796 4308 207484 48352 56480 78632 159132 128344 64172 64172 75680
internal_count=629728 562192 354708 67536 124420 230288 223556 13456 45788 6732 210100 205796 4308 207484 48352 56480 78632 159132 128344 64172 64172 75680
cat_boundaries=0 1 2 3 4
cat_threshold=22 65 8 12
is_linear=0
shrinkage=0.045


Tree=41
num_leaves=23
num_cat=5
split_feature=13 12 1 5 7 17 2 18 17 7 4 2 5 2 7 4 2 9 17 4 2 12
split_gain=769.518 270.84 300.512 181.412 175.636 172.587 163.19 137.138 123.069 121.759 126.622 164.042 118.532 110.872 109.437 128.313 108.621 105.39 104.095 99.7347 96.3476 95.3406
threshold=42.775000000000013 6.5000000000000009 20.000000000000004 0 12.125000000000002 -6.0999999999999979 8.5000000000000018 -3.7999999999999896 1.1800000000000008 17.045000000000005 1 67.500000000000014 2 348.50000000000006 18.195000000000004 3 328.50000000000006 12.641250000000001 -0.58999999999999886 4 352.50000000000006 -10.499999999999998
decision_type=2 2 2 1 2 8 2 10 8 2 1 2 1 2 2 1 2 2 10 1 2 2
left_child=1 2 6 -4 -2 12 14 -8 -7 13 -11 -12 -3 21 15 -1 -13 -17 -5 -15 -21 -9
right_child=4 5 3 18 -6 8 7 9 -10 10 11 16 -14 19 -16 17 -18 -19 -20 20 -22 -23
leaf_value=-0.02657262572807444 -0.062382236786676308 0.05796273147870093 -0.022161760341448677 0.041432597389100941 -0.71324790485478196 0.02126610861736232 -0.10406023184350821 0.050539771592776846 0.0036512980892343012 -0.051770605593948714 0.14301895583501345 -0.027123779860014217 -0.10277968893588528 0.099915398890129695 -0.049085854429422933 -0.046264835057486284 0.07958957807006993 0.20240325842559481 -0.032729746295883599 0.072541357499152415 -0.028007855241981634 -0.037145647924983045
leaf_weight=2200 14912 2748 23338 60957 47376 159196 25108 5016 101700 12136 9664 14152 8244 2776 1964 928 3884 4156 9057 812 4572 114832
leaf_count=2200 14912 2748 23338 60957 47376 159196 25108 5016 101700 12136 9664 14152 8244 2776 1964 928 3884 4156 9057 812 4572 114832
internal_value=-0.000214521 0.000306666 -0.00063628 0.00147551 -0.00496235 0.00133168 -0.00161126 -0.00189115 0.0015644 -0.00142711 0.000745519 0.0024244 -0.00419138 -0.00210323 0.00422757 0.00676915 -0.000109768 0.0106849 0.0026206 0.0029717 -0.000608784 -0.00244881
internal_weight=629728 567440 295552 93352 62288 271888 202200 192952 260896 167844 39836 27700 10992 128008 9248 7284 18036 5084 70014 8160 5384 119848
internal_count=629728 567440 295552 93352 62288 271888 202200 192952 260896 167844 39836 27700 10992 128008 9248 7284 18036 5084 70014 8160 5384 119848
cat_boundaries=0 1 2 3 4 5
cat_threshold=8 24 1 20 48
is_linear=0
shrinkage=0.045


Tree=42
num_leaves=23
num_cat=6
split_feature=13 1 1 18 1 1 13 5 18 3 5 17 3 12 17 16 11 5 17 4 2 2
split_gain=708.331 228.159 190.709 182.203 197.753 194.825 181.261 166.265 166.414 161.381 136.563 135.266 113.835 112.395 101.197 87.9438 119.76 83.3604 76.0177 73.2186 78.7545 70.2409
threshold=35.495000000000012 8.2500000000000018 21.000000000000004 -1.8299999999999994 14.000000000000002 17.250000000000004 211.14500000000004 0 8.2750000000000039 1 2 1.1800000000000008 3 1.5000000000000002 2.0000000000000009 9.3050000000000015 0.062500000000000014 4 -0.6599999999999997 5 125.50000000000001 258.50000000000006
decision_type=2 2 2 10 2 2 2 1 10 1 1 8 1 2 10 10 2 1 10 1 2 2
left_child=1 9 3 5 15 17 12 13 -9 -1 -4 -11 -2 14 -6 16 -5 -3 -12 20 -14 -22
right_child=6 2 10 4 7 -7 -8 8 -10 11 18 -13 19 -15 -16 -17 -18 -19 -20 -21 21 -23
leaf_value=-0.04747311558634109 -0.0070740813526313515 -0.045273530949229569 -0.017665512719138205 -0.052231431738415629 -0.0060197413897736512 -0.0092493573431390395 -4.5568013108833538 -0.028533817085757886 -0.14359277453777888 0.026375175285823321 0.040588933051619258 0.0046961606271829293 0.22918372804104439 -0.026745616853564195 0.1780494435945266 0.01340327339035377 0.064250641963617613 -0.11388439941384156 -0.027722752905013581 -0.3807725963256719 -0.4799886005328689 0.18581095410853299
leaf_weight=21504 16372 14073 18337 8905 9776 30637 11056 32714 13498 111605 48723 72648 4660 27406 9030 108660 1648 16188 6288 36332 6564 3104
leaf_count=21504 16372 14073 18337 8905 9776 30637 11056 32714 13498 111605 48723 72648 4660 27406 9030 108660 1648 16188 6288 36332 6564 3104
internal_value=-0.000209804 0.000358031 -0.000347825 -0.000895998 -0.000271843 -0.00306502 -0.00422109 -0.00183406 -0.00374221 0.00154459 0.00168896 0.00197508 -0.00334039 7.49611e-05 0.00275388 0.000939332 -0.00298224 -0.00562593 0.00280969 -0.00439414 -0.00166632 -0.00398345
internal_weight=629728 551640 345883 272535 211637 60898 78088 92424 46212 205757 73348 184253 67032 46212 18806 119213 10553 30261 55011 50660 14328 9668
internal_count=629728 551640 345883 272535 211637 60898 78088 92424 46212 205757 73348 184253 67032 46212 18806 119213 10553 30261 55011 50660 14328 9668
cat_boundaries=0 1 2 3 4 5 6
cat_threshold=12 128 8 128 3 65
is_linear=0
shrinkage=0.045


Tree=43
num_leaves=23
num_cat=7
split_feature=0 17 5 18 5 13 1 1 12 4 3 2 4 2 2 1 2 18 5 14 3 16
split_gain=670.349 229.934 406.225 229.558 375.182 157.811 123.028 146.382 147.563 159.197 131.316 105.573 101.311 104.573 106.355 99.658 138.97 96.2344 93.7759 91.9932 91.7274 89.745
threshold=0.95591858029365551 2.8899999999999983 0 -3.4049999999999989 1 211.14500000000004 8.5000000000000018 19.000000000000004 3.5000000000000004 2 3 26.500000000000004 4 125.50000000000001 258.50000000000006 5.7500000000000009 177.50000000000003 3.9199999999999915 5 70.265000000000029 6 9.3050000000000015
decision_type=2 10 1 8 1 2 2 2 2 1 1 2 1 2 2 2 2 10 1 2 1 10
left_child=1 3 17 4 -1 12 10 8 -8 19 -5 -11 13 -2 -15 -12 -17 -3 -4 21 -14 -10
right_child=5 2 18 6 -6 -7 7 -9 9 11 15 -13 20 14 -16 16 -18 -19 -20 -21 -22 -23
leaf_value=0.02553424551467506 0.32838537547311836 -0.014881394917820591 -0.041898848923264863 -0.035440935522860782 -0.068959019130177282 -4.3517452518936031 -0.025031626234483444 0.027374362001629349 -0.052768597070306442 -0.10041407854374458 0.01715271089308321 -0.0021871668819862938 -0.068182353426171363 -0.57372312282484172 0.27596415938370877 0.015018423318839506 0.054271997986085854 0.052278998502027309 -0.10186428856527906 -0.0046547777843490099 -0.46498565112591367 0.058002467227085477
leaf_weight=36984 5836 25206 26922 15486 36984 11056 53838 63072 2808 3844 117007 55560 9692 6488 3620 13206 17951 28638 26922 11158 30844 26606
leaf_count=36984 5836 25206 26922 15486 36984 11056 53838 63072 2808 3844 117007 55560 9692 6488 3620 13206 17951 28638 26922 11158 30844 26606
internal_value=-0.000207518 0.000301364 -0.00156825 0.000744347 -0.00154948 -0.0044435 0.00119022 0.000487371 -0.000261254 0.000761568 0.0021217 -0.000722533 -0.00348084 -0.00043996 -0.0032092 0.00253371 0.00479548 0.00119569 -0.00433155 0.00293391 -0.00467557 0.00425432
internal_weight=629728 562192 107688 454504 73968 67536 380536 216886 153814 99976 163650 59404 56480 15944 10108 148164 31157 53844 53844 40572 40536 29414
internal_count=629728 562192 107688 454504 73968 67536 380536 216886 153814 99976 163650 59404 56480 15944 10108 148164 31157 53844 53844 40572 40536 29414
cat_boundaries=0 1 2 3 4 5 6 7
cat_threshold=12 3 11 128 65 2 128
is_linear=0
shrinkage=0.045


Tree=44
num_leaves=23
num_cat=5
split_feature=13 15 17 5 1 7 5 18 17 15 5 17 13 18 16 5 17 18 7 4 7 8
split_gain=632.904 226.907 189.937 330.771 171.437 158.356 148.07 200.673 128.905 115.897 114.362 99.9356 89.5598 88.1521 86.5495 77.5119 76.851 73.6055 72.6643 84.3447 105.823 98.9131
threshold=43.985000000000007 28.015000000000004 1.2299999999999993 0 19.000000000000004 12.125000000000002 1 -1.0799999999999992 4.3800000000000026 12.575000000000001 2 -13.884999999999996 211.14500000000004 3.6299999999999977 13.665000000000001 3 3.5500000000000007 -10.819999999999995 17.795000000000005 4 35.860000000000007 186.33000000000001
decision_type=2 10 10 1 2 2 1 8 10 8 1 10 2 10 10 1 10 8 2 1 2 2
left_child=1 2 6 13 11 -2 9 -8 -5 -1 16 -3 -7 -4 -9 -10 -6 -12 -13 20 -20 -21
right_child=5 4 3 8 10 12 7 14 15 -11 17 18 -14 -15 -16 -17 -18 -19 19 21 -22 -23
leaf_value=-0.0052540166575813316 -0.030569681572009635 -0.15348000315778029 0.0015353933004913888 -0.014571385112943716 0.050732631877724983 -0.46846878190195113 -0.020366737336361119 -0.0040385831742137642 -0.047644767934775623 0.026906311453862106 -0.1584259683072573 -0.071185317710134755 -4.3172387782553692 0.045794922808741707 0.022449212836203151 -0.12724983722451444 -0.2132351163192911 -0.0053914530116419895 -0.15290362415956274 0.045604165434920428 0.59452740455292252 -0.076798372473204979
leaf_weight=22506 14048 7524 36048 43092 29472 35724 43846 31696 11781 120964 4948 46120 10220 30606 67928 11781 1964 26488 4216 23296 384 5076
leaf_count=22506 14048 7524 36048 43092 29472 35724 43846 31696 11781 120964 4948 46120 10220 30606 67928 11781 1964 26488 4216 23296 384 5076
internal_value=-0.00020766 0.000255275 0.000790886 -0.00061267 -0.00125045 -0.00460396 0.00144296 0.000420575 -0.00285393 0.00246512 0.000538219 -0.00254878 -0.00588234 0.00162879 0.0015371 -0.00553047 0.00245691 -0.00138085 -0.00207721 -0.000464002 -0.00610798 0.000453424
internal_weight=629728 569736 420248 133308 149488 59992 286940 143470 66654 143470 62872 86616 45944 66654 99624 23562 31436 31436 79092 32972 4600 28372
internal_count=629728 569736 420248 133308 149488 59992 286940 143470 66654 143470 62872 86616 45944 66654 99624 23562 31436 31436 79092 32972 4600 28372
cat_boundaries=0 1 2 3 4 5
cat_threshold=12 3 3 2 16
is_linear=0
shrinkage=0.045


Tree=45
num_leaves=23
num_cat=7
split_feature=13 12 1 2 7 5 17 18 7 4 2 2 4 2 5 2 7 4 9 4 4 15
split_gain=592.835 216.53 238.35 154.914 148.809 146.453 140.749 112.076 106.549 111.558 146.946 104.489 112.143 100.971 100.901 99.6633 98.6297 124.062 100.815 95.2102 90.0717 89.4605
threshold=43.985000000000007 6.5000000000000009 20.000000000000004 8.5000000000000018 12.125000000000002 0 -6.325000000000002 -3.7999999999999896 17.045000000000005 1 67.500000000000014 22.500000000000004 2 315.50000000000006 3 348.50000000000006 17.915000000000003 4 12.641250000000001 5 6 130.28500000000003
decision_type=2 2 2 2 2 1 8 10 2 1 2 2 1 2 1 2 2 1 2 1 1 10
left_child=1 2 3 16 -2 -4 14 -5 15 -10 20 12 -8 -12 -3 -9 17 -1 -19 -17 -11 -6
right_child=4 6 5 7 21 -7 11 8 9 10 13 -13 -14 -15 -16 19 -18 18 -20 -21 -22 -23
leaf_value=-0.024814892132390416 -0.029194045901269172 0.053341009003752986 0.041972390129630305 -0.0953427644495035 -0.40327680626029155 -0.0054285071459520516 0.040815246236914668 -0.030491757853390755 -0.04776309032360377 0.20629187496427509 -0.031690900519700693 0.014752835257497172 -0.10106140322197864 0.064638967934620262 -0.097578826494747736 0.094130765604679853 -0.046080105634013234 -0.041267634290148909 0.19635989471448015 -0.0045072654836780359 0.036495616977482867 -1.4419864044216764
leaf_weight=2204 14048 2588 46898 25708 29320 46898 5416 120560 12232 5632 13316 248852 7480 4900 7764 2776 2024 928 4108 5388 4064 16624
leaf_count=2204 14048 2588 46898 25708 29320 46898 5416 120560 12232 5632 13316 248852 7480 4900 7764 2776 2024 928 4108 5388 4064 16624
internal_value=-0.000205088 0.000242954 -0.000595841 -0.00145966 -0.00445995 0.00128142 0.00116047 -0.00173036 -0.00130894 0.00071514 0.00228513 0.00136401 -0.00258528 -9.63333e-05 -0.00398542 -0.00194017 0.00422512 0.00667978 0.0105636 0.00287105 0.00676067 -0.00569919
internal_weight=629728 569736 297636 203840 59992 93796 272100 194576 168868 40144 27912 261748 12896 18216 10352 128724 9264 7240 5036 8164 9696 45944
internal_count=629728 569736 297636 203840 59992 93796 272100 194576 168868 40144 27912 261748 12896 18216 10352 128724 9264 7240 5036 8164 9696 45944
cat_boundaries=0 1 2 3 4 5 6 7
cat_threshold=3 24 7 1 20 48 37
is_linear=0
shrinkage=0.045


Tree=46
num_leaves=23
num_cat=6
split_feature=15 0 1 17 5 5 0 3 7 2 7 18 1 15 4 7 18 5 16 4 2 12
split_gain=560.659 268.755 191.517 171.648 340.098 142.37 114.185 120.421 129.563 117.021 131.613 107.632 105.365 104.047 99.1515 98.1316 95.1786 119.729 94.8396 93.0226 142.952 102.07
threshold=28.955000000000002 1.8633286952972414 20.000000000000004 2.8899999999999983 0 1 0.17795918881893161 2 3.4000000000000008 6.5000000000000009 0.7350000000000001 -10.819999999999995 7.5000000000000009 46.165000000000006 3 19.995000000000001 -2.2000000000000015 4 38.885000000000012 5 6.5000000000000009 2.5000000000000004
decision_type=10 2 2 10 1 1 2 1 2 2 2 8 2 10 1 2 8 1 10 1 2 2
left_child=3 2 12 6 18 -4 9 -8 -9 -1 -11 -7 -2 -14 15 -15 17 -10 -5 20 -18 -22
right_child=1 -3 5 4 -6 11 7 8 16 10 -12 -13 13 14 -16 -17 19 -19 -20 -21 21 -23
leaf_value=-0.3088560597097702 0.00055638371065917173 -1.782574089277569 0.054745395220871303 0.0059433123696361421 -0.058144330310529603 -0.2244303749638131 -0.022796277117566023 0.097211883676088601 0.016848222616803375 0.044070533318542521 -0.033531252093735489 -0.0018290423618541063 -0.047362964641444849 -0.21793141672817584 -0.28535014740296349 0.37295186048883111 0.11692340662707343 -0.030678086291858801 0.14948603154117665 0.011042311131931194 -0.003355250628013332 0.032513040281976997
leaf_weight=1288 22930 16300 28694 30266 40554 7536 25928 11220 19634 6676 22936 21158 60122 7402 28798 2924 1876 19634 10288 175148 15872 52544
leaf_count=1288 22930 16300 28694 30266 40554 7536 25928 11220 19634 6676 22936 21158 60122 7402 28798 2924 1876 19634 10288 175148 15872 52544
internal_value=-0.000206731 -0.00220513 -0.00170286 0.000695434 -0.00117119 0.000441453 0.00112462 0.00137548 0.0016331 -0.00148825 -0.000910211 -0.00179962 -0.00271006 -0.00334526 -0.00515143 -0.00136245 0.00144621 -0.000610772 0.00174272 0.00177531 0.00315814 0.00282228
internal_weight=629728 195864 179564 433864 81108 57388 352756 321856 295928 30900 29612 28694 122176 99246 39124 10326 284708 39268 40554 245440 70292 68416
internal_count=629728 195864 179564 433864 81108 57388 352756 321856 295928 30900 29612 28694 122176 99246 39124 10326 284708 39268 40554 245440 70292 68416
cat_boundaries=0 1 2 3 4 5 6
cat_threshold=12 3 128 65 3 10
is_linear=0
shrinkage=0.045


Tree=47
num_leaves=23
num_cat=3
split_feature=0 17 5 13 5 18 17 18 4 1 1 2 2 1 1 1 18 12 1 1 1 18
split_gain=527.954 175.686 311.981 168.855 167.819 369.425 187.263 116.685 87.2912 85.7852 85.6298 85.5511 95.4835 78.0149 129.883 75.5999 75.4895 68.6998 68.6875 103.026 78.4875 68.003
threshold=0.89691463112831127 2.8899999999999983 0 211.14500000000004 1 -1.0400000000000016 0.500000000000001 -8.3249999999999975 2 14.000000000000002 22.000000000000004 119.50000000000001 258.50000000000006 18.500000000000004 7.7500000000000009 6.0000000000000009 6.8400000000000016 4.5000000000000009 8.2500000000000018 19.000000000000004 6.0000000000000009 8.2750000000000039
decision_type=2 10 1 2 1 8 10 10 1 2 2 2 2 2 2 2 10 2 2 2 2 10
left_child=1 4 16 8 6 7 18 -6 11 -4 15 -2 -13 14 -9 -10 -3 -7 20 -20 -1 -11
right_child=3 2 9 -5 5 17 -8 13 10 21 -12 12 -14 -15 -16 -17 -18 -19 19 -21 -22 -23
leaf_value=0.023158484676815756 0.25201662539430236 -0.0035829306699066052 -0.029350650671395584 -3.8272735055862017 -0.14072372093557065 -0.0014419583392485758 -0.0082083481705202601 -0.0060008642933508166 0.13755608365107011 -0.089415117026077073 0.44629446375427545 -0.42086623253091726 0.24606697811382189 -0.00030436434588693384 -0.059810011378668156 -0.32623866713736305 0.06918058871895845 0.01860737496045857 0.0020060649733725294 0.040682043110592828 0.059831495294371033 -0.17601234732738166
leaf_weight=52158 6592 32428 29260 11056 9462 50188 54262 23135 3548 13094 1424 7436 4412 26520 23815 42424 18808 92062 54788 47184 16790 8882
leaf_count=52158 6592 32428 29260 11056 9462 50188 54262 23135 3548 13094 1424 7436 4412 26520 23815 42424 18808 92062 54788 47184 16790 8882
internal_value=-0.00020373 0.000282207 -0.00139953 -0.00369743 0.000664859 -0.000203824 0.00153348 -0.00259092 -0.00283309 -0.00388201 -0.00385473 -0.000204856 -0.00249114 -0.00198504 -0.00308709 -0.00419226 0.00108355 0.00118786 0.00226472 0.00152289 0.00336178 -0.00600737
internal_weight=629728 552836 102472 76892 450364 225182 225182 82932 65836 51236 47396 18440 11848 73470 46950 45972 51236 142250 170920 101972 68948 21976
internal_count=629728 552836 102472 76892 450364 225182 225182 82932 65836 51236 47396 18440 11848 73470 46950 45972 51236 142250 170920 101972 68948 21976
cat_boundaries=0 1 2 3
cat_threshold=12 3 65
is_linear=0
shrinkage=0.045


Tree=48
num_leaves=23
num_cat=5
split_feature=0 12 1 2 13 5 17 10 2 4 5 12 12 10 1 4 2 7 7 4 15 17
split_gain=498.007 183.461 202.895 156.397 131.851 127.857 125.591 112.488 98.8847 109.543 93.396 87.2226 127.08 101.923 87.8533 95.4067 86.8014 92.0857 85.3254 115.694 93.0729 84.4818
threshold=1.0499022603034975 6.5000000000000009 20.000000000000004 8.5000000000000018 211.14500000000004 0 -6.0999999999999979 4.1304393559524266 22.500000000000004 1 2 -9.4999999999999982 3.5000000000000004 23.230992183247348 14.000000000000002 3 10.500000000000002 13.265000000000002 18.445000000000004 4 4.6850000000000014 -0.6599999999999997
decision_type=2 2 2 2 2 1 8 2 2 1 1 2 2 2 2 1 2 2 2 1 8 10
left_child=1 2 3 18 -2 -4 10 -5 9 16 -3 -9 13 -13 -14 -16 17 -8 19 -1 -21 -7
right_child=4 6 5 7 -6 21 8 11 -10 -11 -12 12 14 -15 15 -17 -18 -19 -20 20 -22 -23
leaf_value=-0.02422842672713213 -0.3087567676351885 0.051030359860550205 -0.019729461593282923 0.058583948261807732 -3.6550461978348232 0.035162249401704267 0.051270093490107881 0.027332175408121408 0.013467290031932849 -0.099469925188928665 -0.087732723056673304 -0.038632912982562821 0.008607685364956286 -0.15785695812743 -0.11427720705008744 -0.022718216624606012 0.22928832585461875 -0.1318327676427008 -0.041806911731569765 -0.10011387334989755 0.1860212399074774 -0.031356755655149518
leaf_weight=2224 44756 2740 23754 4192 11056 61368 2392 12632 248448 7292 8220 102564 42308 9936 3372 22520 1560 1428 1888 492 4692 9894
leaf_count=2224 44756 2740 23754 4192 11056 61368 2392 12632 248448 7292 8220 102564 42308 9936 3372 22520 1560 1428 1888 492 4692 9894
internal_value=-0.000197442 0.000197197 -0.000566678 -0.00135747 -0.00425538 0.00115462 0.00104461 -0.00162594 0.00124269 -0.00263453 -0.00367406 -0.00178409 -0.00203681 -0.00296595 -0.000504091 -0.00256855 0.00223665 -0.00141287 0.0043461 0.00652227 0.0101934 0.0021075
internal_weight=629728 573916 301836 206820 55812 95016 272080 197524 261120 12672 10960 193332 180700 112500 68200 25892 5380 3820 9296 7408 5184 71262
internal_count=629728 573916 301836 206820 55812 95016 272080 197524 261120 12672 10960 193332 180700 112500 68200 25892 5380 3820 9296 7408 5184 71262
cat_boundaries=0 1 2 3 4 5
cat_threshold=8 7 1 16 20
is_linear=0
shrinkage=0.045


Tree=49
num_leaves=23
num_cat=5
split_feature=15 0 1 17 5 5 5 18 17 2 2 4 7 2 2 18 15 5 18 18 10 1
split_gain=469.612 245.502 162.824 140.935 291.56 126.485 123.154 171.404 118.873 109.965 148.484 102.657 118.893 102.547 109.016 97.4167 87.523 85.6177 102.789 84.2202 79.9103 75.8422
threshold=28.955000000000002 2.1911162137985234 20.000000000000004 1.2299999999999993 0 1 2 -0.19999999999999749 6.1699999999999999 89.500000000000014 205.50000000000003 3 19.315000000000001 171.50000000000003 159.50000000000003 -10.819999999999995 12.575000000000001 4 7.610000000000003 -6.3699999999999992 5.5788980343238519 11.000000000000002
decision_type=10 2 2 10 1 1 1 8 10 2 2 1 2 2 2 8 8 1 10 10 2 2
left_child=3 2 9 6 8 -4 16 -8 -5 19 11 12 -11 14 -13 -7 -1 18 -6 -2 21 -21
right_child=1 -3 5 4 17 15 7 -9 -10 10 -12 13 -14 -15 -16 -17 -18 -19 -20 20 -22 -23
leaf_value=-0.0053485413943042135 -0.11400288056409051 -3.1069578735835779 0.050561006872194829 -0.029394720238444635 0.014309074451145824 -0.21538699551783214 -0.011656449669219122 0.01745536382110386 -0.17017117927960654 -0.18033040049308832 -0.05253083307136628 -0.27000340814985174 0.1976011987466485 -0.30971637324894363 0.18527077817935014 -0.0017459603252703859 0.023085870717262466 -0.0035437097935329671 0.1292961982287765 -0.23191583428887499 0.032189054924807024 0.030823759298598166
leaf_weight=22506 13816 11624 29148 26662 26879 7962 72046 75352 8105 16532 50692 5976 2880 5076 2132 21186 124892 69534 7888 1004 26924 912
leaf_count=22506 13816 11624 29148 26662 26879 7962 72046 75352 8105 16532 50692 5976 2880 5076 2132 21186 124892 69534 7888 1004 26924 912
internal_value=-0.000193297 -0.00202225 -0.00162202 0.000632373 -0.000548465 0.000344266 0.00118942 0.000269554 -0.00411649 -0.00253216 -0.00348373 -0.00585312 -0.00376467 -0.00891747 -0.00578175 -0.00175154 0.00210912 0.000641267 0.0024642 -0.000674082 0.000709902 -0.00816475
internal_weight=629728 195864 184240 433864 139068 58296 294796 147398 34767 125944 83288 32596 19412 13184 8108 29148 147398 104301 34767 42656 28840 1916
internal_count=629728 195864 184240 433864 139068 58296 294796 147398 34767 125944 83288 32596 19412 13184 8108 29148 147398 104301 34767 42656 28840 1916
cat_boundaries=0 1 2 3 4 5
cat_threshold=1 3 3 15 8
is_linear=0
shrinkage=0.045


Tree=50
num_leaves=23
num_cat=7
split_feature=13 18 17 5 10 5 1 1 18 1 1 3 4 14 7 12 14 5 16 4 4 2
split_gain=448.104 167.992 152.494 306.444 145.337 139.776 107.483 114.35 144.168 145.273 93.6684 91.2529 88.8083 84.5493 83.0487 81.7721 80.3739 79.5896 76.5118 73.4068 72.2921 69.6695
threshold=43.985000000000007 -6.3699999999999992 2.8899999999999983 0 81.855202868017315 1 8.5000000000000018 19.000000000000004 -0.97000000000000142 15.000000000000002 15.000000000000002 2 3 117.56500000000003 12.125000000000002 1.5000000000000002 131.79500000000004 4 20.985000000000003 5 6 8.5000000000000018
decision_type=2 8 10 1 2 1 2 2 10 2 2 1 1 2 2 2 2 1 10 1 1 2
left_child=1 5 6 -4 14 -1 11 8 16 12 -5 -3 13 15 20 18 17 -8 -10 -16 -2 -17
right_child=4 2 3 10 -6 -7 7 -9 9 -11 -12 -13 -14 -15 19 21 -18 -19 -20 -21 -22 -23
leaf_value=-0.13696488407426066 0.44438260309620964 -0.027747908260980485 0.021860828645084554 -0.028583127452069031 -1.0319552039023603 -0.026340687397035229 -0.00058680611631983792 0.017921169689633056 -0.041289671581722032 -0.030439170834500311 -0.13639583740315939 0.017638848159670505 -0.00028268243651427457 -0.019806528181005843 -0.13230279493088135 0.20259277219387453 -0.17000954466047627 -0.047119860216304418 0.10016806109945306 -0.5169881433654584 -0.12832716733999233 0.043301124495582578
leaf_weight=10935 4388 17576 50916 32260 17816 32805 16008 83720 3826 34588 18656 158094 52382 5874 13440 822 1820 20850 1334 16092 8256 27270
leaf_count=10935 4388 17576 50916 32260 17816 32805 16008 83720 3826 34588 18656 158094 52382 5874 13440 822 1820 20850 1334 16092 8256 27270
internal_value=-0.00019444 0.00019509 0.00041792 -0.00114584 -0.00389364 -0.00248445 0.000793345 0.000191049 -0.000497038 0.00024017 -0.00361393 0.00164531 0.00117922 0.00280086 -0.00245389 0.00368076 -0.00290034 -0.00244411 -0.00152557 -0.00376041 0.000597817 0.00463711
internal_weight=629728 569736 525996 101832 59992 43740 424164 248494 164774 126096 50916 175670 91508 39126 42176 33252 38678 36858 5160 29532 12644 28092
internal_count=629728 569736 525996 101832 59992 43740 424164 248494 164774 126096 50916 175670 91508 39126 42176 33252 38678 36858 5160 29532 12644 28092
cat_boundaries=0 1 2 3 4 5 6 7
cat_threshold=12 8 128 11 3 69 66
is_linear=0
shrinkage=0.045


Tree=51
num_leaves=23
num_cat=4
split_feature=13 12 1 2 10 10 8 0 18 5 4 8 9 2 2 4 9 5 17 2 0 2
split_gain=415.023 163.434 232.358 146.589 132.543 131.67 109.63 108.539 95.5145 162.025 109.944 135.644 136.942 93.6254 121.069 126.131 93.7743 88.1518 111.641 86.5979 86.3668 81.0098
threshold=50.125000000000007 4.5000000000000009 18.750000000000004 29.500000000000004 81.855202868017315 9.8273971060640513 103.90500000000002 0.030495272949337963 -1.9299999999999977 0 1 465.3300000000001 122.39708333333336 205.50000000000003 207.50000000000003 2 161.35520833333337 3 -0.58999999999999886 364.50000000000006 0.20074891299009326 362.50000000000006
decision_type=2 2 2 2 2 2 2 2 10 1 1 2 2 2 2 1 2 1 10 2 2 2
left_child=1 2 3 6 -2 -5 20 -7 9 -3 11 -10 -13 16 -15 19 -12 -4 -19 21 -1 -16
right_child=4 8 17 5 -6 7 -8 -9 10 -11 13 12 -14 14 15 -17 -18 18 -20 -21 -22 -23
leaf_value=-0.069053576963748878 -0.25646967500805279 0.017941220037202221 -0.015442220865277696 -0.011553487314855594 -1.111866293090767 0.064895597503552949 -0.15647462823480798 -0.080470195664275462 0.032326967416118783 -0.038143426685240282 -0.0039007939506845815 -0.087325672122420622 0.022558162436232536 0.11885793346381719 0.025989046683183692 -0.0049184758369399178 0.092436315462280746 0.029936397537877076 -0.04059102811051131 -0.12347905118491552 0.046451502381539382 0.26909041670390399
leaf_weight=2333 34064 28020 32921 50291 17056 736 2503 61109 69080 28020 112056 2500 2372 856 46576 30052 1236 69858 14865 600 21948 676
leaf_count=2333 34064 28020 32921 50291 17056 736 2503 61109 69080 28020 112056 2500 2372 856 46576 30052 1236 69858 14865 600 21948 676
internal_value=-0.000190796 0.00015259 -0.000694734 -0.00194095 -0.00407731 -0.00265534 0.00104999 -0.00404583 0.00082763 -0.000860783 0.00118334 0.00265751 -0.00459787 0.000615498 0.00180715 0.00162195 -0.000212897 0.000776864 0.00154461 0.00305647 0.00197453 0.00327306
internal_weight=629728 578608 256564 138920 51120 112136 26784 61845 322044 56040 266004 73952 4872 192052 78760 77904 113292 117644 84723 47852 24281 47252
internal_count=629728 578608 256564 138920 51120 112136 26784 61845 322044 56040 266004 73952 4872 192052 78760 77904 113292 117644 84723 47852 24281 47252
cat_boundaries=0 1 2 3 4
cat_threshold=3 10 97 8
is_linear=0
shrinkage=0.045


Tree=52
num_leaves=23
num_cat=6
split_feature=15 0 1 5 17 5 1 0 2 7 3 7 18 15 4 7 18 5 2 4 2 2
split_gain=394.256 234.167 135.355 117.507 116.708 253.085 94.9334 89.2746 107.951 121.924 94.2409 121.226 83.3292 80.1478 81.5135 85.1231 79.8666 82.7352 81.8806 86.4191 82.0782 93.0782
threshold=28.955000000000002 2.1911162137985234 19.500000000000004 0 2.8899999999999983 1 7.5000000000000009 0.17795918881893161 6.5000000000000009 0.7350000000000001 2 3.4000000000000008 -10.819999999999995 46.165000000000006 3 27.195000000000004 -2.2000000000000015 4 4.5000000000000009 5 127.50000000000001 145.50000000000003
decision_type=10 2 2 1 10 1 2 2 2 2 1 2 8 10 1 2 8 1 2 1 2 2
left_child=4 2 6 -4 7 -6 -2 8 -1 -10 -9 -12 -5 -8 15 -15 17 -13 19 -18 -20 -22
right_child=1 -3 3 12 5 -7 13 10 9 -11 11 16 -14 14 -16 -17 18 -19 20 -21 21 -23
leaf_value=-0.29492995981752146 0.0055807882995456649 -2.889526471537474 0.047562827115125265 -0.18567668218305586 -0.076190765186657128 0.0071195503090535611 -0.041643940979906362 -0.021262711434727667 0.042104247662716525 -0.03098731531530435 0.0908428152403008 -0.042967777008536899 -0.0016204176135877723 -0.1486762728844257 -0.26567954432247004 0.58632685956625041 -0.0088041576637476748 0.0047191625582509601 0.0037832945767000458 0.086563506902720855 0.047757142474885043 0.013162372152001141
leaf_weight=1288 23194 11624 29148 11386 20277 60831 55750 25928 6676 22936 11220 9817 26778 8934 27926 1124 1508 29451 89920 2680 11408 139924
leaf_count=1288 23194 11624 29148 11386 20277 60831 55750 25928 6676 22936 11220 9817 26778 8934 27926 1124 1508 29451 89920 2680 11408 139924
internal_value=-0.000184936 -0.00186074 -0.00146986 0.000137713 0.000571594 -0.000967575 -0.00239528 0.000925493 -0.00138486 -0.000829675 0.00114731 0.00137521 -0.00150527 -0.00303309 -0.00462723 -0.00114846 0.00119443 -0.00068984 0.00149589 0.0077327 0.00138756 0.00202737
internal_weight=629728 195864 184240 67312 433864 81108 116928 352756 30900 29612 321856 295928 38164 93734 37984 10058 284708 39268 245440 4188 241252 151332
internal_count=629728 195864 184240 67312 433864 81108 116928 352756 30900 29612 321856 295928 38164 93734 37984 10058 284708 39268 245440 4188 241252 151332
cat_boundaries=0 1 2 3 4 5 6
cat_threshold=3 1 128 65 8 68
is_linear=0
shrinkage=0.045


Tree=53
num_leaves=23
num_cat=5
split_feature=0 18 5 17 5 13 1 2 2 2 2 8 4 2 1 5 18 1 4 18 2 17
split_gain=369.205 135.752 196.968 140.753 301.327 131.988 131.105 92.0676 107.395 175.218 144 118.419 92.345 112.505 83.0337 81.744 96.0176 80.2782 77.2844 73.7311 68.764 67.8962
threshold=1.0499022603034975 -3.4049999999999989 0 1.1800000000000008 1 259.76000000000005 15.000000000000002 107.50000000000001 205.50000000000003 171.50000000000003 159.50000000000003 102.30500000000002 2 41.500000000000007 17.500000000000004 3 -0.19999999999999749 7.7500000000000009 4 5.0400000000000009 61.500000000000007 5.6000000000000005
decision_type=2 8 1 10 1 2 2 2 2 2 2 2 1 2 2 1 10 2 1 10 2 10
left_child=1 2 -1 15 -5 7 -6 12 9 10 -9 18 -2 -14 17 19 -17 -4 -11 -3 -15 -8
right_child=5 3 14 4 6 -7 21 8 -10 11 -12 -13 13 20 -16 16 -18 -19 -20 -21 -22 -23
leaf_value=0.010417462684554568 0.29521590687962213 0.019040082611694844 -0.027400920536364299 0.018248217232595558 -0.015674707916144514 -5.8057840998351669 -0.050975883801813518 -0.77534509374330962 -0.1674207672035386 -0.8297754554248854 0.57816699431777063 -1.1096620405835538 -0.63432779152173802 0.88170624849223589 -0.029877941795469109 -0.0066342280784913088 0.015506028757094639 -0.12899031392937202 0.36664432235747818 -0.034606375574489999 -0.13046524048923655 -0.20302326629093689
leaf_weight=46854 7380 151638 7255 81480 56118 8860 14318 5780 18652 448 2208 4592 3444 868 27618 84918 73706 11981 1440 6986 2140 11044
leaf_count=46854 7380 151638 7255 81480 56118 8860 14318 5780 18652 448 2208 4592 3444 868 27618 84918 73706 11981 1440 6986 2140 11044
internal_value=-0.000182507 0.000157287 -0.0014094 0.000463016 -0.000611922 -0.0036765 -0.00254675 -0.00272565 -0.00401334 -0.0069226 -0.0024612 -0.0124198 0.000357814 -0.00357132 -0.00347203 0.00101518 0.000292746 -0.00574254 -0.00292857 0.00173747 0.00278073 -0.00523202
internal_weight=629728 573916 93708 480208 162960 55812 81480 46952 33120 14468 7988 6480 13832 6452 46854 317248 158624 19236 1888 158624 3008 25362
internal_count=629728 573916 93708 480208 162960 55812 81480 46952 33120 14468 7988 6480 13832 6452 46854 317248 158624 19236 1888 158624 3008 25362
cat_boundaries=0 1 2 3 4 5
cat_threshold=3 12 105 3 80
is_linear=0
shrinkage=0.045


Tree=54
num_leaves=23
num_cat=4
split_feature=0 13 15 1 17 5 17 16 2 2 2 8 4 2 2 2 0 7 2 17 4 5
split_gain=350.527 129.527 127.702 105.507 103.477 143.294 145.346 104.804 96.4347 296.602 105.341 105.29 100.158 96.3068 163.02 83.0774 87.7688 77.2852 75.6616 72.5633 70.8866 69.7027
threshold=1.0499022603034975 332.53500000000003 27.485000000000003 19.000000000000004 1.0900000000000007 0 4.3800000000000026 11.045000000000002 167.50000000000003 205.50000000000003 159.50000000000003 102.30500000000002 1 65.500000000000014 195.50000000000003 6.5000000000000009 0.030495272949337963 19.745000000000001 47.500000000000007 -13.884999999999996 2 3
decision_type=2 2 10 2 8 1 10 8 2 2 2 2 1 2 2 2 2 2 2 10 1 1
left_child=2 8 4 19 7 6 -6 15 10 11 12 17 -2 18 -15 -1 -17 -10 20 21 -5 -4
right_child=1 -3 3 13 5 -7 -8 -9 9 -11 -12 -13 -14 14 -16 16 -18 -19 -20 -21 -22 -23
leaf_value=-0.25223316415686858 0.28227035032542153 -9.4475377370191591 0.031745991640115698 -0.11411413574082264 -0.0091494382208060828 0.0053466751574273138 -0.10443226623961581 0.013916903344468046 -0.64193275588272292 -0.16859752182383672 0.75653186349273804 -1.1239340873410433 -0.32505768904708154 -0.048988173994260545 0.024024334654050631 0.044258930094090911 -0.015263000905816582 1.7116645278818565 0.17044087731416674 -0.031373213734559653 0.06104683136242129 -0.15712126304086227
leaf_weight=1428 5772 6748 1833 1220 29327 122775 11598 208660 1552 19876 1784 5512 14120 24432 28644 3728 36480 448 3828 85684 8780 5499
leaf_count=1428 5772 6748 1833 1220 29327 122775 11598 208660 1552 19876 1784 5512 14120 24432 28644 3728 36480 448 3828 85684 8780 5499
internal_value=-0.00018415 -0.00358862 0.000146937 -0.00093308 0.000564133 -0.000315573 -0.00262116 0.00113948 -0.00278441 -0.00455915 -0.000541794 -0.0121753 -0.0014816 0.000429782 -0.000441708 -0.000921874 -0.000542775 -0.00332667 0.0037744 -0.00191334 0.00171416 -0.00620944
internal_weight=629728 55812 573916 159920 413996 163700 40925 250296 49064 27388 21676 7512 19892 66904 53076 41636 40208 2000 13828 93016 10000 7332
internal_count=629728 55812 573916 159920 413996 163700 40925 250296 49064 27388 21676 7512 19892 66904 53076 41636 40208 2000 13828 93016 10000 7332
cat_boundaries=0 1 2 3 4
cat_threshold=1 65 64 1
is_linear=0
shrinkage=0.045


Tree=55
num_leaves=23
num_cat=6
split_feature=0 13 18 5 17 5 2 2 2 8 2 2 4 2 4 7 1 4 2 1 2 4
split_gain=331.139 146.062 111.788 112.448 105.777 220.64 92.2748 135.776 181.865 165.927 117.711 93.107 137.073 81.8401 78.0594 77.9515 77.9195 99.2001 138.656 89.471 114.797 115.455
threshold=0.9105547070503236 332.53500000000003 -6.3699999999999992 0 2.8899999999999983 1 89.500000000000014 205.50000000000003 171.50000000000003 102.30500000000002 159.50000000000003 47.500000000000007 2 61.500000000000007 3 18.345000000000002 8.5000000000000018 4 2.5000000000000004 5.7500000000000009 177.50000000000003 5
decision_type=2 2 8 1 10 1 2 2 2 2 2 2 1 2 1 2 2 1 2 2 2 1
left_child=2 6 3 -1 16 -6 11 8 10 15 -8 12 -2 -13 -12 -10 19 18 -18 -4 21 -21
right_child=1 -3 4 -5 5 -7 7 -9 9 -11 14 13 -14 -15 -16 -17 17 -19 -20 20 -22 -23
leaf_value=-0.11305174490136596 0.2357515932392536 -9.022398538853297 0.0079169831750951977 -0.017142129711165868 0.018584116808755571 -0.048355736311104465 -0.53673611118743436 -0.10598273277514271 -0.45751202990328604 -0.95750735104148821 1.0424926020382732 0.63911147273893643 -0.3568210852199441 0.061222725606422106 -0.094528578523984635 0.78564187979882005 0.14368416649082405 -0.0098542508519688637 0.008363938610306966 0.064458629823588104 0.04080921761580366 -0.024514551159259521
leaf_weight=9568 3408 6748 134153 28704 47958 47958 9900 27392 2300 5692 1388 2584 5888 6532 1772 932 1654 105528 138956 6342 23077 11294
leaf_count=9568 3408 6748 134153 28704 47958 47958 9900 27392 2300 5692 1388 2584 5888 6532 1772 932 1654 105528 138956 6342 23077 11294
internal_value=-0.000184222 -0.00300048 0.000193878 -0.00215277 0.000367628 -0.000980994 -0.00237181 -0.00338562 -0.00601951 -0.0109702 -0.00263551 0.000347019 -0.00282157 0.00357809 0.0049241 -0.00282468 0.000674883 0.000158873 0.00094146 0.0014012 0.00324886 0.000515365
internal_weight=629728 74536 555192 38272 516920 95916 67788 49376 21984 8924 13060 18412 9296 9116 3160 3232 421004 246138 140610 174866 40713 17636
internal_count=629728 74536 555192 38272 516920 95916 67788 49376 21984 8924 13060 18412 9296 9116 3160 3232 421004 246138 140610 174866 40713 17636
cat_boundaries=0 1 2 3 4 5 6
cat_threshold=8 12 97 28 43 14
is_linear=0
shrinkage=0.045


Tree=56
num_leaves=23
num_cat=4
split_feature=0 13 18 5 17 5 1 2 2 2 8 2 5 18 1 17 4 2 8 9 9 1
split_gain=315.867 125.993 115.669 174.843 103.674 242.928 123.843 95.1888 131.132 186.774 123.627 109.328 79.333 86.7249 77.5601 77.0059 72.8646 99.3101 80.9772 71.9481 70.4261 72.0283
threshold=0.99109077453613292 332.53500000000003 -3.4049999999999989 0 1.0900000000000007 1 16.000000000000004 107.50000000000001 205.50000000000003 171.50000000000003 102.30500000000002 159.50000000000003 2 -0.069999999999999604 17.500000000000004 -9.0399999999999991 3 41.500000000000007 119.26500000000001 38.965045289855077 31.980000000000004 16.000000000000004
decision_type=2 2 8 1 10 1 2 2 2 2 2 2 1 10 2 8 1 2 2 2 2 2
left_child=2 7 3 -1 12 -6 -7 16 9 11 19 20 -4 -14 15 -5 -2 -18 -19 -11 -9 -22
right_child=1 -3 4 14 5 6 -8 8 -10 10 -12 -13 13 -15 -16 -17 17 18 -20 -21 21 -23
leaf_value=0.010185629663726386 0.29063434380827463 -8.6163906046048968 0.016242484087382079 -0.19722876749239882 0.016905843809984531 -0.014672846669001904 -0.10745754275528291 0.35098491370276513 -0.13771080834795113 -0.53136737909913512 -1.020941594513479 0.42850065359618988 -0.0065676177680375385 0.015173851006727763 -0.026468785092097928 -0.057864705170674734 -0.47730881378383383 -0.22916358621229943 0.65976535970060135 1.5032924797763851 0.18330662719273014 -0.92867538968696484
leaf_weight=45100 7256 6748 155774 3486 82510 63064 19446 1512 22732 1748 5308 2648 88750 67024 26318 15296 4196 2576 2292 692 1024 4228
leaf_count=45100 7256 6748 155774 3486 82510 63064 19446 1512 22732 1748 5308 2648 88750 67024 26318 15296 4196 2576 2292 692 1024 4228
internal_value=-0.000180292 -0.00320408 0.000155619 -0.00132203 0.000435298 -0.000476664 -0.00220305 -0.0025064 -0.00369078 -0.00666006 -0.0118335 -0.00239962 0.000918344 0.000200178 -0.00330278 -0.0055124 0.000388739 -0.00230057 0.00206982 -0.00344595 -0.00543379 -0.00789684
internal_weight=629728 62960 566768 90200 476568 165020 82510 56212 39892 17160 7748 9412 311548 155774 45100 18782 16320 9064 4868 2440 6764 5252
internal_count=629728 62960 566768 90200 476568 165020 82510 56212 39892 17160 7748 9412 311548 155774 45100 18782 16320 9064 4868 2440 6764 5252
cat_boundaries=0 1 2 3 4
cat_threshold=3 12 3 73
is_linear=0
shrinkage=0.045


Tree=57
num_leaves=23
num_cat=4
split_feature=0 13 1 2 1 18 1 5 1 17 18 3 1 12 4 10 8 4 2 2 2 2
split_gain=302.214 116.506 107.185 130.016 111.821 117.04 169.205 138.645 133.742 121.099 95.2268 94.7327 87.3415 84.7645 83.3111 91.1426 92.331 102.167 85.2698 131.164 152.443 96.9827
threshold=1.0499022603034975 332.53500000000003 8.2500000000000018 2.5000000000000004 21.000000000000004 -0.97000000000000142 14.000000000000002 0 17.250000000000004 5.785000000000001 -6.3699999999999992 1 6.0000000000000009 -9.4999999999999982 2 5.4919725766895491 41.20000000000001 3 12.500000000000002 26.500000000000004 49.500000000000007 32.500000000000007
decision_type=2 2 2 2 2 10 2 1 2 10 10 1 2 2 1 2 2 1 2 2 2 2
left_child=2 12 11 -4 5 8 -7 9 10 -8 -5 -1 -2 -9 15 -13 17 -17 -18 -20 21 -21
right_child=1 -3 3 4 -6 6 7 13 -10 -11 -12 14 -14 -15 -16 16 18 -19 19 20 -22 -23
leaf_value=-0.039581360050761655 0.37798842961481272 -8.2286530273976783 0.12579452894070414 -0.17531308281061936 0.013266456646190703 0.0096332886686049477 -0.036755651859522342 0.073367368106231817 -0.0062972555977651489 -0.25961821271853497 -0.034176898796277416 -0.071819661202949261 -0.29913253223283992 -0.018241744167090936 0.018366885998991847 0.091456451666953348 -0.13826892120290399 -0.036622190550294059 0.22299148478029873 0.036280351566781312 0.00057339647192893722 -0.18543795737497562
leaf_weight=23869 3000 6748 2996 6563 74840 106348 17646 6084 41614 5482 39356 3234 46064 63300 133007 4158 1139 2211 1612 911 37674 1872
leaf_count=23869 3000 6748 2996 6563 74840 106348 17646 6084 41614 5482 39356 3234 46064 63300 133007 4158 1139 2211 1612 911 37674 1872
internal_value=-0.000182364 -0.00334352 0.000125061 -0.000341548 -0.000419 -0.000823731 -0.000220178 -0.00162754 -0.00219486 -0.00464391 -0.00386931 0.000935564 -0.00258081 -0.000621217 0.00127835 -0.000233847 0.000243702 0.00530097 -0.000501967 -0.000172744 -0.000674572 -0.0108339
internal_weight=629728 55812 573916 364229 361233 286393 198860 92512 87533 23128 45919 209687 49064 69384 185818 52811 49577 6369 43208 42069 40457 2783
internal_count=629728 55812 573916 364229 361233 286393 198860 92512 87533 23128 45919 209687 49064 69384 185818 52811 49577 6369 43208 42069 40457 2783
cat_boundaries=0 1 2 3 4
cat_threshold=1 128 17 16
is_linear=0
shrinkage=0.045


Tree=58
num_leaves=23
num_cat=4
split_feature=0 15 2 2 4 2 2 8 2 4 7 2 2 2 3 8 9 17 12 4 7 2
split_gain=283.61 180.103 121.675 178.71 110.318 105.025 102.469 89.3059 88.3508 83.4054 104.593 82.8711 81.5971 103.166 103.075 98 120.866 102.631 99.9149 236.272 96.863 93.1898
threshold=2.1911162137985234 28.955000000000002 70.500000000000014 205.50000000000003 0 49.500000000000007 270.50000000000006 103.90500000000002 36.500000000000007 1 5.0050000000000008 61.500000000000007 127.50000000000001 145.50000000000003 2 41.505000000000003 20.935000000000006 0.83000000000000063 1.5000000000000002 3 23.015000000000004 45.500000000000007
decision_type=2 10 2 2 1 2 2 2 2 1 2 2 2 2 1 2 2 10 2 1 2 2
left_child=1 12 5 -4 6 7 -5 8 9 -3 -11 -7 15 20 -15 16 18 -17 -1 21 -14 -20
right_child=-2 2 3 4 -6 11 -8 -9 -10 10 -12 -13 13 14 -16 17 -18 -19 19 -21 -22 -23
leaf_value=-0.024146848773987966 -2.3904884117032124 0.15464150953780317 -0.084352168494781624 0.012796965643813897 0.016492892877102823 0.28660323487574668 -0.093480685369895636 -0.17594111976089416 -0.096373437696513048 0.44038198597623662 -0.039709109641196151 0.016597539879073805 0.04252635559378716 0.015468551387416899 -0.0004436446447279829 0.00021974124448247978 0.063504075739095098 -0.044104117627893728 0.10635225782783553 -0.018343916946166976 -0.29437563743667267 0.052444454160437019
leaf_weight=25048 11624 7816 65800 8556 52480 7040 12124 6992 5060 1412 10048 6912 18292 89432 134752 72280 12620 46260 6444 19212 272 9252
leaf_count=25048 11624 7816 65800 8556 52480 7040 12124 6992 5060 1412 10048 6912 18292 89432 134752 72280 12620 46260 6444 19212 272 9252
internal_value=-0.000178076 -4.71036e-05 -0.00122586 -0.00188598 -0.000355512 0.000799987 -0.00313817 -0.000646345 0.000641589 0.00203081 -0.000415795 0.00404723 0.000453458 0.00100103 0.000734056 -0.000242049 0.00106024 -0.00103938 0.000217652 0.0017737 0.00422466 0.00586707
internal_weight=629728 618104 184240 138960 73160 45280 20680 31328 24336 19276 11460 13952 433864 242748 224184 191116 72576 118540 59956 34908 18564 15696
internal_count=629728 618104 184240 138960 73160 45280 20680 31328 24336 19276 11460 13952 433864 242748 224184 191116 72576 118540 59956 34908 18564 15696
cat_boundaries=0 1 2 3 4
cat_threshold=24 35 52 42
is_linear=0
shrinkage=0.045


Tree=59
num_leaves=23
num_cat=5
split_feature=0 13 18 5 17 5 1 5 2 2 2 8 2 18 4 2 8 5 17 7 17 9
split_gain=268.968 120.749 98.9848 165.159 86.6755 217.821 120.329 100.028 82.5806 131.191 172.14 124.801 107.705 77.6949 72.5042 86.3381 82.8032 70.5555 85.9547 69.9806 65.7781 63.9086
threshold=0.97309172153472911 332.53500000000003 -3.4049999999999989 0 0.61000000000000221 1 16.000000000000004 2 107.50000000000001 205.50000000000003 171.50000000000003 102.30500000000002 159.50000000000003 -0.089999999999998068 3 41.500000000000007 119.26500000000001 4 1.3200000000000014 19.745000000000001 12.260000000000002 31.980000000000004
decision_type=2 2 8 1 10 1 2 1 2 2 2 2 2 10 1 2 2 1 10 2 10 2
left_child=2 8 3 -1 7 20 -7 -4 14 10 12 19 21 -9 -2 -16 -17 18 -5 -12 -6 -10
right_child=1 -3 4 17 5 6 -8 13 9 -11 11 -13 -14 -15 15 16 -18 -19 -20 -21 -22 -23
leaf_value=-0.067877532832007509 0.28108778917789634 -7.7507916626381359 0.01717264655398729 0.05427940071849343 0.010703324163244741 -0.011534663077106233 -0.094712278642005904 -0.0073299880578991412 0.2591359476931383 -0.10410064968117218 -0.49901579632854959 -0.93370498352572184 0.41725589255915246 0.014374600589801501 -0.42959510320307859 -0.24074769883104316 0.62370369085167177 -0.017881597598281753 -0.090217377040884811 1.1006884820734035 0.29398660602656795 -0.71757946642003556
leaf_weight=22283 7588 6748 141980 17894 89852 74738 20954 85278 1660 23660 1964 5368 2776 56702 4332 2788 2336 44566 4389 636 5840 5396
leaf_count=22283 7588 6748 141980 17894 89852 74738 20954 85278 1660 23660 1964 5368 2776 56702 4332 2788 2336 44566 4389 636 5840 5396
internal_value=-0.000179005 -0.0029143 0.000137198 -0.00123892 0.000395238 -0.000344931 -0.00186293 0.000894099 -0.00225669 -0.00334065 -0.00625885 -0.0111738 -0.00227425 4.94394e-05 0.000380148 -0.0022481 0.00170308 -0.000120137 0.00194674 -0.0030784 0.00117315 -0.00522811
internal_weight=629728 65252 564476 89132 475344 191384 95692 283960 58504 41460 17800 7968 9832 141980 17044 9456 5124 66849 22283 2600 95692 7056
internal_count=629728 65252 564476 89132 475344 191384 95692 283960 58504 41460 17800 7968 9832 141980 17044 9456 5124 66849 22283 2600 95692 7056
cat_boundaries=0 1 2 3 4 5
cat_threshold=8 12 3 73 1
is_linear=0
shrinkage=0.045


Tree=60
num_leaves=23
num_cat=2
split_feature=0 13 2 2 4 2 1 4 2 8 7 2 2 2 10 2 7 2 7 2 2 2
split_gain=261.435 115.897 92.6332 332.131 182.661 237.462 242.168 178.97 167.323 161.378 195.5 168.122 155.76 150.801 140.185 117.839 236.215 134.374 135.535 211.086 247.375 123.647
threshold=0.97309172153472911 259.76000000000005 205.50000000000003 207.50000000000003 0 171.50000000000003 5.0000000000000009 1 179.50000000000003 133.31500000000003 16.665000000000003 113.50000000000001 253.50000000000003 185.50000000000003 4.8877685971029914 261.50000000000006 18.445000000000004 339.50000000000006 14.395000000000001 269.50000000000006 334.50000000000006 358.50000000000006
decision_type=2 2 2 2 1 2 2 1 2 2 2 2 2 2 2 2 2 2 2 2 2 2
left_child=2 -2 4 -4 9 6 -6 -5 -7 10 11 -1 -9 -10 -14 16 -16 18 -17 -20 -21 -19
right_child=1 -3 3 7 5 8 -8 12 13 -11 -12 -13 14 -15 15 17 -18 21 19 20 -22 -23
leaf_value=-0.010589634866912187 -0.17435701699285372 -4.4966510824341031 0.1300263706097721 0.027787663277863476 0.035062400156843504 -0.10679510044878276 -0.025752629473551985 0.017188453243325727 0.030069627638954689 -0.033282291099989203 0.052494663074530053 0.029102673830846765 0.077205032851024938 -0.067205159277097415 -0.086928505511692955 0.021644322598338008 0.045451323330066476 -0.058900295634510227 0.062627758898182229 -0.043688445374900631 0.086663305349477193 0.013689921857281894
leaf_weight=93080 56392 8860 2748 63764 28548 3696 102608 38280 3808 23864 39420 39440 3456 11940 5660 35464 2932 18288 5148 31260 4160 6912
leaf_count=93080 56392 8860 2748 63764 28548 3696 102608 38280 3808 23864 39420 39440 3456 11940 5660 35464 2932 18288 5148 31260 4160 6912
internal_value=-0.000181721 -0.00287844 0.000130023 0.000856567 -0.000327362 -0.00150556 -0.000817602 0.000658095 -0.00614625 0.000578885 0.00106021 0.000232603 -0.000183477 -0.00412286 -0.0010221 -0.00130297 -0.006362 -0.000873471 7.0429e-05 -0.00170594 -0.00294351 -0.00372113
internal_weight=629728 65252 564476 218072 346404 150600 131156 215324 19444 195804 171940 132520 151560 15748 113280 109824 8592 101232 76032 40568 35420 25200
internal_count=629728 65252 564476 218072 346404 150600 131156 215324 19444 195804 171940 132520 151560 15748 113280 109824 8592 101232 76032 40568 35420 25200
cat_boundaries=0 1 2
cat_threshold=15 96
is_linear=0
shrinkage=0.045


Tree=61
num_leaves=23
num_cat=3
split_feature=0 15 1 5 3 0 15 2 7 10 7 4 10 2 12 2 1 10 18 18 2 2
split_gain=244.879 152.767 117.771 94.176 77.7524 144.217 100.832 102.887 87.0905 82.7111 88.9157 86.2034 82.6884 77.2134 118.481 115.66 142.638 72.9932 80.9686 71.5001 70.8418 90.6365
threshold=2.1911162137985234 28.955000000000002 19.500000000000004 0 1 0.055271850898861892 8.8950000000000014 6.5000000000000009 3.4000000000000008 10.152097766338445 1.4950000000000003 2 6.5608136756988644 70.500000000000014 4.5000000000000009 263.50000000000006 13.000000000000002 5.5788980343238519 -2.3100000000000005 -10.819999999999995 127.50000000000001 145.50000000000003
decision_type=2 10 2 1 1 2 8 2 2 2 2 1 2 2 2 2 2 2 8 8 2 2
left_child=1 4 13 -4 5 -1 7 -6 9 10 -8 -11 -12 17 15 -15 -17 -3 -19 -5 -10 -22
right_child=-2 2 3 19 6 -7 8 -9 20 11 12 -13 -14 14 -16 16 -18 18 -20 -21 21 -23
leaf_value=0.049451101423103355 -2.1569512239596356 -0.14302011907907933 0.046644037785518642 -0.15275372994149861 -0.35546507879817058 -0.033625087407789057 0.02650795396516295 -0.020364347349898053 -0.0021636671232761529 0.095189132536904947 0.042313791597356279 -0.037784171413003206 0.18382237511321187 -0.17603159411510363 -0.007672690133680219 -0.15822872125869367 0.016830135801364259 -0.040437776824811755 0.091108367463396733 0.0019972377682642905 0.03968694701237991 0.0071590987050248484
leaf_weight=3736 11624 1864 29148 11386 1240 38936 3756 22448 139888 2432 1896 4000 3944 36266 28176 3964 16712 16420 13526 26778 16136 195452
leaf_count=3736 11624 1864 29148 11386 1240 38936 3756 22448 139888 2432 1896 4000 3944 36266 28176 3964 16712 16420 13526 26778 16136 195452
internal_value=-0.000183293 -6.15914e-05 -0.00114721 0.000352304 0.000399421 -0.0014243 0.000598383 -0.00224715 0.000781824 0.00402558 0.0066717 7.6935e-05 0.0101446 -0.00201043 -0.00271734 -0.0038983 -0.00121216 -0.000118823 0.000419227 -0.00111863 0.00063388 0.00115334
internal_weight=629728 618104 184240 67312 433864 42672 391192 23688 367504 16028 9596 6432 5840 116928 85118 56942 20676 31810 29946 38164 351476 211588
internal_count=629728 618104 184240 67312 433864 42672 391192 23688 367504 16028 9596 6432 5840 116928 85118 56942 20676 31810 29946 38164 351476 211588
cat_boundaries=0 1 2 3
cat_threshold=3 128 50
is_linear=0
shrinkage=0.045


Tree=62
num_leaves=23
num_cat=3
split_feature=13 15 1 5 2 2 4 7 7 13 17 10 1 3 0 15 2 7 2 9 10 1
split_gain=231.909 149.493 117.628 89.6509 82.1806 136.742 108.136 112.134 103.177 72.4539 70.8679 77.8812 72.7948 69.9307 132.81 92.7853 97.8712 81.8687 78.8212 68.8472 89.3945 72.8152
threshold=259.76000000000005 28.955000000000002 19.500000000000004 0 89.500000000000014 205.50000000000003 1 15.665000000000001 19.315000000000001 19.735000000000007 -13.884999999999996 5.5788980343238519 10.500000000000002 2 0.055271850898861892 8.8950000000000014 6.5000000000000009 3.4000000000000008 328.50000000000006 11.174375000000003 8.9936906582918308 7.7500000000000009
decision_type=2 10 2 1 2 2 1 2 2 2 10 2 2 1 2 8 2 2 2 2 2 2
left_child=1 13 4 -4 10 6 8 -8 9 -6 -3 12 -12 14 -1 16 -15 18 -17 20 -18 -21
right_child=-2 2 3 -5 5 -7 7 -9 -10 -11 11 -13 -14 15 -16 17 19 -19 -20 21 -22 -23
leaf_value=0.047225801859063714 -4.1972389786463857 -0.11843854613772073 0.045959143203054241 -0.01772115929283985 0.037622645242248794 -0.035973335870934861 -0.11375529809910827 -0.30074792544104212 0.20589919772148957 -0.21711233050685888 -0.20746875702763667 0.025632877143560058 0.022175754531361284 -0.33946915025225288 -0.032111958474438547 0.073444252164550083 0.0094954933914203222 0.0057557356153449899 -0.15229908258579097 0.008604050180481132 0.24042135158309019 -0.066002866185647324
leaf_weight=3736 8860 5286 29344 38612 2492 48078 6232 6280 2774 13238 1054 32778 836 1240 38936 15436 3720 351476 592 7938 588 10202
leaf_count=3736 8860 5286 29344 38612 2492 48078 6232 6280 2774 13238 1054 32778 836 1240 38936 15436 3720 351476 592 7938 588 10202
internal_value=-0.000180434 -7.72626e-05 -0.00114085 0.000352939 -0.00199353 -0.00283383 -0.00516329 -0.00839348 -0.00297229 -0.00438501 -0.000329988 0.000410153 -0.00846723 0.000381166 -0.0013484 0.000569856 -0.00215977 0.000745825 0.00389083 -0.00147929 0.00363341 -0.00269375
internal_weight=629728 620868 187004 67956 119048 79094 31016 12512 18504 15730 39954 34668 1890 433864 42672 391192 23688 367504 16028 22448 4308 18140
internal_count=629728 620868 187004 67956 119048 79094 31016 12512 18504 15730 39954 34668 1890 433864 42672 391192 23688 367504 16028 22448 4308 18140
cat_boundaries=0 1 2 3
cat_threshold=3 15 128
is_linear=0
shrinkage=0.045


Tree=63
num_leaves=23
num_cat=3
split_feature=15 12 1 2 2 2 1 10 2 4 1 1 2 4 2 2 8 2 2 2 4 7
split_gain=223.161 117.316 183.271 130.075 160.17 144.598 129.837 114.191 141.997 141.102 112.518 90.3265 85.9556 116.543 80.5041 82.9042 99.7289 80.0144 129.668 80.7979 80.6218 78.8119
threshold=119.65500000000002 4.5000000000000009 19.500000000000004 68.500000000000014 307.50000000000006 301.50000000000006 16.500000000000004 4.9786368469297004 323.50000000000006 0 17.500000000000004 18.750000000000004 354.50000000000006 1 58.500000000000007 29.500000000000004 103.90500000000002 364.50000000000006 360.50000000000006 352.50000000000006 2 13.505000000000001
decision_type=10 2 2 2 2 2 2 2 2 1 2 2 2 1 2 2 2 2 2 2 1 2
left_child=1 2 3 10 5 -5 7 -6 9 -9 14 -2 -10 -14 15 16 -1 18 19 -3 -20 -15
right_child=11 17 -4 4 6 -7 -8 8 12 -11 -12 -13 13 21 -16 -17 -18 -19 20 -21 -22 -23
leaf_value=0.019087391975009797 -1.2369203243100269 0.0062868505492784084 0.010323807081313698 -0.066104600176145584 0.10704483544347279 -0.21054124660771728 0.09269956751335226 0.21557232405882631 -0.067758350531883602 -0.032398048464724112 0.10088753951532863 -0.12515667090273505 0.13604898789561495 -0.064650364140553057 0.10707868241781382 -0.043607084337498693 -0.16850283907473185 -0.10928905310849107 0.3316448587256372 -0.038413557600865324 0.013686748142163052 0.090215075929121619
leaf_weight=21926 10237 315740 108398 74524 1380 2826 10730 1732 12720 2036 12698 12247 1426 1174 4720 21866 2776 1248 1452 6300 1216 356
leaf_count=21926 10237 315740 108398 74524 1380 2826 10730 1732 12720 2036 12698 12247 1426 1174 4720 21866 2776 1248 1452 6300 1216 356
internal_value=-0.000180649 -1.7637e-05 -0.000690942 -0.00160045 -0.00254655 -0.00364877 0.000155438 -0.00191659 -0.00280469 0.00503714 9.8456e-06 -0.00458285 -0.00469001 0.0022211 -0.000929128 -0.00149678 0.000289629 0.000563401 0.000607142 0.000525258 0.0104831 -0.00639105
internal_weight=629728 607244 281288 172890 108904 77350 31554 20824 19444 3768 63986 22484 15676 2956 51288 46568 24702 325956 324708 322040 2668 1530
internal_count=629728 607244 281288 172890 108904 77350 31554 20824 19444 3768 63986 22484 15676 2956 51288 46568 24702 325956 324708 322040 2668 1530
cat_boundaries=0 1 2 3
cat_threshold=88 50 104
is_linear=0
shrinkage=0.045


Tree=64
num_leaves=23
num_cat=3
split_feature=13 15 2 2 4 2 4 7 2 1 10 17 8 4 10 8 2 8 7 2 12 2
split_gain=217.58 137.399 109.905 216.913 103.563 103.578 92.5468 107.798 92.4906 80.5528 85.2985 84.3718 71.9524 74.741 71.7629 107.876 110.621 100.575 115.632 75.9637 144.821 82.2447
threshold=259.76000000000005 28.015000000000004 89.500000000000014 205.50000000000003 0 270.50000000000006 1 15.665000000000001 141.50000000000003 17.500000000000004 5.5788980343238519 -13.884999999999996 129.98000000000005 2 11.549442035894929 54.535000000000004 12.500000000000002 56.500000000000007 2.5450000000000004 325.50000000000006 6.5000000000000009 297.50000000000006
decision_type=2 10 2 2 1 2 1 2 2 2 2 10 2 1 2 2 2 2 2 2 2 2
left_child=1 14 9 6 5 -5 8 -8 -4 10 -3 -12 13 -9 15 -1 -17 18 -16 21 -21 -18
right_child=-2 2 3 4 -6 -7 7 12 -10 -11 11 -13 -14 -15 17 16 19 -19 -20 20 -22 -23
leaf_value=0.0065262932099128092 -3.9735759327688607 -0.15716809245496283 -0.1336699930947067 0.015342043644810444 0.017036588363908929 -0.084661680939489753 -0.070098429691313954 -0.061078356507989803 0.0054892205406890694 0.057457501076197917 -0.14067661185992533 0.011486901033962828 -0.3592296792795534 -0.18737334912660569 0.030914462157421548 -0.059198978334898747 0.049149434970628146 0.00043119488610673544 -0.071652136791154508 -0.074894877842585972 0.10687034307224609 0.12085061733446761
leaf_weight=203188 8860 1810 9200 9416 56432 13036 17308 5512 15752 28802 4338 27930 5256 3936 4300 1824 17488 176904 11548 2640 1676 2572
leaf_count=203188 8860 1810 9200 9416 56432 13036 17308 5512 15752 28802 4338 27930 5256 3936 4300 1824 17488 176904 11548 2640 1676 2572
internal_value=-0.000178791 -7.88571e-05 -0.00105452 -0.00177449 -0.000246432 -0.00283053 -0.00389048 -0.00549151 -0.00183324 0.000500938 -0.000979754 -0.000446235 -0.00832619 -0.00597619 0.000380453 0.000918283 0.00363579 -0.000259606 -0.00369369 0.00443576 -0.00097962 0.00560089
internal_weight=629728 620868 198728 135848 78884 22452 56964 32012 24952 62880 34078 32268 14704 9448 422140 229388 26200 192752 15848 24376 4316 20060
internal_count=629728 620868 198728 135848 78884 22452 56964 32012 24952 62880 34078 32268 14704 9448 422140 229388 26200 192752 15848 24376 4316 20060
cat_boundaries=0 1 2 3
cat_threshold=24 11 36
is_linear=0
shrinkage=0.045


Tree=65
num_leaves=23
num_cat=7
split_feature=13 7 18 5 17 5 5 18 1 13 5 18 17 4 14 12 2 2 2 2 4 4
split_gain=207.214 113.697 94.2546 105.178 75.3356 213.755 92.433 92.3222 77.6742 64.3386 60.2011 143.946 125.745 59.3151 61.9498 62.134 53.8374 108.609 124.69 114.826 64.9227 64.38
threshold=50.125000000000007 12.125000000000002 -8.3249999999999975 0 2.8899999999999983 1 2 10.995000000000003 15.000000000000002 332.53500000000003 3 0.19999999999999965 -0.58999999999999886 4 68.235000000000028 2.5000000000000004 89.500000000000014 205.50000000000003 171.50000000000003 161.50000000000003 5 6
decision_type=2 2 8 1 10 1 1 10 2 2 1 10 10 1 2 2 2 2 2 2 1 1
left_child=2 -2 3 -1 10 8 7 -7 -6 16 12 -12 -4 14 15 -14 21 18 19 20 -18 -3
right_child=1 9 4 -5 5 6 -8 -9 -10 -11 11 -13 13 -15 -16 -17 17 -19 -20 -21 -22 -23
leaf_value=-0.14469107634282161 0.09028408269727109 0.34478596321238575 0.020665602650620406 -0.024616570768270118 -0.030594069169807017 0.012557503834111271 -0.01269863335515015 0.20823174809687986 -0.15853550365932637 -7.0210461667752471 -0.0093957777401764957 0.014781876457991838 -0.018702899837656804 -0.0092044793396343569 -0.017966336483936775 0.046745682021860448 -0.18367096540703198 -0.18088946316917276 -0.82868630563898193 0.63445641124883423 -1.0986052761155185 -0.3464888486297576
leaf_weight=8493 10844 3692 123502 25479 16700 19573 53764 7309 10182 6308 131040 87514 4786 68424 6934 14908 2036 15240 5788 1788 1884 3540
leaf_count=8493 10844 3692 123502 25479 16700 19573 53764 7309 10182 6308 131040 87514 4786 68424 6934 14908 2036 15240 5788 1788 1884 3540
internal_value=-0.000173574 -0.00291978 6.90621e-05 -0.00223053 0.000212508 -0.000854552 0.000304062 0.00245798 -0.00432866 -0.00402093 0.000475006 -5.3119e-05 0.00100308 -0.000227239 0.00157432 0.00286276 -0.00324551 -0.0041772 -0.00747913 -0.00275832 -0.00706782 0.00019906
internal_weight=629728 51120 578608 33972 544636 107528 80646 26882 26882 40276 437108 218554 218554 95052 26628 19694 33968 26736 11496 5708 3920 7232
internal_count=629728 51120 578608 33972 544636 107528 80646 26882 26882 40276 437108 218554 218554 95052 26628 19694 33968 26736 11496 5708 3920 7232
cat_boundaries=0 1 2 3 4 5 6 7
cat_threshold=8 1 8 3 10 113 105
is_linear=0
shrinkage=0.045


Tree=66
num_leaves=23
num_cat=6
split_feature=0 13 18 5 3 17 5 17 5 17 18 5 4 2 2 12 9 2 2 2 2 2
split_gain=197.949 108.617 75.9611 81.3004 71.4688 63.8504 123.567 108.459 97.1353 87.0856 81.294 80.4726 60.2134 55.685 144.28 70.5577 58.538 57.8776 75.6045 51.3979 49.8891 59.9562
threshold=0.89691463112831127 332.53500000000003 -8.7100000000000009 0 1 1.1800000000000008 2 6.1699999999999999 3 -1.5050000000000006 -0.19999999999999749 4 5 43.500000000000007 52.500000000000007 4.5000000000000009 31.980000000000004 219.50000000000003 269.50000000000006 241.50000000000003 125.50000000000001 209.50000000000003
decision_type=2 2 8 1 1 8 1 10 1 10 8 1 1 2 2 2 2 2 2 2 2 2
left_child=2 4 3 -1 -2 8 7 -7 9 -4 11 -10 20 -14 -15 16 -16 -18 -19 -3 -6 -22
right_child=1 19 5 -5 12 6 -8 -9 10 -11 -12 -13 13 14 15 -17 17 18 -20 -21 21 -23
leaf_value=-0.13322530414838885 0.01244022338874912 -8.6743692796494738 0.039633061186156289 -0.025755425339531495 0.23483441455028664 -0.01422088994119898 0.0028865914225448194 -0.12110337728659676 0.0016131767918173962 0.0051099527820975457 0.0098752832095494267 -0.022088879174397794 -0.35648107233749132 0.75347996980047072 -0.067907614017622131 0.1990524413575126 -0.50010613358893319 0.10588619929273758 -0.44976651978663323 0.4284891653869764 -0.3981375083851641 0.10667500157916396
leaf_weight=5611 24340 5588 40405 16833 4128 37482 142071 9875 86592 44836 125835 43296 3744 1220 6888 2936 10868 3788 3260 1160 3844 5128
leaf_count=5611 24340 5588 40405 16833 4128 37482 142071 9875 86592 44836 125835 43296 3744 1220 6888 2936 10868 3788 3260 1160 3844 5128
internal_value=-0.000175289 -0.00231455 0.00012226 -0.00244186 -0.00178984 0.000230772 -0.000431637 -0.002422 0.000598784 0.00191421 0.000160215 -0.000629494 -0.00283656 -0.00386921 -0.0032023 -0.00386868 -0.00464948 -0.00600486 -0.00282766 -0.00776667 -0.000257398 -0.00214119
internal_weight=629728 76892 552836 22444 70144 530392 189428 47357 340964 85241 255723 129888 45804 32704 28960 27740 24804 17916 7048 6748 13100 8972
internal_count=629728 76892 552836 22444 70144 530392 189428 47357 340964 85241 255723 129888 45804 32704 28960 27740 24804 17916 7048 6748 13100 8972
cat_boundaries=0 1 2 3 4 5 6
cat_threshold=8 192 1 1 6 65
is_linear=0
shrinkage=0.045


Tree=67
num_leaves=23
num_cat=6
split_feature=13 18 5 17 5 5 1 18 17 8 2 2 14 0 4 2 4 15 10 4 2 2
split_gain=192.056 118.133 118.818 87.7741 246.02 101.218 96.3977 77.5476 76.1548 59.5358 133.115 136.468 155.087 126.807 107.957 159.275 93.7071 93.4761 81.8894 103.842 78.1135 77.6229
threshold=259.76000000000005 -8.3249999999999975 0 2.8899999999999983 1 2 16.000000000000004 7.610000000000003 7.6700000000000008 148.93000000000004 209.50000000000003 195.50000000000003 167.31500000000003 0.42865194380283361 3 299.50000000000006 4 19.665000000000003 72.254835742581648 5 231.50000000000003 304.50000000000006
decision_type=2 8 1 10 1 1 2 10 10 2 2 2 2 2 1 2 1 10 2 1 2 2
left_child=1 2 8 9 6 7 -5 -6 -1 -3 11 12 -11 16 20 17 -14 -16 19 -13 -12 -17
right_child=-2 3 -4 4 5 -7 -8 -9 -10 10 14 18 13 -15 15 21 -18 -19 -20 -21 -22 -23
leaf_value=-0.19814939836132173 -3.4934492627906395 0.0065869283541294104 -0.035467833452617573 -0.040076592604352312 0.0058846559394294005 -0.015714856710031564 -0.19541194960938821 0.15824448002565294 -0.010940600145915011 -0.097857534741653165 0.001849958725450399 0.099330176205625537 0.057744287437833476 -0.063528366889998023 -0.014763091452352401 -0.20984229051299408 -0.021957292857120624 0.028301254270436595 -0.10059280873442167 -0.066472327974960624 0.078927751336708887 -0.03423888508978977
leaf_weight=10041 8860 384308 41412 20474 17928 61808 10430 12976 3763 6744 3556 432 5916 5356 7128 1072 3932 12372 2132 956 4812 3320
leaf_count=10041 8860 384308 41412 20474 17928 61808 10430 12976 3763 6744 3556 432 5916 5356 7128 1072 3932 12372 2132 956 4812 3320
internal_value=-0.000170645 -7.67552e-05 -0.00206346 0.000117183 -0.000942824 0.000216449 -0.00441907 0.0023187 -0.00567711 0.000413618 -0.00093383 -0.00336572 -0.00204601 0.000473497 0.000986145 -0.000555346 0.00350406 0.00118834 -0.0115886 -0.00307554 0.00538067 -0.0082954
internal_weight=629728 620868 55216 565652 123616 92712 30904 30904 13804 442036 57728 25468 21948 15204 32260 23892 9848 19500 3520 1388 8368 4392
internal_count=629728 620868 55216 565652 123616 92712 30904 30904 13804 442036 57728 25468 21948 15204 32260 23892 9848 19500 3520 1388 8368 4392
cat_boundaries=0 1 2 3 4 5 6
cat_threshold=8 1 8 96 23 32
is_linear=0
shrinkage=0.045


Tree=68
num_leaves=23
num_cat=3
split_feature=13 18 5 10 8 7 4 7 0 1 1 8 1 18 2 2 7 2 2 4 7 10
split_gain=184.813 114.385 108.88 83.6454 127.797 106.865 136.166 155.746 101.225 91.3413 136.869 110.302 117.779 111.641 89.607 124.599 90.3543 89.3151 83.8786 83.6773 96.8659 96.444
threshold=332.53500000000003 -8.7100000000000009 0 11.549442035894929 54.535000000000004 19.895000000000003 1 35.860000000000007 0.030495272949337963 8.5000000000000018 19.750000000000004 55.815000000000005 15.000000000000002 -0.12000000000000054 336.50000000000006 274.50000000000006 25.725000000000005 12.500000000000002 6.5000000000000009 2 18.555000000000003 12.468022185864553
decision_type=2 8 1 2 2 2 1 2 2 2 2 2 2 10 2 2 2 2 2 1 2 2
left_child=1 2 -1 4 -3 8 7 -7 -5 19 11 -11 13 18 15 -8 -17 -6 -13 -10 21 -21
right_child=-2 3 -4 5 17 6 14 -9 9 10 -12 12 -14 -15 -16 16 -18 -19 -20 20 -22 -23
leaf_value=-0.18001436400685475 -5.9116314683441944 0.0033114802475026689 -0.039844614473057392 0.057665315514255987 -0.047884269665104694 -0.11949481035027311 0.058067312055156424 0.50011521802199888 0.014806691197524221 -0.11190456548149508 0.01016938529362304 0.18026613487755014 -0.10679213824026157 0.00090181510979272551 0.18795052908696133 -0.075524516731158342 0.08205572767772594 0.046594056940025483 -0.055877806295201178 -0.081847201940608433 -0.065500699932813974 0.0017326717095621056
leaf_weight=13504 6748 238980 40512 2044 2468 3716 30092 596 43646 8733 35157 334 38572 56652 948 4032 2360 33300 13608 4286 4178 45262
leaf_count=13504 6748 238980 40512 2044 2468 3716 30092 596 43646 8733 35157 334 38572 56652 948 4032 2360 33300 13608 4286 4178 45262
internal_value=-0.000167286 -8.7041e-05 -0.00206598 0.000100841 0.00066546 -0.000426419 0.00168268 -0.00587997 -0.000775149 -0.000856587 -0.00154206 -0.00227689 -0.0018875 -0.000794875 0.00255502 0.0022003 -0.00350485 0.00317403 -0.00440189 0.000220901 -0.00096803 -0.000413219
internal_weight=629728 622980 54016 568964 274748 294216 41744 4312 252472 250428 153056 117899 109166 70594 37432 36484 6392 35768 13942 97372 53726 49548
internal_count=629728 622980 54016 568964 274748 294216 41744 4312 252472 250428 153056 117899 109166 70594 37432 36484 6392 35768 13942 97372 53726 49548
cat_boundaries=0 1 2 3
cat_threshold=8 16 70
is_linear=0
shrinkage=0.045


Tree=69
num_leaves=23
num_cat=3
split_feature=0 7 2 2 4 4 2 1 8 7 2 2 2 2 2 2 2 2 2 4 9 9
split_gain=179.389 94.8295 75.5193 301.832 164.51 156.538 210.522 213.507 166.542 158.724 155.404 141.058 124.536 120.789 109.473 203.87 109.358 107.701 104.844 123.467 112.137 137.441
threshold=1.1207150816917422 12.435 205.50000000000003 207.50000000000003 0 1 171.50000000000003 5.0000000000000009 133.31500000000003 16.665000000000003 179.50000000000003 113.50000000000001 364.50000000000006 185.50000000000003 157.50000000000003 145.50000000000003 8.5000000000000018 4.5000000000000009 157.50000000000003 2 22.272500000000004 19.120625000000004
decision_type=2 2 2 2 1 1 2 2 2 2 2 2 2 2 2 2 2 2 2 1 2 2
left_child=2 -2 5 -4 12 8 7 -7 9 11 -8 16 -5 -12 15 -9 17 -1 19 -13 21 -20
right_child=1 -3 3 4 -6 6 10 14 -10 -11 13 18 -14 -15 -16 -17 -18 -19 20 -21 -22 -23
leaf_value=0.024617449963316759 0.15292344798719557 -0.40687482195752911 0.12356879810965125 0.022065527923930718 -0.0052875888658251305 0.032877837665176733 -0.10166896506339917 -0.022787528044455437 -0.035553598228209263 0.048661059158592715 0.024213489772546351 0.10506819541049017 -0.11525538491910395 -0.06157177895570768 0.049676275114346427 -0.11584863673758874 -0.015457590845599259 0.23899663112755665 -0.1497950168910249 0.010362213416843248 -0.014747134672064895 0.1349724847736663
leaf_weight=5616 7984 40996 2876 95320 124792 28868 3888 93000 25176 41464 4032 12548 1536 12328 6272 6404 87240 1480 672 11324 14280 1632
leaf_count=5616 7984 40996 2876 95320 124792 28868 3888 93000 25176 41464 4032 12548 1536 12328 6272 6404 87240 1480 672 11324 14280 1632
internal_value=-0.000163856 -0.00277908 5.67198e-05 0.000703081 0.000515069 -0.000350676 -0.00142671 -0.000782966 0.000476261 0.000965318 -0.00570444 0.00021633 0.00190651 -0.00378163 -0.00171989 -0.00208373 -0.000736978 0.0046344 0.0024392 0.00434845 -0.000309297 0.00889853
internal_weight=629728 48980 580748 224524 221648 356224 154792 134544 201432 176256 20248 134792 96856 16360 105676 99404 94336 7096 40456 23872 16584 2304
internal_count=629728 48980 580748 224524 221648 356224 154792 134544 201432 176256 20248 134792 96856 16360 105676 99404 94336 7096 40456 23872 16584 2304
cat_boundaries=0 1 2 3
cat_threshold=97 15 10
is_linear=0
shrinkage=0.045


Tree=70
num_leaves=23
num_cat=5
split_feature=13 15 1 5 12 2 2 1 4 10 4 4 2 16 3 2 8 7 9 7 2 7
split_gain=176 103.842 105.91 79.1226 77.0775 93.4357 103.434 139.118 71.8945 70.9392 67.8443 65.9566 65.1207 71.7981 62.3639 84.1082 77.8912 68.5061 61.6107 100.881 56.1552 60.0021
threshold=332.53500000000003 28.015000000000004 19.500000000000004 0 3.5000000000000004 70.500000000000014 263.50000000000006 14.000000000000002 1 6.0465019661999895 2 3 65.500000000000014 21.925000000000004 4 95.500000000000014 45.175000000000004 19.745000000000001 24.042500000000004 21.765000000000004 101.50000000000001 10.665000000000001
decision_type=2 10 2 1 2 2 2 2 1 2 1 1 2 8 1 2 2 2 2 2 2 2
left_child=1 14 4 -4 5 -3 11 8 -8 -6 -9 -7 -5 -14 15 16 18 -18 -1 -20 21 -17
right_child=-2 2 3 12 9 6 7 10 -10 -11 -12 -13 13 -15 -16 20 17 -19 19 -21 -22 -23
leaf_value=0.0076652350502450627 -5.6272986852806177 -0.0036885032123334426 0.071932498435181749 0.064435081184042245 -0.14936398540973805 -0.25746124720944946 0.30452684785360223 0.48059008030020128 -0.15913389314390103 -0.00218573873335978 -0.0099546972863628919 -0.13869438968490616 -0.051583046952882718 -0.0063857148216754341 -0.0013508409214770883 0.20550665973534998 -0.038613376646021207 0.055444178879381509 0.17222889276095962 -0.11261502590219781 0.01263737646132815 0.0061092574955525182
leaf_weight=28584 6748 22532 15459 10310 1272 9008 452 2104 3572 50852 14282 25174 6149 39674 254152 1680 24580 3180 1928 400 106348 1288
leaf_count=28584 6748 22532 15459 10310 1272 9008 452 2104 3572 50852 14282 25174 6149 39674 254152 1680 24580 3180 1928 400 106348 1288
internal_value=-0.000159354 -8.10457e-05 -0.000923338 0.000465123 -0.00169242 -0.00259582 -0.00360204 -0.00106702 -0.00856185 -0.000355677 0.000774347 -0.00511555 -0.000320198 -0.0010473 0.000319691 0.000992411 -0.000381941 -0.00211206 0.0011718 0.00820815 0.00173014 0.00783333
internal_weight=629728 622980 200840 71592 129248 77124 54592 20410 4024 52124 16386 34182 56133 45823 422140 167988 58672 27760 30912 2328 109316 2968
internal_count=629728 622980 200840 71592 129248 77124 54592 20410 4024 52124 16386 34182 56133 45823 422140 167988 58672 27760 30912 2328 109316 2968
cat_boundaries=0 1 2 3 4 5
cat_threshold=1 96 64 96 52
is_linear=0
shrinkage=0.045


Tree=71
num_leaves=23
num_cat=3
split_feature=0 18 5 10 7 4 7 8 0 2 2 1 1 8 2 7 2 2 7 4 2 2
split_gain=170.438 92.994 127.348 86.1493 106.34 107.233 136.907 100.559 89.6367 86.7655 104.06 83.8442 143.884 86.9711 83.0934 80.3393 79.5082 80.7676 77.1784 76.9283 123.554 160.213
threshold=2.1911162137985234 -4.2749999999999995 0 11.549442035894929 19.895000000000003 1 35.860000000000007 54.535000000000004 0.030495272949337963 336.50000000000006 274.50000000000006 14.000000000000002 18.750000000000004 55.815000000000005 263.50000000000006 6.2350000000000012 314.50000000000006 317.50000000000006 31.73 2 352.50000000000006 251.50000000000003
decision_type=2 8 1 2 2 1 2 2 2 2 2 2 2 2 2 2 2 2 2 1 2 2
left_child=1 2 -1 7 8 6 -6 19 -5 10 18 13 14 15 -13 -10 -12 -18 -7 -3 21 -21
right_child=-2 3 -4 4 5 9 -8 -9 11 -11 16 12 -14 -15 -16 -17 17 -19 -20 20 -22 -23
leaf_value=-0.081049427759931944 -1.6343925655188589 0.012357447454712317 -0.0085677396297240953 0.055826755745632901 -0.10754392437931214 0.066314548288132213 0.50932918524976678 0.037425127203615356 0.0090910410239891503 0.18420714558856338 -0.1420436969470199 -0.10752805692874376 0.0042304191905927265 0.00051889967790548237 -0.0034640406728023874 -0.072126755021097805 0.23033294218881817 -0.026893853933425561 -0.11575281376930133 -0.012164523146359 -0.068142580260247484 0.045702319362640714
leaf_weight=24578 11624 129376 73734 2036 3416 23704 520 32936 4160 868 2520 34504 29603 144040 10577 5868 1532 1700 2976 67712 5952 15792
leaf_count=24578 11624 129376 73734 2036 3416 23704 520 32936 4160 868 2520 34504 29603 144040 10577 5868 1532 1700 2976 67712 5952 15792
internal_value=-0.000160212 -5.86793e-05 -0.00132784 0.00018137 -0.000380112 0.00185133 -0.00516337 0.000779104 -0.000740153 0.00268147 0.00230591 -0.000823854 -0.00206123 -0.000224022 -0.00366175 -0.00427567 -0.003183 0.00148887 0.00348943 0.000430189 -0.000584455 -0.000137954
internal_weight=629728 618104 98312 519792 268024 37236 3936 251768 230788 33300 32432 228752 74684 154068 45081 10028 5752 3232 26680 218832 89456 83504
internal_count=629728 618104 98312 519792 268024 37236 3936 251768 230788 33300 32432 228752 74684 154068 45081 10028 5752 3232 26680 218832 89456 83504
cat_boundaries=0 1 2 3
cat_threshold=8 16 58
is_linear=0
shrinkage=0.045


Tree=72
num_leaves=23
num_cat=4
split_feature=13 18 5 17 17 5 5 1 2 2 1 7 4 12 10 10 16 2 7 7 8 12
split_gain=168.598 94.9246 92.3651 75.1353 75.0007 284.625 67.8863 74.9705 53.382 49.5725 66.1678 48.292 70.0969 70.8626 51.9292 50.561 46.2505 99.2889 86.9265 80.3563 72.6958 72.3751
threshold=332.53500000000003 -10.819999999999995 0 7.6700000000000008 4.3800000000000026 1 2 16.000000000000004 241.50000000000003 307.50000000000006 16.500000000000004 22.665000000000003 3 1.5000000000000002 287.75352290107298 712.60814958904746 9.3050000000000015 6.5000000000000009 5.0050000000000008 0.7350000000000001 29.345000000000002 11.500000000000002
decision_type=2 8 1 10 10 1 1 2 2 2 2 2 1 2 2 2 8 2 2 2 2 2
left_child=1 2 3 -1 16 9 -7 -8 11 -6 -11 12 13 15 -14 -2 17 -3 -18 20 -19 -21
right_child=8 4 -4 -5 5 6 7 -9 -10 10 -12 -13 14 -15 -16 -17 18 19 -20 21 -22 -23
leaf_value=-0.26053191430250977 -6.2907253118586235 -0.35187318980921295 -0.046843266782110086 -0.012625180030963152 0.022633802070664802 -0.042657956985799321 -0.057603381636955588 -0.22569438136261738 1.1760668547054551 0.0034982013355825447 0.33464603339760529 -19.016430064584309 -1.8478759836660437 40.773323263590029 -26.780713287686527 95.040439339467355 0.041271443391890372 -0.023928429324055808 0.0023850516589711355 -0.045849898336207978 0.058370482764037883 0.015502734993230936
leaf_weight=7637 908 1396 33354 3481 40368 22651 13494 9157 1160 2438 2496 1668 1124 448 1144 296 33068 2380 421732 15208 4472 9648
leaf_count=7637 908 1396 33354 3481 40368 22651 13494 9157 1160 2438 2496 1668 1124 448 1144 296 33068 2380 421732 15208 4472 9648
internal_value=-0.00015964 -8.2996e-05 -0.00208639 -0.00563612 7.10187e-05 -0.00111797 -0.0036396 -0.00538201 -0.00723333 0.0014042 0.00566147 -0.00905635 -0.00632203 0.000757212 -0.0114276 -0.00492537 0.000291819 -0.00133208 0.000410025 -0.00081457 0.00349942 -0.00200398
internal_weight=629728 622980 44472 11118 578508 90604 45302 22651 6748 45302 4934 5588 3920 1652 2268 1204 487904 33104 454800 31708 6852 24856
internal_count=629728 622980 44472 11118 578508 90604 45302 22651 6748 45302 4934 5588 3920 1652 2268 1204 487904 33104 454800 31708 6852 24856
cat_boundaries=0 1 2 3 4
cat_threshold=8 12 2 58
is_linear=0
shrinkage=0.045


Tree=73
num_leaves=23
num_cat=3
split_feature=13 12 1 2 10 8 2 9 4 10 9 7 9 2 9 5 16 2 2 4 2 9
split_gain=161.24 88.4495 168.741 128.782 98.8221 151.571 120.462 169.27 109.425 98.8042 88.7809 80.0831 79.5774 76.8398 81.9671 72.0423 67.2857 66.5932 125.761 72.6643 69.5651 72.732
threshold=332.53500000000003 4.5000000000000009 19.500000000000004 31.500000000000004 7.7540358572595069 34.82500000000001 24.500000000000004 31.522500000000004 0 9.8273971060640513 32.867083333333341 5.1450000000000005 14.6525 6.5000000000000009 25.256458333333338 1 1.4750000000000003 364.50000000000006 360.50000000000006 2 352.50000000000006 21.629791666666669
decision_type=2 2 2 2 2 2 2 2 1 2 2 2 2 2 2 1 10 2 2 1 2 2
left_child=1 2 3 4 5 -1 8 -8 12 10 -5 -10 -6 14 -13 -4 -11 18 20 -20 -3 -22
right_child=-2 17 15 9 6 -7 7 -9 11 16 -12 13 -14 -15 -16 -17 -18 -19 19 -21 21 -23
leaf_value=-0.0018235289540459514 -5.0234215081909213 0.0048502626771229664 0.044394039088517995 -0.0099898773530532493 -0.063089927463281417 0.18774489691880358 -0.11815493257147175 0.11533547122605947 0.15214097378431177 0.05211314992683342 0.36200176900609526 -0.040607932538963568 0.13818516185108212 -0.082440404248827689 0.18444627574167777 0.0012170792890007092 -0.071282302129651948 -0.098605871996726727 0.31148319011317754 0.015382279157375509 -0.077518289981359081 0.0062023436948163277
leaf_weight=5010 6748 315992 26008 54356 796 3910 3136 1670 2060 572 808 1120 6328 7884 978 90404 91732 1248 1452 1216 3448 2852
leaf_count=5010 6748 315992 26008 54356 796 3910 3136 1670 2060 572 808 1120 6328 7884 978 90404 91732 1248 1452 1216 3448 2852
internal_value=-0.00015571 -8.07567e-05 -0.000642913 -0.00150497 0.00104107 0.00508406 -0.000463627 -0.00683236 0.00113392 -0.00207286 -0.00056611 -0.00148208 0.00554933 -0.00315054 0.0045 0.0006927 -0.00297332 0.000430673 0.000470547 0.0101966 0.00038997 -0.00429149
internal_weight=629728 622980 296772 180360 32892 8920 23972 4806 19166 147468 55164 12042 7124 9982 2098 116412 92304 326208 324960 2668 322292 6300
internal_count=629728 622980 296772 180360 32892 8920 23972 4806 19166 147468 55164 12042 7124 9982 2098 116412 92304 326208 324960 2668 322292 6300
cat_boundaries=0 1 2 3
cat_threshold=97 1 104
is_linear=0
shrinkage=0.045


Tree=74
num_leaves=23
num_cat=3
split_feature=13 18 5 17 17 5 5 1 2 2 2 1 18 12 2 9 7 9 11 1 2 1
split_gain=155.814 101.167 83.2008 73.9186 69.4632 267.441 64.5152 71.1045 55.9717 47.4393 57.0195 55.0111 46.7658 45.4381 56.9323 102.89 67.0421 62.4941 65.8261 54.7574 93.6648 89.1035
threshold=518.1450000000001 -10.819999999999995 0 7.6700000000000008 4.3800000000000026 1 2 16.000000000000004 241.50000000000003 203.50000000000003 61.500000000000007 16.750000000000004 13.004999999999997 -9.4999999999999982 31.500000000000004 14.6525 11.275 14.463958333333334 0.18750000000000003 8.2500000000000018 2.5000000000000004 20.000000000000004
decision_type=2 8 1 10 10 1 1 2 2 2 2 2 8 2 2 2 2 2 2 2 2 2
left_child=1 2 3 -1 13 9 -7 -8 -2 10 11 -6 -11 14 15 -3 -17 18 -16 -15 -21 -22
right_child=8 4 -4 -5 5 6 7 -9 -10 12 -12 -13 -14 19 17 16 -18 -19 -20 20 21 -23
leaf_value=-0.2554099628812373 -17.259022188994365 -0.2559171876439314 -0.05296997994656602 -0.011720788763092882 -0.0038821008065738905 -0.040596398890435613 -0.05578655853315434 -0.21598966883581086 8.3423757691776412 0.015987328571950631 -0.031026859047051353 0.25494748594359462 0.30109117241225236 0.0074195395582871259 0.25118264861637152 0.17745464755300966 0.062910808544834468 -0.0017071788371137997 -0.28876140504529557 0.099133664635937549 -0.0085311139994013914 0.012326485587650824
leaf_weight=7786 3876 596 34356 3666 5018 22842 13588 9254 636 9874 18570 4206 8016 188798 864 2284 5248 14796 200 2657 202497 70100
leaf_count=7786 3876 596 34356 3666 5018 22842 13588 9254 636 9874 18570 4206 8016 188798 864 2284 5248 14796 200 2657 202497 70100
internal_value=-0.000153066 -9.29196e-05 -0.00212868 -0.00544836 6.80347e-05 -0.0010707 -0.00350479 -0.00519625 -0.00848361 0.0013639 0.000200748 0.00309235 0.00317153 0.000281226 0.00219091 0.00525277 0.00667773 0.000621296 0.0111445 0.0001825 -0.000222338 -0.000304321
internal_weight=629728 625216 45808 11452 579408 91368 45684 22842 4512 45684 27794 9224 17890 488040 23988 8128 7532 15860 1064 464052 275254 272597
internal_count=629728 625216 45808 11452 579408 91368 45684 22842 4512 45684 27794 9224 17890 488040 23988 8128 7532 15860 1064 464052 275254 272597
cat_boundaries=0 1 2 3
cat_threshold=8 12 2
is_linear=0
shrinkage=0.045


Tree=75
num_leaves=23
num_cat=4
split_feature=13 18 5 10 8 7 4 7 8 10 2 0 10 4 7 10 1 2 2 12 4 10
split_gain=154.217 92.8781 81.2803 64.1175 101.073 84.5837 113.381 134.893 87.5777 99.7972 82.5494 79.7712 70.1743 73.1179 69.3404 116.722 67.7546 64.9929 103.39 94.9277 103.134 82.6745
threshold=518.1450000000001 -8.7100000000000009 0 11.549442035894929 54.535000000000004 19.895000000000003 1 35.860000000000007 146.14000000000001 54.928828829377842 12.500000000000002 1.0000000180025095e-35 9.780210656073967 2 22.885000000000002 6.7339142242959715 8.2500000000000018 325.50000000000006 297.50000000000006 6.5000000000000009 3 10.425803092438356
decision_type=2 8 1 2 2 2 1 2 2 2 2 2 2 1 2 2 2 2 2 2 1 2
left_child=1 2 -1 4 12 11 7 -7 -8 -10 -6 -5 14 -14 -3 -16 -11 18 21 20 -19 -12
right_child=-2 3 -4 5 10 6 8 -9 9 16 17 -13 13 -15 15 -17 -18 19 -20 -21 -22 -23
leaf_value=-0.15556143669057323 -13.996750799546131 0.0076778923626970941 -0.037461218855062949 0.070710772934520341 -0.048424348867831549 -0.11021481138563864 0.078617999540957009 0.47091788791280648 -0.068733619245576583 0.06809510478154486 0.0082568612972047026 -0.008054544132782452 0.016273703056412524 -0.034294160624632732 -0.16820149262649875 0.10519155125702651 -0.012127483065474442 0.11103866234905542 0.12116308580734109 0.082323208450991184 -0.083307471135524516 0.07642107251714543
leaf_weight=13838 4512 199396 41514 1224 2468 3748 21488 596 6016 4415 12468 251836 12336 24332 1720 1196 5793 604 3024 2168 3032 12004
leaf_count=13838 4512 199396 41514 1224 2468 3748 21488 596 6016 4415 12468 251836 12336 24332 1720 1196 5793 604 3024 2168 3032 12004
internal_value=-0.000155995 -9.61585e-05 -0.00185596 7.47807e-05 0.000569481 -0.000385778 0.00148295 -0.00539256 0.002276 -0.000219093 0.00280039 -0.000696351 0.000235562 -0.00157567 0.000563851 -0.00632282 0.00249021 0.00338899 0.00430231 -0.000937823 -0.0053807 0.0033317
internal_weight=629728 625216 55352 569864 274748 295116 42056 4344 37712 16224 35768 253060 238980 36668 202312 2916 10208 33300 27496 5804 3636 24472
internal_count=629728 625216 55352 569864 274748 295116 42056 4344 37712 16224 35768 253060 238980 36668 202312 2916 10208 33300 27496 5804 3636 24472
cat_boundaries=0 1 2 3 4
cat_threshold=8 16 56 48
is_linear=0
shrinkage=0.045


Tree=76
num_leaves=23
num_cat=2
split_feature=13 15 1 16 2 2 4 7 7 0 9 10 17 2 2 1 5 18 7 9 8 2
split_gain=148.205 76.8854 90.2944 64.7194 63.4781 104.107 89.6874 92.8849 83.5676 74.4083 69.9315 64.9613 72.0789 67.5293 62.0743 60.2223 59.9468 57.9226 57.9059 59.5354 58.2091 133.527
threshold=259.76000000000005 28.015000000000004 19.500000000000004 21.925000000000004 89.500000000000014 205.50000000000003 0 15.665000000000001 19.315000000000001 0.67181223630905162 30.647916666666671 5.5788980343238519 -8.2149999999999999 86.500000000000014 239.50000000000003 11.500000000000002 1 -11.494999999999999 22.665000000000003 541.92354166666678 1021.4750000000001 215.50000000000003
decision_type=2 10 2 8 2 2 1 2 2 2 2 2 10 2 2 2 1 10 2 2 2 2
left_child=1 -1 4 -4 11 6 8 -8 9 -6 -9 15 16 -14 18 -3 -13 -5 19 20 21 -2
right_child=14 2 3 17 5 -7 7 10 -10 -11 -12 12 13 -15 -16 -17 -18 -19 -20 -21 -22 -23
leaf_value=0.0027944042576928743 -2.5926144668124875 -0.17283357109160857 -0.030644881162781606 -0.013949685791502407 0.018755996528355749 -0.022334728320492346 -0.084928604811176242 -0.025627715263636101 0.17589608635046042 -0.21541181945229082 -0.35115659869174848 -0.0018889514910584715 0.025233239392411611 0.42901295316051619 1.0910214228747597 0.035259867979001942 -0.14527426058629481 0.035882852032895915 -15.813750586034088 63.086782572321006 -11.845991915078478 7.6631915490017386
leaf_weight=422140 1696 1476 9424 27164 4688 51438 6670 1302 3026 12076 5370 5116 30780 992 1788 852 3796 34558 1680 440 1904 1352
leaf_count=422140 1696 1476 9424 27164 4688 51438 6670 1302 3026 12076 5370 5116 30780 992 1788 852 3796 34558 1680 440 1904 1352
internal_value=-0.000152637 -7.01596e-05 -0.000800005 0.000484483 -0.0015163 -0.00223212 -0.00419931 -0.00704957 -0.0022725 -0.00351604 -0.0108084 -0.000108802 0.000309689 0.00131287 -0.00593094 -0.00741631 -0.00326621 0.00101484 -0.00782443 -0.00554783 -0.00695801 -0.00309836
internal_weight=629728 620868 198728 71146 127582 84570 33132 13342 19790 16764 6672 43012 40684 31772 8860 2328 8912 61722 7072 5392 4952 3048
internal_count=629728 620868 198728 71146 127582 84570 33132 13342 19790 16764 6672 43012 40684 31772 8860 2328 8912 61722 7072 5392 4952 3048
cat_boundaries=0 1 2
cat_threshold=15 3
is_linear=0
shrinkage=0.045


Tree=77
num_leaves=23
num_cat=2
split_feature=13 12 1 2 2 2 1 2 10 4 1 0 2 2 4 2 2 2 7 2 13 18
split_gain=141.94 75.6241 140.173 114.91 122.589 163.909 110.037 98.5726 124.331 120.559 96.5684 86.1071 122.098 83.8442 110.846 83.5803 82.5775 79.7339 75.3532 74.835 69.4714 67.3535
threshold=259.76000000000005 4.5000000000000009 19.500000000000004 68.500000000000014 307.50000000000006 301.50000000000006 16.500000000000004 323.50000000000006 4.9786368469297004 0 17.500000000000004 0.70565986633300792 82.500000000000014 354.50000000000006 1 263.50000000000006 270.50000000000006 58.500000000000007 13.505000000000001 29.500000000000004 8.1250000000000036 -0.045000000000001698
decision_type=2 2 2 2 2 2 2 2 2 1 2 2 2 2 1 2 2 2 2 2 2 10
left_child=1 2 3 10 5 11 7 9 -9 -6 17 12 -5 -10 -15 -13 -17 19 -16 -1 -19 -12
right_child=-2 -3 -4 4 6 -7 -8 8 13 -11 21 15 -14 14 18 16 -18 20 -20 -21 -22 -23
leaf_value=0.004892231822758334 -2.5801727757381125 0.0040795965293988273 0.0087967320413027059 -0.094009876245585239 0.20573400207572062 -0.19755880812828783 0.085733593112067991 0.10046637943258707 -0.060794486389282629 -0.029400048559477199 0.032910967202732754 -0.2282010360524713 -0.00082084814894027634 0.12840141842492281 -0.058465970383114102 0.90190951824737264 -0.11488276141792585 0.15984718387308747 0.08415116205958996 -0.039453105195992808 0.0057334830870786873 0.33480325868183908
leaf_weight=25334 8860 326172 115966 7602 1732 2948 11140 1380 12752 2020 9480 31960 31858 1426 1174 1440 5716 2000 356 22170 2720 3522
leaf_count=25334 8860 326172 115966 7602 1732 2948 11140 1380 12752 2020 9480 31960 31858 1426 1174 1440 5716 2000 356 22170 2720 3522
internal_value=-0.000154209 -7.34936e-05 -0.000595983 -0.00138652 -0.00225147 -0.0031777 0.000109749 -0.00182012 -0.00327033 0.0047829 0.000118661 -0.00278666 -0.00130341 -0.00440834 0.00241886 -0.00428281 0.00011316 -0.000745318 -0.00598249 -0.00129963 0.00483164 0.00358851
internal_weight=629728 620868 294696 178730 113504 81524 31980 20840 17088 3752 65226 78576 39460 15708 2956 39116 7156 52224 1530 47504 4720 13002
internal_count=629728 620868 294696 178730 113504 81524 31980 20840 17088 3752 65226 78576 39460 15708 2956 39116 7156 52224 1530 47504 4720 13002
cat_boundaries=0 1 2
cat_threshold=88 50
is_linear=0
shrinkage=0.045


Tree=78
num_leaves=23
num_cat=3
split_feature=13 18 5 10 7 8 4 2 2 2 2 2 0 1 1 8 7 2 2 2 4 2
split_gain=139.861 85.5204 119.605 72.8427 83.1748 82.8687 82.5133 125.994 82.9163 89.2536 84.6571 76.3771 73.0036 74.8913 113.041 77.7524 73.1434 75.0946 72.9039 76.2089 71.613 106.677
threshold=518.1450000000001 -3.4049999999999989 0 11.549442035894929 19.895000000000003 54.535000000000004 1 68.500000000000014 336.50000000000006 274.50000000000006 314.50000000000006 50.500000000000007 1.0000000180025095e-35 14.000000000000002 18.750000000000004 55.815000000000005 6.2350000000000012 78.500000000000014 263.50000000000006 284.50000000000006 2 352.50000000000006
decision_type=2 8 1 2 2 2 1 2 2 2 2 2 2 2 2 2 2 2 2 2 1 2
left_child=1 2 -1 5 12 20 7 11 9 -8 -11 -6 -5 15 18 16 -14 -18 -15 -20 -3 -22
right_child=-2 3 -4 4 6 -7 8 -9 -10 10 -12 -13 13 14 -16 -17 17 -19 19 -21 21 -23
leaf_value=-0.064932984518556322 -12.760574597883386 0.011899874295573791 -0.0064145438169145924 0.067423469170311667 -0.07090493215251667 0.034563382722638668 0.050218089299038773 -0.13740992789729398 0.17179049908665106 -0.14264119609227829 0.017917343706366228 0.26830647899459853 0.008742985176028303 -0.096908558825443053 0.0047029547557570425 0.0009683038361036208 -0.17951486566491165 -0.032085349374084998 0.081017448154385482 -0.054079920458698867 -0.0019753798091520329 -0.062639837892985717
leaf_weight=30441 4512 123752 91323 1216 616 31472 26556 2288 840 2372 3132 968 4152 36008 26849 140896 1772 3944 3688 6967 80180 5784
leaf_count=30441 4512 123752 91323 1216 616 31472 26556 2288 840 2372 3132 968 4152 36008 26849 140896 1772 3944 3688 6967 80180 5784
internal_value=-0.000152422 -9.54387e-05 -0.0011656 0.000163391 -0.000355688 0.000727829 0.00162873 -0.00457647 0.00235993 0.00199442 -0.00322012 0.00516393 -0.000679309 -0.000738971 -0.00191657 -0.000164759 -0.00402584 -0.00732686 -0.00325506 1.4779e-05 0.000404686 -0.000593014
internal_weight=629728 625216 121764 503452 262264 241188 36772 3872 32900 32060 5504 1584 225492 224276 73512 150764 9868 5716 46663 10655 209716 85964
internal_count=629728 625216 121764 503452 262264 241188 36772 3872 32900 32060 5504 1584 225492 224276 73512 150764 9868 5716 46663 10655 209716 85964
cat_boundaries=0 1 2 3
cat_threshold=8 16 58
is_linear=0
shrinkage=0.045


Tree=79
num_leaves=23
num_cat=3
split_feature=13 18 5 17 17 5 17 2 2 2 2 1 2 15 1 16 2 2 4 7 12 7
split_gain=132.282 80.9488 68.7949 63.9704 59.2848 126.803 140.944 54.4157 66.8286 96.6493 55.7507 69.2127 53.8761 52.4181 51.1377 50.2063 85.8842 84.0447 82.1186 144.367 72.2519 70.5847
threshold=518.1450000000001 -10.819999999999995 0 7.6700000000000008 2.8899999999999983 1 8.3399999999999999 203.50000000000003 171.50000000000003 159.50000000000003 70.500000000000014 16.750000000000004 241.50000000000003 50.995000000000012 16.000000000000004 9.3050000000000015 8.5000000000000018 6.5000000000000009 2 17.915000000000003 -6.4999999999999991 0.7350000000000001
decision_type=2 8 1 10 8 1 10 2 2 2 2 2 2 8 2 8 2 2 1 2 2 2
left_child=1 2 3 -1 15 6 -6 8 9 10 11 -7 -2 -10 -8 17 18 -3 19 -17 -20 -19
right_child=12 4 -4 -5 5 7 14 -9 13 -11 -12 -13 -14 -15 -16 16 -18 21 20 -21 -22 -23
leaf_value=-0.2320156982787922 -14.885301203337596 -0.31177877440518142 -0.04610598792627283 -0.0026271698512457717 -0.012220528061721149 -0.01236243945432591 -0.13014648694516151 0.017738658305443418 -0.023923945221346853 0.11911539138220237 -0.035711316400514802 0.12997984708568783 9.238060313327825 -0.095024059979604059 -0.29325531501271251 0.11248486870438336 0.0034906025766574264 0.029842635063998459 0.17140936852468608 -0.034161388328317416 -0.02095094593357753 -0.026419756058800339
leaf_weight=7786 3876 1220 34356 3666 25943 18785 6290 44904 7230 4113 29115 8074 636 3144 6222 5120 382800 6444 812 1628 4756 22808
leaf_count=7786 3876 1220 34356 3666 25943 18785 6290 44904 7230 4113 29115 8074 636 3144 6222 5120 382800 6444 812 1628 4756 22808
internal_value=-0.000149921 -9.4503e-05 -0.00191552 -0.00493414 4.94727e-05 -0.000707669 -0.00294506 3.84175e-05 -0.000741772 -0.000165879 -0.000655192 0.000823406 -0.00782565 -0.00407672 -0.00686831 0.000323128 0.000458863 -0.0014368 0.00415733 0.00748891 0.000104839 -0.000953716
internal_weight=629728 625216 45808 11452 579408 153820 38455 115365 70461 60087 55974 26859 4512 10374 12512 425588 395116 30472 12316 6748 5568 29252
internal_count=629728 625216 45808 11452 579408 153820 38455 115365 70461 60087 55974 26859 4512 10374 12512 425588 395116 30472 12316 6748 5568 29252
cat_boundaries=0 1 2 3
cat_threshold=8 1 43
is_linear=0
shrinkage=0.045


Tree=80
num_leaves=23
num_cat=5
split_feature=0 7 10 1 4 7 4 9 18 5 1 1 17 3 18 17 5 2 10 16 8 1
split_gain=127.747 86.6664 75.1787 84.2984 68.1301 69.5162 59.7071 111.85 54.7444 142.879 97.5752 116.067 70.7765 63.5614 53.1163 52.0586 81.8122 51.0952 52.3558 49.7231 53.473 46.3563
threshold=1.1207150816917422 12.125000000000002 345.98309967211878 6.0000000000000009 0 17.360000000000003 1 122.39708333333336 -1.9299999999999977 2 17.250000000000004 7.7500000000000009 1.3200000000000014 3 -6.3699999999999992 1.1800000000000008 4 219.50000000000003 102.85762999046325 1.4750000000000003 29.345000000000002 13.000000000000002
decision_type=2 2 2 2 1 2 1 2 8 1 2 2 10 1 10 10 1 2 2 8 2 2
left_child=8 -2 3 -3 -4 -6 -5 17 9 12 11 -11 -1 -10 -13 19 -17 18 -8 20 -15 -9
right_child=1 2 4 6 5 -7 7 21 13 10 -12 14 -14 15 -16 16 -18 -19 -20 -21 -22 -23
leaf_value=0.037686513362292444 0.19300098132394222 0.57809223792265674 -21.677666121422309 -0.099145607169885283 12.581197321638836 -1.4777303717650994 -0.48875247547676293 -1.2922776660186137 0.0083063967908233033 -0.0080648827612641149 -0.0024983075806172339 -0.14514370568575349 -0.064172194074421637 -0.019367721115746073 -0.040712792686676595 0.0040248292805953869 -0.035376698729159654 -0.22887206745853239 -1.0360436534658211 0.0017891238058887421 0.063160903780423577 2.6021718263436608
leaf_weight=30899 7524 1816 860 16252 748 3468 9272 152 219164 27495 57138 7279 6795 752 21170 39846 39846 6532 1564 128692 1672 792
leaf_count=30899 7524 1816 860 16252 748 3468 9272 152 219164 27495 57138 7279 6795 752 21170 39846 39846 6532 1564 128692 1672 792
internal_value=-0.000143133 -0.00235005 -0.00315645 -0.00244036 -0.00828574 -0.00587512 -0.00293699 -0.00469794 4.30047e-05 -0.000694796 -0.00149451 -0.0028305 0.00170424 0.000301728 -0.00484544 -0.000256143 -0.0011632 -0.00552073 -0.00741557 0.000295154 0.00667766 0.01037
internal_weight=629728 48980 41456 36380 5076 4216 34564 18312 580748 150776 113082 55944 37694 429972 28449 210808 79692 17368 10836 131116 2424 944
internal_count=629728 48980 41456 36380 5076 4216 34564 18312 580748 150776 113082 55944 37694 429972 28449 210808 79692 17368 10836 131116 2424 944
cat_boundaries=0 1 2 3 4 5
cat_threshold=65 69 1 116 12
is_linear=0
shrinkage=0.045


Tree=81
num_leaves=23
num_cat=8
split_feature=13 18 5 17 17 5 1 5 2 18 5 5 18 17 1 17 5 4 4 14 2 2
split_gain=125.286 72.3161 71.6038 66.9977 55.3202 233.096 58.7704 58.8745 51.3323 46.7412 44.33 42.4062 160.62 111.662 58.1584 98.9863 47.9456 46.83 43.8319 58.1839 60.4653 49.8632
threshold=518.1450000000001 -13.984999999999999 0 7.6700000000000008 4.5200000000000014 1 15.000000000000002 2 241.50000000000003 15.375 3 4 0.16000000000000195 -0.58999999999999886 19.500000000000004 -6.0999999999999979 5 6 7 67.185000000000016 339.50000000000006 358.50000000000006
decision_type=2 8 1 8 10 1 2 1 2 8 1 1 10 10 2 8 1 1 1 2 2 2
left_child=1 2 3 -1 11 9 -7 -8 -2 -6 -11 13 14 16 15 -13 -3 -14 19 20 -15 -22
right_child=8 4 -4 -5 5 6 7 -9 -10 10 -12 12 17 18 -16 -17 -18 -19 -20 -21 21 -23
leaf_value=-0.31580280801526017 -14.100456720604132 0.027165407752101897 -0.054765625591139934 -0.026435263934322994 0.007006561352776333 -0.028957571036639589 -0.074904187507697104 -0.19306927717384786 8.8512540105129993 0.30999456150480625 0.032190666353110221 -0.07956780235077214 0.024030408913691039 0.033792702971601613 0.0013621463597887297 -0.011882916424613239 0.0072406791435615766 0.0035652496060968103 -0.0096694455139758346 -0.0202222228299609 -0.075727613307482761 0.043995972138539119
leaf_weight=5880 3876 66283 27090 3150 31566 22980 11425 11425 636 7132 7132 10096 45704 21988 47236 85308 66283 60374 83312 8682 1390 780
leaf_count=5880 3876 66283 27090 3150 31566 22980 11425 11425 636 7132 7132 10096 45704 21988 47236 85308 66283 60374 83312 8682 1390 780
internal_value=-0.000136344 -8.24113e-05 -0.00203685 -0.00550431 3.74301e-05 -0.000978432 -0.00324724 -0.00486391 -0.00760634 0.00129085 0.00342878 0.000224621 -0.00019087 0.000640092 -0.00117704 -0.0018164 0.00153261 0.00113518 -0.000378506 0.00101364 0.00214942 -0.00501381
internal_weight=629728 625216 36120 9030 589096 91660 45830 22850 4512 45830 14264 497436 248718 248718 142640 95404 132566 106078 116152 32840 24158 2170
internal_count=629728 625216 36120 9030 589096 91660 45830 22850 4512 45830 14264 497436 248718 248718 142640 95404 132566 106078 116152 32840 24158 2170
cat_boundaries=0 1 2 3 4 5 6 7 8
cat_threshold=8 12 2 8 3 1 11 10
is_linear=0
shrinkage=0.045


Tree=82
num_leaves=23
num_cat=3
split_feature=13 12 2 1 12 15 5 2 2 4 4 7 1 7 2 10 2 2 2 8 10 2
split_gain=122.984 69.7643 134.423 124.734 102.62 79.0318 61.1891 57.4038 118.714 70.6754 62.812 176.92 122.304 109.007 89.4188 158.964 99.2896 142.464 86.0919 86.1489 80.9848 77.5187
threshold=518.1450000000001 4.5000000000000009 2.5000000000000004 19.500000000000004 -9.4999999999999982 35.545000000000009 0 364.50000000000006 360.50000000000006 1 2 18.555000000000003 12.000000000000002 28.565000000000001 352.50000000000006 4.8877685971029914 113.50000000000001 145.50000000000003 111.50000000000001 146.14000000000001 3.3478309623489251 341.50000000000006
decision_type=2 2 2 2 2 10 1 2 2 1 1 2 2 2 2 2 2 2 2 2 2 2
left_child=1 2 -1 4 -4 -6 -5 8 10 -10 11 12 20 -13 16 -16 18 -18 19 -12 -3 -14
right_child=-2 7 3 6 5 -7 -8 -9 9 -11 14 13 21 -15 15 -17 17 -19 -20 -21 -22 -23
leaf_value=0.19397874954095115 -11.24431903625999 -0.16863779314768262 0.037398381276880298 0.025034089523228959 -0.012209025086705724 -0.11439913227834468 -0.0058209411329233117 -0.093958256221546771 0.29449181579526656 0.014290429256028074 0.003043978528494814 -0.068035894790269974 -0.050606631905926028 0.4105603410054951 0.099870579599707424 -0.084156335848400557 0.054149663997581809 0.0083609199781098931 -0.17063105971694828 -0.081436719745348135 0.0096934492132161459 0.13686298685893131
leaf_weight=2112 4512 464 13052 51812 108052 59542 64318 1248 1452 1216 69756 12324 11724 1152 1196 3484 21912 126748 1088 7296 64956 312
leaf_count=2112 4512 464 13052 51812 108052 59542 64318 1248 1452 1216 69756 12324 11724 1152 1196 3484 21912 126748 1088 7296 64956 312
internal_value=-0.000135487 -8.20514e-05 -0.000578741 -0.000659281 -0.00139896 -0.00169828 0.000491337 0.000372874 0.000409881 0.00985955 0.000331623 -0.000670468 0.00015744 -0.00542885 0.000725273 -0.00543037 0.000852373 0.00153499 -0.000446303 -0.000268643 0.00092446 -0.00401105
internal_weight=629728 625216 298888 296776 180646 167594 116130 326328 325080 2668 322412 90932 77456 13476 231480 4680 226800 148660 78140 77052 65420 12036
internal_count=629728 625216 298888 296776 180646 167594 116130 326328 325080 2668 322412 90932 77456 13476 231480 4680 226800 148660 78140 77052 65420 12036
cat_boundaries=0 1 2 3
cat_threshold=3 104 48
is_linear=0
shrinkage=0.045


Tree=83
num_leaves=23
num_cat=2
split_feature=13 10 4 8 8 10 2 10 2 12 9 2 4 10 7 7 10 8 14 10 9 7
split_gain=118.241 62.9618 102.34 100.142 94.3922 81.5043 77.9611 72.4765 69.5363 97.3733 106.916 92.8533 81.1946 72.8326 67.0551 62.1809 115.35 61.7696 65.1633 147.065 124.348 89.0455
threshold=259.76000000000005 11.549442035894929 0 54.535000000000004 55.035000000000004 12.080326525132236 12.500000000000002 9.780210656073967 325.50000000000006 6.5000000000000009 29.788750000000004 297.50000000000006 1 10.425803092438356 20.110000000000003 22.885000000000002 6.7339142242959715 39.210000000000008 160.68000000000004 91.040269557728251 109.53229166666668 18.845000000000002
decision_type=2 2 1 2 2 2 2 2 2 2 2 2 1 2 2 2 2 2 2 2 2 2
left_child=1 3 17 7 5 -4 -5 15 11 10 12 13 -10 -8 -9 -1 -17 -3 -19 -20 21 -21
right_child=-2 2 4 6 -6 -7 8 14 9 -11 -12 -13 -14 -15 -16 16 -18 18 19 20 -22 -23
leaf_value=0.0057917143497872659 -2.2906312835530191 0.91602082747032798 -0.11820068293617228 -0.047645568204421132 0.0023739498911982768 -0.013237854269768302 0.0092325990109384404 -0.017607533184307994 0.072707998425739481 0.081349720067905654 0.32284183948714862 0.11985981554480557 -0.097052773531932382 0.074580866845493587 -0.25159223660950503 -0.15654154038017912 0.10272726583606751 -0.030261476092142681 0.045849275906449855 -0.033578243584116908 0.017793261430084039 -0.17608888934415981
leaf_weight=206576 8860 288 4700 2688 232728 8644 13440 38324 468 2348 452 3196 3164 12960 672 1728 1248 69712 8428 3520 4100 1484
leaf_count=206576 8860 288 4700 2688 232728 8644 13440 38324 468 2348 452 3196 3164 12960 672 1728 1248 69712 8428 3520 4100 1484
internal_value=-0.000134986 -6.13172e-05 -0.000481826 0.000427026 -1.17033e-05 -0.00369212 0.00255579 9.54134e-05 0.00310741 -0.00113304 -0.0053304 0.00402899 -0.00790039 0.00315147 -0.00168586 0.000426907 -0.00602921 -0.00180321 -0.00187229 0.000580016 -0.00338513 -0.00814423
internal_weight=629728 620868 333604 287264 246072 13344 38716 248548 36028 6432 4084 29596 3632 26400 38996 209552 2976 87532 87244 17532 9104 5004
internal_count=629728 620868 333604 287264 246072 13344 38716 248548 36028 6432 4084 29596 3632 26400 38996 209552 2976 87532 87244 17532 9104 5004
cat_boundaries=0 1 2
cat_threshold=48 48
is_linear=0
shrinkage=0.045


Tree=84
num_leaves=23
num_cat=6
split_feature=13 18 5 1 12 5 12 13 4 8 2 7 4 4 1 1 2 7 2 2 4 7
split_gain=116.436 64.909 121.858 56.4197 120.706 115.054 84.3082 61.1696 83.8015 56.0215 55.2741 78.1611 66.3904 60.686 53.0919 52.7511 49.6002 62.4105 49.0264 46.7803 96.5553 116.232
threshold=518.1450000000001 -2.6399999999999988 0 14.000000000000002 -1.0000000180025095e-35 1 1.5000000000000002 4.5750000000000028 2 78.870000000000019 308.50000000000006 12.635000000000003 3 4 17.750000000000004 16.500000000000004 56.500000000000007 15.535000000000002 241.50000000000003 358.50000000000006 5 14.005000000000001
decision_type=2 8 1 2 2 1 2 2 1 2 2 2 1 1 2 2 2 2 2 2 1 2
left_child=1 2 14 19 7 6 -6 8 -5 -10 12 13 -7 -12 -1 -15 -9 -18 -2 -3 -21 -22
right_child=18 3 -4 4 5 10 -8 16 9 -11 11 -13 -14 15 -16 -17 17 -19 -20 20 21 -23
leaf_value=-0.075111314213913788 -12.856863403785361 0.0042850581665955841 -0.00278149757450703 -0.068641134216364474 -0.21387156225936502 0.002732924730113355 -0.040441867898355049 0.06606785375450426 0.019364767459822116 -0.052468642174805034 0.31359125922164049 0.10827182651182093 -0.05471275267134109 -0.078912964875391012 -0.028943815720208554 0.11913712255261537 0.025384960812184651 -0.022962215468268342 9.0620203444314988 0.25215937811067735 -0.011531225713761884 0.23600035200985806
leaf_weight=14985 3876 306160 109845 6144 5778 35124 16873 17760 12504 3492 591 3459 25875 2083 21630 821 24784 11796 636 732 3516 1264
leaf_count=14985 3876 306160 109845 6144 5778 35124 16873 17760 12504 3492 591 3459 25875 2083 21630 821 24784 11796 636 732 3516 1264
internal_value=-0.000135844 -8.38508e-05 -0.000912831 0.000169752 -0.000497438 -0.00160867 -0.00438523 0.000819016 -0.00117469 0.000542541 -0.0006823 0.00311817 -0.00111576 -0.00162782 -0.00316058 -0.00430556 0.00163133 0.000683943 -0.00733717 0.000527426 0.00463547 0.00227254
internal_weight=629728 625216 146460 478756 167084 90604 22651 76480 22140 15996 67953 6954 60999 3495 36615 2904 54340 36580 4512 311672 5512 4780
internal_count=629728 625216 146460 478756 167084 90604 22651 76480 22140 15996 67953 6954 60999 3495 36615 2904 54340 36580 4512 311672 5512 4780
cat_boundaries=0 1 2 3 4 5 6
cat_threshold=8 1 72 75 24 32
is_linear=0
shrinkage=0.045


Tree=85
num_leaves=23
num_cat=4
split_feature=13 18 5 17 2 2 2 2 4 8 10 4 2 4 13 2 2 1 2 7 8 2
split_gain=110.093 63.7447 67.2598 63.1882 51.359 281.748 202.988 293.931 192.409 182.576 141.324 134.785 132.781 128.164 126.875 145.241 120.846 131.694 127.041 221.696 115.455 113.724
threshold=518.1450000000001 -13.984999999999999 0 7.6700000000000008 205.50000000000003 207.50000000000003 169.50000000000003 159.50000000000003 1 88.27500000000002 4.9786368469297004 2 151.50000000000003 3 48.495000000000012 179.50000000000003 253.50000000000003 5.5000000000000009 261.50000000000006 18.445000000000004 46.445000000000007 185.50000000000003
decision_type=2 8 1 8 2 2 2 2 1 2 2 1 2 1 2 2 2 2 2 2 2 2
left_child=1 2 3 -1 6 -6 7 12 9 10 -8 -7 -3 -14 15 -10 17 -13 19 -18 -15 -17
right_child=-2 4 -4 -5 5 11 8 -9 14 -11 -12 16 13 20 -16 21 18 -19 -20 -21 -22 -23
leaf_value=-0.29802379399852774 -10.124203432091909 0.00019895100514766449 -0.049746147121621204 -0.01895072284246473 0.11598694024610111 0.022728232522482579 -0.080172020106774697 0.073856165731067611 -0.0936054272345683 -0.03972582640278647 0.035104103669660019 -0.014071857246452801 0.0068081040106695682 0.0032790277594095555 -0.89243088464706455 0.026454431626019698 -0.084201694663642426 0.030428383477396292 -0.0063492614594391032 0.037624892116263998 -0.14297317578114335 -0.055579633390239275
leaf_weight=5880 4512 284240 27090 3150 2868 66236 1440 14168 3744 12680 15236 11262 5032 1868 1656 3868 5676 31886 107520 3044 4616 12056
leaf_count=5880 4512 284240 27090 3150 2868 66236 1440 14168 3744 12680 15236 11262 5032 1868 1656 3868 5676 31886 107520 3044 4616 12056
internal_value=-0.000135344 -8.47864e-05 -0.00191974 -0.00528036 2.77288e-05 0.000555573 -0.000306734 0.000125014 -0.0029469 -0.000582266 0.00251199 0.00037735 -0.000178321 -0.00491492 -0.00619868 -0.00519319 -0.000331713 0.00170197 -0.00108666 -0.00630991 -0.00908867 -0.00331722
internal_weight=629728 625216 36120 9030 589096 228492 360604 309924 50680 29356 16676 225624 295756 11516 21324 19668 159388 43148 116240 8720 6484 15924
internal_count=629728 625216 36120 9030 589096 228492 360604 309924 50680 29356 16676 225624 295756 11516 21324 19668 159388 43148 116240 8720 6484 15924
cat_boundaries=0 1 2 3 4
cat_threshold=8 15 96 19
is_linear=0
shrinkage=0.045


Tree=86
num_leaves=23
num_cat=3
split_feature=13 10 4 9 10 15 10 8 8 7 2 7 2 2 2 4 7 4 7 9 10 1
split_gain=106.052 60.7026 100.522 106.002 155.683 133.192 118.763 92.5807 80.7917 120.094 77.0348 76.02 72.8223 70.8826 68.8334 102.591 73.7633 75.9796 95.0271 75.9588 67.0755 63.8199
threshold=518.1450000000001 11.549442035894929 0 122.39708333333336 91.040269557728251 18.225000000000005 52.138725390979388 54.535000000000004 58.695000000000007 5.5150000000000006 8.5000000000000018 23.015000000000004 12.500000000000002 89.500000000000014 22.500000000000004 1 16.625000000000004 2 12.435 21.337291666666669 9.780210656073967 20.250000000000004
decision_type=2 2 1 2 2 8 2 2 2 2 2 2 2 2 2 1 2 1 2 2 2 2
left_child=1 7 8 4 6 -5 10 20 9 13 -4 -6 -9 -3 15 -14 17 -16 -19 -20 -1 -11
right_child=-2 2 3 5 11 -7 -8 12 -10 21 -12 -13 14 -15 16 -17 -18 18 19 -21 -22 -23
leaf_value=0.0044800184393581919 -9.668614277647773 -0.012936444705344123 0.14339625758963523 -0.080706546438201854 -0.057203748291799819 0.05557519899136746 0.042647454448796134 -0.044614528241787556 0.0049816813263873043 -0.085929382115742678 -0.021063667094908881 -0.31536529760654153 -0.079911950631794113 0.15682146217832221 0.10135515260472286 0.40141084280093314 0.0022919545370452266 -0.033161079909936809 0.74758549779552796 0.046651337356455276 -0.019919795003002526 0.036706200794722567
leaf_weight=209552 4512 4608 1248 560 10024 6284 9312 2688 185088 8821 107808 736 576 1828 5760 1632 15840 4032 576 7612 38996 1635
leaf_count=209552 4512 4608 1248 560 10024 6284 9312 2688 185088 8821 107808 736 576 1828 5760 1632 15840 4032 576 7612 38996 1635
internal_value=-0.000135487 -8.5866e-05 -0.000494668 -0.0014405 -0.00172988 0.00401621 -0.00125872 0.000395069 0.000142134 -0.00283681 -0.00167526 -0.00691182 0.00244189 0.00199907 0.00297502 0.0106697 0.00247206 0.00444444 0.00242806 0.00521429 7.62221e-05 -0.00581325
internal_weight=629728 625216 337952 135972 129128 6844 118368 287264 201980 16892 109056 10760 38716 6436 36028 2208 33820 17980 12220 8188 248548 10456
internal_count=629728 625216 337952 135972 129128 6844 118368 287264 201980 16892 109056 10760 38716 6436 36028 2208 33820 17980 12220 8188 248548 10456
cat_boundaries=0 1 2 3
cat_threshold=71 8 40
is_linear=0
shrinkage=0.045


Tree=87
num_leaves=23
num_cat=4
split_feature=0 12 2 1 12 10 2 1 4 2 0 5 2 2 4 2 2 2 4 17 2 2
split_gain=102.26 59.3431 119.288 113.764 92.2226 70.2584 70.8469 117.724 129.548 75.259 68.368 54.6209 52.3716 112.121 64.2024 59.1484 65.8261 103.634 83.3251 87.8896 84.5701 176.517
threshold=3.0229123830795293 4.5000000000000009 2.5000000000000004 19.500000000000004 -9.4999999999999982 34.333653260149774 213.50000000000003 14.000000000000002 0 175.50000000000003 1.3504406809806826 1 364.50000000000006 360.50000000000006 2 352.50000000000006 347.50000000000006 344.50000000000006 3 -5.3250000000000002 305.50000000000006 326.50000000000006
decision_type=2 2 2 2 2 2 2 2 1 2 2 1 2 2 1 2 2 2 1 10 2 2
left_child=1 2 -1 4 -4 -6 7 8 -7 10 -9 -5 13 15 -15 16 17 18 19 -3 -20 -22
right_child=-2 12 3 11 5 6 -8 9 -10 -11 -12 -13 -14 14 -16 -17 -18 -19 20 -21 21 -23
leaf_value=0.18416368184683451 -8.3321929083780137 -0.017440133635281112 0.035412595051455657 0.036569221056222935 -0.018351198059790377 0.35556934161297027 -0.049966158957925978 -0.26090865431346882 -0.18180888647728999 -1.0763453527923561 -0.085089060372704958 -0.00069540913298180018 -0.089117599782601031 0.27309384982196833 0.014398298350047606 -0.033917140617398409 0.053616964445326647 -0.19983838002154941 -0.0057147539367014746 0.016512046776417103 0.08320008294249584 -0.044878292918714695
leaf_weight=2112 4692 17088 13052 25903 144254 1536 9804 3288 2572 3254 2770 90187 1248 1452 1216 6300 3792 912 162508 114704 9868 7216
leaf_count=2112 4692 17088 13052 25903 144254 1536 9804 3288 2572 3254 2770 90187 1248 1452 1216 6300 3792 912 162508 114704 9868 7216
internal_value=-0.000131914 -8.2219e-05 -0.000540481 -0.000616391 -0.00132309 -0.00160703 -0.00390403 -0.00602816 0.000317518 -0.00882703 -0.00585891 0.000482591 0.000337321 0.000372672 0.00955618 0.000296613 0.000382676 0.000311097 0.000355507 0.00121476 -0.000275105 0.00273645
internal_weight=629728 625036 298732 296620 180530 167478 23224 13420 4108 9312 6058 116090 326304 325056 2668 322388 316088 312296 311384 131792 179592 17084
internal_count=629728 625036 298732 296620 180530 167478 23224 13420 4108 9312 6058 116090 326304 325056 2668 322388 316088 312296 311384 131792 179592 17084
cat_boundaries=0 1 2 3 4
cat_threshold=81 1 104 14
is_linear=0
shrinkage=0.045


Tree=88
num_leaves=23
num_cat=5
split_feature=0 18 5 3 15 1 2 15 2 17 5 18 5 17 17 16 0 7 3 8 8 1
split_gain=96.9597 57.1258 108.699 55.6095 61.8706 50.8001 50.7891 48.86 46.8946 45.8506 90.2579 45.0025 44.3028 115.085 43.8639 43.5932 45.3305 45.8231 44.6039 44.1956 44.522 41.4373
threshold=3.0229123830795293 -2.6399999999999988 0 1 35.545000000000009 17.750000000000004 241.50000000000003 8.8950000000000014 6.5000000000000009 1.1800000000000008 2 6.8400000000000016 3 7.9950000000000001 -8.5899999999999963 1.4750000000000003 0.17795918881893161 4.0550000000000006 4 29.345000000000002 23.105 15.000000000000002
decision_type=2 8 1 1 10 2 2 8 2 10 1 10 1 10 8 8 2 2 1 2 2 2
left_child=1 2 5 4 7 14 -2 8 -3 15 11 -11 13 -4 -1 19 -17 18 -18 20 -5 -12
right_child=6 3 12 9 -6 -7 -8 -9 -10 10 21 -13 -14 -15 -16 16 17 -19 -20 -21 -22 -23
leaf_value=-0.16846966657342413 -9.6110659638466824 -0.29104820582895724 0.039494298380487756 0.084710408283700883 -0.050611570153299021 -0.026554630268635433 7.8656082732368544 0.0098673081698116734 -0.013363227898316366 -0.01108707514230522 -0.01981321605383279 0.054643442691348264 -0.012819989990747226 -0.25063759585689888 -0.051882030266550055 -0.036700569431227507 0.004834252530885097 0.00070404549579486712 0.096157502122099503 0.056552484194840838 -0.04778912210629372 -0.10062763087035935
leaf_weight=2560 4024 724 31156 308 22032 21608 668 205408 14400 27636 29358 17594 73176 5432 12420 9952 3312 126208 3524 1848 508 15872
leaf_count=2560 4024 724 31156 308 22032 21608 668 205408 14400 27636 29358 17594 73176 5432 12420 9952 3312 126208 3524 1848 508 15872
internal_value=-0.000133128 -8.47388e-05 -0.000862771 0.000153138 0.000631658 -0.00298648 -0.00657648 0.000858847 -0.00160948 -0.000338455 -0.00113418 0.000287454 -0.000154542 0.00112377 -0.005001 0.000155703 4.94063e-05 0.000268554 0.00385639 0.00585709 -0.00286064 -0.00255526
internal_weight=629728 625036 146352 478684 242564 36588 4692 220532 15124 236120 90460 45230 109764 36588 14980 145660 142996 133044 6836 2664 816 45230
internal_count=629728 625036 146352 478684 242564 36588 4692 220532 15124 236120 90460 45230 109764 36588 14980 145660 142996 133044 6836 2664 816 45230
cat_boundaries=0 1 2 3 4 5
cat_threshold=8 116 12 1 128
is_linear=0
shrinkage=0.045


Tree=89
num_leaves=23
num_cat=3
split_feature=0 7 1 2 7 4 2 4 13 13 2 0 2 8 4 7 10 2 9 9 2 2
split_gain=94.9207 77.6864 60.4054 43.717 104.093 114.82 101.765 92.8655 63.8341 61.6892 54.9454 49.8023 70.3758 106.441 142.106 142.228 125.777 112.238 108.587 97.1082 88.8943 138.665
threshold=1.1207150816917422 9.3050000000000015 6.0000000000000009 358.50000000000006 14.005000000000001 0 356.50000000000006 1 1.6000000000000001 1.7899999999999998 361.50000000000006 0.38492386043071752 31.500000000000004 103.90500000000002 2 5.0050000000000008 7.8771906944880312 6.5000000000000009 30.018333333333334 26.637500000000003 203.50000000000003 283.50000000000006
decision_type=2 2 2 2 2 1 2 1 2 2 2 2 2 2 1 2 2 2 2 2 2 2
left_child=3 -2 -3 6 5 9 11 -6 -9 -5 -7 -1 13 14 19 17 -17 -16 -18 -13 -14 -22
right_child=1 2 -4 4 7 10 -8 8 -10 -11 -12 12 20 -15 15 16 18 -19 -20 -21 21 -23
leaf_value=0.0049432394159288906 0.40529615763703231 0.38696303560947742 -0.3080948014656345 -0.060725724967780809 0.40810840211500715 0.027265401650949237 -0.10394600368849632 0.072537091634481812 -0.070473553986823742 0.091332371668912254 -0.064337832221048455 0.026587719168910139 -0.018692631899275756 -0.075876187268763551 -0.15621936126260547 0.052407148514856977 -0.095614185409687372 0.38929973789287592 0.0098740181263841011 0.17922780424546422 0.016420188773838617 -0.015031544205725986
leaf_weight=237848 4220 2084 42676 736 1504 768 3068 292 572 4612 2972 7520 152932 4244 244 6032 7888 2368 6592 8120 69140 63296
leaf_count=237848 4220 2084 42676 736 1504 768 3068 292 572 4612 2972 7520 152932 4244 244 6032 7888 2368 6592 8120 69140 63296
internal_value=-0.000127983 -0.00203034 -0.00258065 3.24666e-05 0.00278452 0.000594059 -2.29231e-05 0.0111835 -0.000667808 0.00481903 -0.0054451 2.13784e-05 -0.000337797 0.0013591 0.00209991 -0.000141987 -0.00140173 0.00974369 -0.00367594 0.00541081 -0.000593545 0.000259933
internal_weight=629728 48980 44760 580748 11456 9088 569292 2368 864 5348 3740 566224 328376 43008 38764 23124 20512 2612 14480 15640 285368 132436
internal_count=629728 48980 44760 580748 11456 9088 569292 2368 864 5348 3740 566224 328376 43008 38764 23124 20512 2612 14480 15640 285368 132436
cat_boundaries=0 1 2 3
cat_threshold=54 12 35
is_linear=0
shrinkage=0.045


Tree=90
num_leaves=23
num_cat=1
split_feature=13 10 4 9 10 15 10 8 7 10 2 2 2 8 7 2 2 14 10 7 1 2
split_gain=94.1821 55.5214 92.8451 92.7037 146.019 123.606 112.458 86.336 80.0175 188.655 135.615 243.265 188.747 150.815 133.387 142.037 97.6268 90.7572 90.3157 76.7203 76.0274 73.4756
threshold=518.1450000000001 11.549442035894929 0 122.39708333333336 91.040269557728251 18.225000000000005 52.138725390979388 54.535000000000004 17.795000000000005 345.98309967211878 269.50000000000006 315.50000000000006 205.50000000000003 146.14000000000001 15.145000000000001 245.50000000000003 258.50000000000006 84.925000000000026 18.175466257922213 23.015000000000004 16.500000000000004 8.5000000000000018
decision_type=2 2 1 2 2 8 2 2 2 2 2 2 2 2 2 2 2 2 2 2 2 2
left_child=1 7 8 4 6 -5 21 -1 14 10 12 -12 13 -10 18 -16 -17 -13 -3 -6 -11 -4
right_child=-2 2 3 5 19 -7 -8 -9 9 20 11 17 -14 -15 15 16 -18 -19 -20 -21 -22 -23
leaf_value=0.00082282929244730982 -8.4533638458483704 -0.014893526004855606 0.1378036544258307 -0.077810283601244298 -0.054338846505518623 0.05219154734304568 0.041572230581659569 0.029519725829554762 0.081859690957829259 -0.18810304954115487 -0.10805110989869535 0.11799947965495433 0.085187400737536417 -0.055163656459200891 -0.0096782969032047847 -0.11457682786176387 -0.058505283977507899 -0.028792251914184306 0.018970080799928069 -0.30011712522661954 0.20821689621170367 -0.020052673269732122
leaf_weight=248548 4512 43276 1248 560 10024 6284 9312 38716 16124 1992 5276 4552 14384 9880 29740 2688 9024 1784 62688 736 572 107808
leaf_count=248548 4512 43276 1248 560 10024 6284 9312 38716 16124 1992 5276 4552 14384 9880 29740 2688 9024 1784 62688 736 572 107808
internal_value=-0.000122767 -7.60055e-05 -0.000466972 -0.00137597 -0.0016466 0.00372699 -0.00119029 0.000383947 0.00014503 0.00161722 0.00220492 -0.00208068 0.00343711 0.00114897 -0.000399883 -0.00256405 -0.00676114 0.00386242 0.000446747 -0.00666512 -0.0102942 -0.00159562
internal_weight=629728 625216 337952 135972 129128 6844 118368 287264 201980 54564 52000 11612 40388 26004 147416 41452 11712 6336 105964 10760 2564 109056
internal_count=629728 625216 337952 135972 129128 6844 118368 287264 201980 54564 52000 11612 40388 26004 147416 41452 11712 6336 105964 10760 2564 109056
cat_boundaries=0 1
cat_threshold=71
is_linear=0
shrinkage=0.045


Tree=91
num_leaves=23
num_cat=2
split_feature=13 10 8 4 7 2 2 10 14 2 10 10 8 4 2 2 2 2 7 10 8 14
split_gain=88.5535 50.2795 80.8899 113.928 94.3418 234.698 107.156 101.861 88.322 79.8328 158.783 117.069 101.328 100.445 90.9995 90.0309 80.6883 213.51 122.567 133.923 107.954 133.074
threshold=259.76000000000005 9.8273971060640513 55.815000000000005 0 18.505000000000006 76.500000000000014 187.50000000000003 11.095664370145821 160.68000000000004 289.50000000000006 49.068395276555002 11.865904966913332 249.24500000000003 1 295.50000000000006 296.50000000000006 205.50000000000003 195.50000000000003 10.235000000000001 16.521585619240408 148.93000000000004 167.31500000000003
decision_type=2 2 2 1 2 2 2 2 2 2 2 2 2 1 2 2 2 2 2 2 2 2
left_child=1 -1 -3 4 7 -6 -7 -4 -9 11 13 -5 -12 -11 -15 -16 17 20 -18 -20 -13 -22
right_child=-2 2 3 9 5 6 -8 8 -10 10 12 16 -14 14 15 -17 18 -19 19 -21 21 -23
leaf_value=0.0053788547702900511 -1.8432907300847934 -0.023602391760704861 0.084907611597048085 0.055322255796818973 0.069453220986491371 -0.14337555670765484 -0.046368055409266744 -0.020347617370857191 0.020063178365316191 0.11891052507381489 -0.38692084759707301 0.014482171366562395 -0.061103686173347556 -0.13773975571820482 0.12679802000019907 -0.01763281164394712 0.081718826934092964 -0.067037317001504546 -0.032347042759626576 0.019343265562037942 -0.12054835005738145 0.0042342534983725233
leaf_weight=224748 8860 60400 2304 16032 5080 5692 9024 53168 12264 4420 1056 86152 2188 1632 1344 29472 7220 7148 9408 48088 12856 21172
leaf_count=224748 8860 60400 2304 16032 5080 5692 9024 53168 12264 4420 1056 86152 2188 1632 1344 29472 7220 7148 9408 48088 12856 21172
internal_value=-0.000123839 -6.0085e-05 -0.000365115 -9.23532e-05 -0.00148811 -0.00422088 -0.00709947 -0.000689569 -0.00101713 0.00039996 -0.00143815 0.000754333 -0.0109797 -0.000598047 -0.00146534 -0.000916997 0.000445909 -0.000211694 0.0017397 0.0010456 0.000237764 -0.00190817
internal_weight=629728 620868 396120 335720 87532 19796 14716 67736 65432 248188 40112 208076 3244 36868 32448 30816 192044 127328 64716 57496 120180 34028
internal_count=629728 620868 396120 335720 87532 19796 14716 67736 65432 248188 40112 208076 3244 36868 32448 30816 192044 127328 64716 57496 120180 34028
cat_boundaries=0 1 2
cat_threshold=48 64
is_linear=0
shrinkage=0.045


Tree=92
num_leaves=23
num_cat=5
split_feature=13 18 5 17 2 8 4 2 7 4 2 4 13 13 7 2 2 2 12 4 8 2
split_gain=86.7648 51.6312 63.5394 58.4103 47.1855 48.5796 46.5855 42.5251 99.3616 100.829 91.3665 87.9305 58.3935 56.5122 50.6131 72.087 133.1 84.6694 95.9902 75.2256 59.014 57.4427
threshold=518.1450000000001 -13.984999999999999 0 7.6700000000000008 241.50000000000003 822.20500000000004 1 358.50000000000006 14.005000000000001 2 356.50000000000006 3 1.6000000000000001 1.7899999999999998 3.0250000000000004 6.5000000000000009 8.5000000000000018 4.5000000000000009 -4.4999999999999991 4 124.19500000000001 205.50000000000003
decision_type=2 8 1 8 2 2 1 2 2 1 2 1 2 2 2 2 2 2 2 1 2 2
left_child=1 2 3 -1 5 -2 -7 10 9 13 14 -10 -13 -9 15 17 -17 18 -3 -18 -21 -16
right_child=4 7 -4 -5 -6 6 -8 8 11 -11 -12 12 -14 -15 21 16 19 -19 -20 20 -22 -23
leaf_value=-0.27893418518653107 8.5973353574344369 -0.25859261137186151 -0.039767834651940288 -0.0071194806969773379 10.027064959854854 7.9150194046860793 -15.898174787378091 -0.058211410008167173 0.38946444823700865 -0.03835555613302908 -0.099308481998040002 0.066228219865468355 -0.067715387403358335 0.08706344042839502 -0.0060063820410146979 0.39510408450664208 -0.040262511409423732 -0.64147279236068111 0.32199689016389593 0.031302282109316147 -0.16977422678302767 0.0046643194252510966
leaf_weight=5880 404 372 27090 3150 636 680 2792 736 1520 3668 3064 292 568 4576 325800 1436 4324 764 492 32372 840 208272
leaf_count=5880 404 372 27090 3150 636 680 2792 736 1520 3668 3064 292 568 4576 325800 1436 4324 764 492 32372 840 208272
internal_value=-0.000123839 -7.89565e-05 -0.00173039 -0.00499668 -0.00634027 -0.00820397 -0.00992228 2.23053e-05 0.00274864 0.000581162 -3.13118e-05 0.0109194 -0.000670872 0.00453888 1.00231e-05 0.00154167 0.00192936 -0.00773006 0.00192263 0.00141457 0.00214137 -0.000106418
internal_weight=629728 625216 36120 9030 4512 3876 3472 589096 11360 8980 577736 2380 860 5312 574672 40600 38972 1628 864 37536 33212 534072
internal_count=629728 625216 36120 9030 4512 3876 3472 589096 11360 8980 577736 2380 860 5312 574672 40600 38972 1628 864 37536 33212 534072
cat_boundaries=0 1 2 3 4 5
cat_threshold=8 8 54 12 1
is_linear=0
shrinkage=0.045


Tree=93
num_leaves=23
num_cat=6
split_feature=13 7 10 1 2 2 2 4 2 4 1 8 4 9 8 4 4 3 0 0 8 8
split_gain=79.1827 75.5825 44.909 58.7255 72.847 174.084 78.5823 116.547 56.6448 52.1051 49.5289 48.1545 55.0686 46.9677 77.8121 44.861 43.4966 41.9344 43.4272 46.7474 46.2475 43.48
threshold=50.125000000000007 12.125000000000002 345.98309967211878 6.0000000000000009 205.50000000000003 171.50000000000003 161.50000000000003 0 131.50000000000003 1 17.000000000000004 106.74500000000002 2 109.53229166666668 822.20500000000004 3 4 5 0.030495272949337963 0.17795918881893161 29.345000000000002 21.715000000000003
decision_type=2 2 2 2 2 2 2 1 2 1 2 2 1 2 2 1 1 1 2 2 2 2
left_child=17 -2 3 -3 5 6 7 -5 -9 -6 -10 12 -7 -11 -15 -4 -8 -1 20 -20 21 -19
right_child=1 2 15 4 9 11 16 8 10 13 -12 -13 -14 14 -16 -17 -18 18 19 -21 -22 -23
leaf_value=0.004245524090996643 0.11803897918311682 0.62325561882553016 -0.024315408905339647 0.30554046091446629 0.43383415108596973 3.1132879697204214 1.1825471209021134 -0.33738937741217606 -0.14871543811148558 -0.30102778851260337 -1.0693318191179086 -0.80944329575955287 -0.45921801483826791 4.6004524765433148 -0.66468961368902924 -2.0849843436487134 0.018906923610352153 0.080974460836003473 -0.039965422368309217 -0.0035284448869029512 0.04688427521520204 -0.047954347936491164
leaf_weight=293248 10844 1508 1464 3584 4188 252 916 4448 528 9836 1404 4860 896 900 1136 3392 964 388 13048 268872 2412 640
leaf_count=293248 10844 1508 1464 3584 4188 252 916 4448 528 9836 1404 4860 896 900 1136 3392 964 388 13048 268872 2412 640
internal_value=-0.000118336 -0.00181595 -0.00271376 -0.00215713 -0.00254364 -0.00452168 -0.00135615 -0.00294852 -0.00658949 -0.000344602 -0.01303 -0.0107596 -0.00246522 -0.0018668 0.00434985 -0.00677131 0.00707758 3.16534e-05 -0.000356692 -0.000418041 0.00466734 -0.00332039
internal_weight=629728 51120 40276 35420 33912 17852 11844 9964 6380 16060 1932 6008 1148 11872 2036 4856 1880 578608 285360 281920 3440 1028
internal_count=629728 51120 40276 35420 33912 17852 11844 9964 6380 16060 1932 6008 1148 11872 2036 4856 1880 578608 285360 281920 3440 1028
cat_boundaries=0 1 2 3 4 5 6
cat_threshold=97 68 33 40 28 116
is_linear=0
shrinkage=0.045


Tree=94
num_leaves=23
num_cat=4
split_feature=13 12 1 8 2 4 7 9 10 2 9 4 10 10 4 2 2 7 4 2 2 7
split_gain=79.766 48.2735 129.775 117.141 103.212 99.2894 63.9703 79.5813 61.0109 67.2359 58.5134 94.9641 64.9511 81.4481 72.0303 63.1102 101.707 61.0296 58.803 57.2302 189.394 110.521
threshold=332.53500000000003 3.5000000000000004 18.500000000000004 106.74500000000002 32.500000000000007 0 25.725000000000005 38.658125000000005 4.1304393559524266 45.500000000000007 26.637500000000003 1 8.7973887101015222 9.3916403182056136 2 27.500000000000004 18.500000000000004 15.665000000000001 3 195.50000000000003 88.500000000000014 12.765000000000002
decision_type=2 2 2 2 2 1 2 2 2 2 2 1 2 2 1 2 2 2 1 2 2 2
left_child=1 2 3 4 10 6 7 -5 9 -6 12 -12 14 -14 -1 16 -13 -18 -17 20 -4 -21
right_child=-2 -3 19 5 8 -7 -8 -9 -10 -11 11 15 13 -15 -16 18 17 -19 -20 21 -22 -23
leaf_value=0.090189495171439968 -2.8081874539036549 0.0028177397076104361 0.029627068012246013 0.17387860057011462 -0.14313936370401667 -0.18894705757684002 0.84645753289228598 -0.17582272615252295 -0.025633482882479592 0.097760008240650842 0.20842329369623039 0.064180050227107557 -0.10153419634201374 -0.0085329422627357654 -0.013911959231324033 -0.29122634456711793 0.049289458487922995 -0.17193074749427201 0.30596614723229199 0.052537721408700368 -0.043650867884376346 0.00071064110804894384
leaf_weight=4134 6748 351836 46422 1594 412 17662 746 4008 79680 1402 2604 3292 1526 4220 5084 116 762 1552 1006 20536 37136 37250
leaf_count=4134 6748 351836 46422 1594 412 17662 746 4008 79680 1402 2604 3292 1526 4220 5084 116 762 1552 1006 20536 37136 37250
internal_value=-0.000114478 -6.17594e-05 -0.000512989 -0.00154031 -0.00089624 -0.00437781 0.00045283 -0.00119647 -0.0016637 0.00649229 0.00167792 0.00447397 -6.61499e-05 -0.00382046 0.0022744 0.00163576 -0.000312946 -0.00753886 0.0113701 0.000430433 -0.000322583 0.00151926
internal_weight=629728 622980 271144 129800 105790 24010 6348 5602 81494 1814 24296 9332 14964 5746 9218 6728 5606 2314 1122 141344 83558 57786
internal_count=629728 622980 271144 129800 105790 24010 6348 5602 81494 1814 24296 9332 14964 5746 9218 6728 5606 2314 1122 141344 83558 57786
cat_boundaries=0 1 2 3 4
cat_threshold=65 33 83 64
is_linear=0
shrinkage=0.045


Tree=95
num_leaves=23
num_cat=5
split_feature=13 18 5 1 2 15 2 10 4 4 9 14 2 4 7 4 15 2 2 2 2 16
split_gain=75.7462 50.116 115.718 60.1436 99.9274 111.485 98.1941 93.8387 104.17 83.0715 83.0353 62.2102 52.5176 74.5987 61.0129 66.316 57.7705 53.6682 130.632 77.9429 54.8168 50.3864
threshold=518.1450000000001 -1.9299999999999977 0 14.000000000000002 67.500000000000014 20.405000000000005 203.50000000000003 36.803816808567227 1 2 18.078333333333337 117.56500000000003 207.50000000000003 3 13.185 4 12.235000000000001 308.50000000000006 300.50000000000006 331.50000000000006 334.50000000000006 9.3050000000000015
decision_type=2 8 1 2 2 10 2 2 1 1 2 2 2 1 2 1 10 2 2 2 2 10
left_child=1 2 -1 21 5 -5 7 8 -6 -7 -10 -12 13 -8 16 -16 -14 18 -17 -19 -21 -3
right_child=-2 3 -4 4 6 9 12 -9 10 -11 11 -13 14 -15 15 17 -18 19 -20 20 -22 -23
leaf_value=-0.03782330352546235 -7.8115487777172063 -0.017985746008674641 -0.00078394736637356301 -0.010955963819916963 0.0011654196114791991 0.13224887901093951 0.44250830916938216 -0.14388585605095588 0.03832668357395283 0.022068780755172906 -0.085602063905166045 0.27093057623036848 -0.056957781742619763 0.00022186253277855448 -0.060707772495651117 -0.0054346736332763273 0.031503687941439248 0.14761170927857342 -0.19969115282568992 -0.18018625660981397 0.010859469654891164 0.0068575369229358319
leaf_weight=44067 4512 20468 132201 22528 26728 8724 616 8464 3156 11016 17588 352 2960 932 10304 14784 20388 2656 1336 376 4300 271272
leaf_count=44067 4512 20468 132201 22528 26728 8724 616 8464 3156 11016 17588 352 2960 932 10304 14784 20388 2656 1336 376 4300 271272
internal_value=-0.000113263 -7.13271e-05 -0.000714302 0.000181123 -0.000528402 0.00134244 -0.0012164 -0.00255898 -0.00178585 0.00381116 -0.00414866 -0.00533469 7.21178e-05 0.00824516 -0.000149722 -0.00137301 0.00161884 -4.98636e-05 -0.00150167 0.00314153 -0.000355921 0.00056346
internal_weight=629728 625216 176268 448948 157208 42268 114940 56288 47824 19740 21096 17940 58652 1548 57104 33756 23348 23452 16120 7332 4676 291740
internal_count=629728 625216 176268 448948 157208 42268 114940 56288 47824 19740 21096 17940 58652 1548 57104 33756 23348 23452 16120 7332 4676 291740
cat_boundaries=0 1 2 3 4 5
cat_threshold=8 43 37 12 12
is_linear=0
shrinkage=0.045


Tree=96
num_leaves=23
num_cat=2
split_feature=15 10 8 4 7 2 2 10 14 7 2 7 2 4 2 7 0 1 10 2 2 2
split_gain=74.3135 44.3308 71.9756 106.693 91.5009 218.603 98.2444 91.9797 87.6169 85.4543 77.788 75.8062 158.791 101.894 107.879 93.1902 87.716 79.4243 71.4158 133.646 207 178.466
threshold=548.71000000000015 9.8273971060640513 55.815000000000005 0 18.505000000000006 76.500000000000014 187.50000000000003 11.095664370145821 160.68000000000004 18.245000000000001 50.500000000000007 6.2350000000000012 56.500000000000007 1 41.500000000000007 12.295000000000002 0.68424353003501903 11.250000000000002 23.482341690707717 205.50000000000003 195.50000000000003 296.50000000000006
decision_type=10 2 2 1 2 2 2 2 2 2 2 2 2 1 2 2 2 2 2 2 2 2
left_child=1 -1 11 4 7 10 -7 -4 -9 -10 -6 13 -13 -3 17 -14 -17 -15 -5 20 -20 -21
right_child=-2 2 3 18 5 6 -8 8 9 -11 -12 12 15 14 -16 16 -18 -19 19 21 -22 -23
leaf_value=0.0050228793622957638 -2.7434100130826686 0.040439575577142083 0.080717166343520455 0.01317545965622934 -0.039085925789678268 -0.13796295432623512 -0.046449970368270727 -0.020085723822770307 0.011311972745533588 0.10887833874241896 0.15651289580403444 -0.13285967594265594 -0.043042565884130794 0.21012250564780655 -0.071671499578716977 0.030881103129932003 -0.13309571129176404 -0.020090064471065983 -0.015730630635896237 0.026911057794683439 -0.08262787843564727 -0.042702982747496773
leaf_weight=224748 4448 14028 2304 131488 1440 5728 9308 53588 11760 844 3648 8928 16324 1035 7392 8892 2628 1173 58120 43116 5280 13508
leaf_count=224748 4448 14028 2304 131488 1440 5728 9308 53588 11760 844 3648 8928 16324 1035 7392 8892 2628 1173 58120 43116 5280 13508
internal_value=-0.000110976 -6.97365e-05 -0.000353565 -9.93579e-05 -0.00144192 -0.00410961 -0.00683768 -0.000658267 -0.000966024 0.00240957 0.00395187 -0.00178504 -0.0030629 0.000203766 -0.0033661 -0.00138817 0.00171064 0.0053552 0.000373742 -0.000419909 -0.00183898 0.00116899
internal_weight=629728 625280 400532 340132 88620 20124 15036 68496 66192 12604 5088 60400 36772 23628 9600 27844 11520 2208 251512 120024 63400 56624
internal_count=629728 625280 400532 340132 88620 20124 15036 68496 66192 12604 5088 60400 36772 23628 9600 27844 11520 2208 251512 120024 63400 56624
cat_boundaries=0 1 2
cat_threshold=48 114
is_linear=0
shrinkage=0.045


Tree=97
num_leaves=23
num_cat=4
split_feature=13 8 18 5 1 2 15 2 10 4 9 4 9 14 4 2 14 10 8 1 17 2
split_gain=68.5389 45.1048 44.2847 104.92 55.3157 91.507 100.219 86.7667 82.1356 95.4558 77.3101 66.0813 69.3945 64.7481 58.2989 66.0829 55.0329 51.398 56.9216 50.7218 50.0442 48.8639
threshold=518.1450000000001 822.20500000000004 -1.9299999999999977 0 14.000000000000002 67.500000000000014 17.115000000000006 203.50000000000003 36.803816808567227 1 18.078333333333337 2 19.495833333333337 22.715000000000007 3 57.500000000000007 117.56500000000003 8.7973887101015222 54.795000000000009 17.750000000000004 -8.2149999999999999 207.50000000000003
decision_type=2 2 8 1 2 2 10 2 2 1 2 1 2 2 1 2 2 2 2 2 8 2
left_child=2 -2 3 19 -4 6 14 8 9 -7 -11 12 -8 -13 17 -16 -12 -6 -19 20 -1 -9
right_child=1 -3 4 -5 5 7 11 21 -10 10 16 13 -14 -15 15 -17 -18 18 -20 -21 -22 -23
leaf_value=-0.14314199095632901 5.1813630588230009 -10.224926688826855 0.0051437027945380048 -0.00056155998356781421 0.054595289182095046 0.0013052339659453038 -0.037373843080130538 0.12266341051873979 -0.13653528015019198 0.036222563337082216 -0.081567486360840505 0.082266212313300544 0.13044707423588967 -0.034020647436533262 -0.077779061016108292 0.089115198519819208 0.2594465786786172 -0.10743347910480039 0.048892901943927154 -0.018192940519023978 -0.037500341515307838 -0.0025513024754777298
leaf_weight=2888 528 3984 291740 132201 4548 26728 1568 1548 8464 3156 17588 7300 9316 7256 7460 980 352 2200 1640 23882 17297 57104
leaf_count=2888 528 3984 291740 132201 4548 26728 1568 1548 8464 3156 17588 7300 9316 7256 7460 980 352 2200 1640 23882 17297 57104
internal_value=-0.000107403 -0.00563248 -6.75125e-05 -0.000671924 0.000169796 -0.000510655 0.00127963 -0.00116902 -0.00243107 -0.00170775 -0.00396958 0.00306167 0.00571173 0.00107496 -0.00141444 -0.0040517 -0.00511398 0.00124286 -0.0025885 -0.00257316 -0.00423428 4.21966e-05
internal_weight=629728 4512 625216 176268 448948 157208 42268 114940 56288 47824 21096 25440 10884 14556 16828 8440 17940 8388 3840 44067 20185 58652
internal_count=629728 4512 625216 176268 448948 157208 42268 114940 56288 47824 21096 25440 10884 14556 16828 8440 17940 8388 3840 44067 20185 58652
cat_boundaries=0 1 2 3 4
cat_threshold=8 43 37 23
is_linear=0
shrinkage=0.045


Tree=98
num_leaves=23
num_cat=4
split_feature=0 7 12 2 2 2 2 7 9 1 8 8 15 1 1 4 4 4 3 0 8 0
split_gain=66.6372 64.2874 55.6312 53.2559 84.103 114.735 142.568 89.8757 71.9566 68.2785 67.7966 53.0621 50.4157 48.757 48.468 46.0791 45.4116 42.2872 41.05 46.1115 42.2298 39.6361
threshold=0.99109077453613292 9.3050000000000015 4.5000000000000009 89.500000000000014 205.50000000000003 171.50000000000003 159.50000000000003 19.745000000000001 33.132500000000007 17.500000000000004 95.420000000000002 1341.0800000000002 1049.3950000000002 6.0000000000000009 19.500000000000004 0 1 2 3 0.030495272949337963 29.345000000000002 0.17795918881893161
decision_type=2 2 2 2 2 2 2 2 2 2 2 2 10 2 2 1 1 1 1 2 2 2
left_child=18 -2 3 9 5 6 8 14 -5 11 -9 13 15 -3 -7 -6 -8 -14 -1 20 -20 -21
right_child=1 2 -4 4 12 7 16 10 -10 -11 -12 -13 17 -15 -16 -17 -18 -19 19 21 -22 -23
leaf_value=0.0044359552800791943 0.25211148942881728 0.4002958310320372 0.14599818372479709 0.24788729866816409 0.29650235257750462 -0.73099940775266015 1.0954293501999821 1.5627219423127727 -0.66065578492336119 0.29651480025598304 -0.44773661648541596 -1.3717605014252003 -2.7659127293783854 -0.22036884124309189 -0.21397315686029428 -0.19701536005995476 0.10458095592758372 -48.443263977274484 -0.019346877604756747 -0.037450386199067341 0.046614339270645365 -0.0032308974373848253
leaf_weight=288328 5928 1052 6752 1676 5276 4882 1160 504 4776 5408 520 464 1168 3876 1858 15240 1748 672 1028 13048 2412 261952
leaf_count=288328 5928 1052 6752 1676 5276 4882 1160 504 4776 5408 520 464 1168 3876 1858 15240 1748 672 1028 13048 2412 261952
internal_value=-0.000103473 -0.00149233 -0.00195594 -0.00247096 -0.00323692 -0.00560989 -0.00225433 -0.00965362 -0.00598234 0.000329106 0.00276316 -0.00325362 -0.00141896 -0.00188032 -0.0115403 -0.000778585 0.00601546 -0.00855049 5.08143e-05 -0.000338891 0.0048373 -0.000403688
internal_weight=629728 62960 57032 50280 39480 17124 9360 7764 6452 10800 1024 5392 22356 4928 6740 20516 2908 1840 566768 278440 3440 275000
internal_count=629728 62960 57032 50280 39480 17124 9360 7764 6452 10800 1024 5392 22356 4928 6740 20516 2908 1840 566768 278440 3440 275000
cat_boundaries=0 1 2 3 4
cat_threshold=68 28 28 116
is_linear=0
shrinkage=0.045


Tree=99
num_leaves=23
num_cat=7
split_feature=0 4 7 0 3 4 12 2 7 7 1 2 10 9 1 3 17 5 5 17 18 5
split_gain=64.4176 47.8605 55.7079 44.2506 53.7029 55.6745 40.9186 60.3169 45.1994 43.7797 39.7075 38.9935 37.9653 41.8326 42.0365 37.6142 42.9065 51.4651 44.5718 41.2466 38.9582 36.6516
threshold=3.7263551950454716 0 17.735000000000003 0.9105547070503236 1 2 3.5000000000000004 49.500000000000007 29.820000000000004 12.225000000000003 21.000000000000004 241.50000000000003 12.612172852644159 109.53229166666668 16.250000000000004 3 1.1800000000000008 4 5 -1.55 -0.19999999999999749 6
decision_type=2 1 2 2 1 1 2 2 2 2 2 2 2 2 2 1 10 1 1 8 10 1
left_child=3 2 -2 15 10 -6 9 -8 -9 -7 -5 -4 -11 -14 -15 -1 18 -18 19 -17 21 -20
right_child=1 -3 11 4 5 6 7 8 -10 12 -12 -13 13 14 -16 16 17 -19 20 -21 -22 -23
leaf_value=0.0043683223978936824 64.658855762674676 -43.401104949601852 -35.721435050840768 -0.0059575554423350625 0.028914748816694584 -0.0033745629141928202 -0.46318060388766141 0.080783781748597905 1.0587340063222157 0.089299444426256203 0.38039246133882931 94.555289879667384 -0.32272203147064177 -1.0039498682037864 0.5443629587750427 0.035240831197433709 0.011873481413714906 -0.024740338508065143 -0.0026417313277484955 0.00025115917197201132 0.0059447137790333256 -0.021612514264991469
leaf_weight=283720 560 652 996 21732 13880 5480 656 4716 296 1832 2756 180 18072 674 2054 21733 21175 63525 58076 24960 52965 29038
leaf_count=283720 560 652 996 21732 13880 5480 656 4716 296 1832 2756 180 18072 674 2054 21733 21175 63525 58076 24960 52965 29038
internal_value=-0.000101115 -0.0074749 -0.0034754 -7.30224e-05 -0.00112141 -0.00200117 -0.00298695 0.0005 0.00218089 -0.00369104 0.000591429 -0.00905348 -0.00456481 -0.00511177 8.24176e-05 6.32211e-05 -0.000315433 -0.00115552 6.55337e-05 0.0012694 -0.000335835 -0.000921013
internal_weight=629728 2388 1736 627340 72148 47660 33780 5668 5012 28112 24488 1176 22632 20800 2728 555192 271472 84700 186772 46693 140079 87114
internal_count=629728 2388 1736 627340 72148 47660 33780 5668 5012 28112 24488 1176 22632 20800 2728 555192 271472 84700 186772 46693 140079 87114
cat_boundaries=0 1 2 3 4 5 6 7
cat_threshold=30 192 65 116 8 1 6
is_linear=0
shrinkage=0.045


Tree=100
num_leaves=23
num_cat=6
split_feature=10 9 4 2 7 2 13 4 10 9 7 18 5 17 18 4 2 2 14 4 17 4
split_gain=63.7865 117.976 131.263 135.731 114.879 111.778 91.5987 81.6584 73.6244 73.3839 65.2435 56.2187 59.1 96.3949 52.0014 50.4445 60.9134 86.0081 49.7 48.8178 48.201 76.1846
threshold=91.040269557728251 109.53229166666668 0 221.50000000000003 22.035000000000004 269.50000000000006 518.1450000000001 1 64.126446204581399 100.11354166666668 23.015000000000004 -3.9000000000000008 2 15.334999999999999 -13.984999999999999 3 251.50000000000003 302.50000000000006 154.90500000000003 4 -1.5050000000000006 5
decision_type=2 2 1 2 2 2 2 1 2 2 2 8 1 10 10 1 2 2 2 1 8 1
left_child=8 2 5 7 -5 9 -3 10 11 -2 -4 12 -1 14 -14 -10 18 -18 19 -17 -13 -22
right_child=1 6 3 4 -6 -7 -8 -9 15 -11 -12 20 13 -15 -16 16 17 -19 -20 -21 21 -23
leaf_value=0.0015518257992598327 0.10566929401072385 0.013449429869291036 -0.058211979156637707 -0.03437110517546535 0.41216367525325792 -0.06170557818650961 -8.2967014020499246 -0.18016445390754282 0.1149065602096624 -0.11934239476018488 -0.27548098702764073 0.0097297046589020688 -0.20868285238048059 0.23863506344814056 -0.028382362190359178 0.54743179411539722 0.10980491979647938 -0.60742552145990103 0.018875199229855831 -0.8684289975249887 0.010611836064517455 -0.0061289384033961667
leaf_weight=48994 2496 23628 5664 5376 768 1632 4212 2016 3552 480 768 123908 10080 6368 32546 672 1344 192 7436 916 98840 247840
leaf_count=48994 2496 23628 5664 5376 768 1632 4212 2016 3552 480 768 123908 10080 6368 32546 672 1344 192 7436 916 98840 247840
internal_value=-0.000103044 -0.00169699 -0.00441048 -0.00649856 -0.00141311 0.00221104 0.000174556 -0.0102036 2.56397e-05 0.0074043 -0.00768156 -5.40559e-05 -0.00103465 -0.00213953 -0.00291147 0.00323615 0.00166856 0.00994798 0.000259251 -0.00696226 0.000150131 -0.000122144
internal_weight=629728 47040 19200 14592 6144 4608 27840 8448 582688 2976 6432 568576 97988 48994 42626 14112 10560 1536 9024 1588 470588 346680
internal_count=629728 47040 19200 14592 6144 4608 27840 8448 582688 2976 6432 568576 97988 48994 42626 14112 10560 1536 9024 1588 470588 346680
cat_boundaries=0 1 2 3 4 5 6
cat_threshold=68 25 3 18 13 10
is_linear=0
shrinkage=0.045


Tree=101
num_leaves=23
num_cat=4
split_feature=0 4 7 0 3 4 2 2 12 2 7 2 10 2 4 8 2 10 7 10 7 2
split_gain=62.7672 46.2247 55.4612 40.9123 50.0011 51.9489 43.426 103.508 54.6093 37.8397 37.4649 49.5529 60.6219 57.0533 38.1979 40.2637 51.7281 37.2028 163.517 94.7035 91.8004 68.3222
threshold=3.7263551950454716 0 17.735000000000003 0.89691463112831127 1 2 43.500000000000007 61.500000000000007 3.5000000000000004 241.50000000000003 12.010000000000002 213.50000000000003 32.168148041210976 269.50000000000006 3 101.17500000000003 76.500000000000014 5.7258828959067705 21.275000000000002 4.9786368469297004 18.705000000000002 339.50000000000006
decision_type=2 1 2 2 1 1 2 2 2 2 2 2 2 2 1 2 2 2 2 2 2 2
left_child=3 2 -2 17 -5 -6 -7 -8 10 -4 -9 12 14 -13 15 16 -12 18 19 20 21 -1
right_child=1 -3 9 4 5 6 7 8 -10 -11 11 13 -14 -15 -16 -17 -18 -19 -20 -21 -22 -23
leaf_value=-0.0063434755193880208 62.122558816446571 -41.07470366377752 -33.740618910460697 0.039879597249423179 0.028836932098985517 -0.26800734776899809 0.5092023415637067 -0.012478853624326396 0.11802193976905709 90.673653398174622 0.82904990395460454 0.061636934721105749 -0.69652585036099335 -0.33262533587896626 -0.29990482620857667 1.2751346640534409 -0.24989816879386917 0.0018085948363177411 -0.12555858552321555 -0.030064725635445634 0.10594262847694437 0.10470285194713405
leaf_weight=19968 560 652 996 25360 14252 3788 1672 4952 4912 180 252 5340 4440 4088 3472 372 1604 504740 2592 19200 1728 4608
leaf_count=19968 560 652 996 25360 14252 3788 1672 4952 4912 180 252 5340 4440 4088 3472 372 1604 504740 2592 19200 1728 4608
internal_value=-0.000102044 -0.00738075 -0.00344966 -7.43135e-05 -0.00106421 -0.0019014 -0.00283635 -0.00228284 -0.00290175 -0.00901528 -0.00376927 -0.00465406 -0.00683741 -0.00230488 -0.00376447 0.00084375 -0.00186491 5.90951e-05 -0.00113674 -0.000510262 0.00124363 0.000538286
internal_weight=629728 2388 1736 627340 74504 49144 34892 31104 29432 1176 24520 19568 10140 9428 5700 2228 1856 552836 48096 45504 26304 24576
internal_count=629728 2388 1736 627340 74504 49144 34892 31104 29432 1176 24520 19568 10140 9428 5700 2228 1856 552836 48096 45504 26304 24576
cat_boundaries=0 1 2 3 4
cat_threshold=30 192 65 36
is_linear=0
shrinkage=0.045


Tree=102
num_leaves=23
num_cat=5
split_feature=0 4 1 12 2 1 10 18 2 7 4 2 2 2 2 4 16 8 12 4 4 2
split_gain=63.3812 43.968 41.0224 95.1467 106.99 87.688 86.4092 72.0725 69.6109 73.8101 65.2457 89.8033 112.377 82.4872 99.2662 74.2862 60.3959 60.035 59.5694 87.2278 59.1582 71.2644
threshold=3.7263551950454716 0 21.000000000000004 3.5000000000000004 67.500000000000014 17.500000000000004 9.962024296025751 0.93500000000000061 213.50000000000003 13.935 1 80.500000000000014 171.50000000000003 159.50000000000003 151.50000000000003 2 26.585000000000004 106.74500000000002 -2.4999999999999996 3 4 359.50000000000006
decision_type=2 1 2 2 2 2 2 10 2 2 1 2 2 2 2 1 10 2 2 1 1 2
left_child=2 -2 3 4 5 -1 20 -7 10 -10 -8 -12 13 14 -13 -15 -4 -14 19 -11 21 -6
right_child=1 -3 16 -5 6 7 8 -9 9 18 11 12 17 15 -16 -17 -18 -19 -20 -21 -22 -23
leaf_value=-0.0091855366598113299 6.852386243517917 -34.156361807366991 0.002623028408559732 0.0023042961536652385 -0.049417880307057585 0.031224940190910083 -0.032918884705281336 0.34863039407187391 0.025106916729618262 0.014140562645597741 -0.2244963193587578 -0.059572078177032806 -0.12268554483801683 0.95581021276032407 -0.50927060659385848 -0.077321926509853589 0.074800080709982342 -0.68729904715324885 -0.056981636776435689 -0.11283898559432029 0.010762952328912948 0.20970926713383278
leaf_weight=45822 900 1488 62012 352268 9740 19086 14608 3340 15896 1768 4572 12088 4180 1532 1192 1388 16708 4364 20648 4152 31248 728
leaf_count=45822 900 1488 62012 352268 9740 19086 14608 3340 15896 1768 4572 12088 4180 1532 1192 1388 16708 4364 20648 4152 31248 728
internal_value=-0.000104188 -0.00741841 -7.6322e-05 -0.000214164 -0.00100792 0.000431209 -0.00177462 0.00273676 -0.00258676 -0.0012875 -0.00384271 -0.00506649 -0.00399701 -0.00179422 -0.00329995 0.00505133 0.000884314 -0.00817224 -0.00273861 -0.00671733 -9.27657e-05 -0.00301861
internal_weight=629728 2388 627340 548620 196352 68248 128104 22426 86388 42464 43924 29316 24744 16200 13280 2920 78720 8544 26568 5920 41716 10468
internal_count=629728 2388 627340 548620 196352 68248 128104 22426 86388 42464 43924 29316 24744 16200 13280 2920 78720 8544 26568 5920 41716 10468
cat_boundaries=0 1 2 3 4 5
cat_threshold=12 3 28 41 6
is_linear=0
shrinkage=0.045


Tree=103
num_leaves=23
num_cat=3
split_feature=10 9 2 4 10 2 7 7 4 16 15 2 10 8 4 12 18 7 10 7 2 1
split_gain=61.1906 111.092 122.177 136.652 104.602 120.342 92.1577 81.3232 69.4132 89.4714 83.9302 66.1084 65.678 54.528 53.2814 52.3547 51.9236 54.9858 79.9089 51.7597 50.246 48.8988
threshold=91.040269557728251 122.39708333333336 219.50000000000003 0 345.98309967211878 247.50000000000003 14.885000000000003 22.215000000000003 1 17.015000000000004 19.665000000000003 175.50000000000003 64.126446204581399 681.53000000000009 2 14.500000000000002 -3.4049999999999989 15.145000000000001 17.902355881295815 5.8050000000000006 229.50000000000003 17.250000000000004
decision_type=2 2 2 1 2 2 2 2 1 8 8 2 2 2 1 2 8 2 2 2 2 2
left_child=12 2 3 -2 5 -3 11 20 10 19 -6 14 16 15 -5 -8 17 18 -1 -10 -4 -16
right_child=1 4 7 6 8 -7 13 -9 9 -11 -12 -13 -14 -15 21 -17 -18 -19 -20 -21 -22 -23
leaf_value=-0.017443036582521457 -0.16825250822222643 0.025779324062932797 0.068889180695706279 0.11189345995093615 -0.15527944902056193 0.47674083114907623 -0.052925860815818744 0.33169677951171073 -0.1896673654626575 -0.068583587900118842 0.076529076244408009 -0.14557602150303972 0.036992856110233771 -0.26256909204447026 0.023186761141376674 -0.063659855781265928 0.0016288633673007371 -0.043826915811983787 0.049553995313161639 0.066098816838852117 -0.025805692558699866 -0.54043014460615613
leaf_weight=45864 2208 10848 960 1536 396 768 4004 768 128 8724 3444 672 14112 768 1242 796 459044 43840 19828 1036 8256 486
leaf_count=45864 2208 10848 960 1536 396 768 4004 768 128 8724 3444 672 14112 768 1242 796 459044 43840 19828 1036 8256 486
internal_value=-0.000107117 -0.0016683 -0.00403171 -0.00714914 0.000355086 0.00349759 -0.00478562 -0.000374024 -0.00230408 -0.00429545 0.0028271 0.000479939 1.89209e-05 -0.00851526 0.00312768 -0.00672845 -5.63511e-05 -0.000936695 -0.000113024 0.00740995 -0.00154752 -0.00230172
internal_weight=629728 47040 21696 11712 25344 11616 9504 9984 13728 9888 3840 3936 582688 5568 3264 4800 568576 109532 65692 1164 9216 1728
internal_count=629728 47040 21696 11712 25344 11616 9504 9984 13728 9888 3840 3936 582688 5568 3264 4800 568576 109532 65692 1164 9216 1728
cat_boundaries=0 1 2 3
cat_threshold=34 40 64
is_linear=0
shrinkage=0.045


Tree=104
num_leaves=23
num_cat=2
split_feature=0 4 7 10 8 4 2 2 2 12 9 2 9 10 0 10 7 7 10 2 2 2
split_gain=61.0799 44.0066 54.7001 41.059 75.676 72.6756 68.6562 66.2966 112.623 93.0135 93.5406 64.5555 66.1978 113.318 107.355 98.2997 72.9548 64.0758 155.563 111.876 226.041 145.931
threshold=3.7263551950454716 0 17.735000000000003 11.549442035894929 54.535000000000004 1 12.500000000000002 321.50000000000006 297.50000000000006 6.5000000000000009 29.788750000000004 8.5000000000000018 122.39708333333336 91.040269557728251 0.35349200665950781 52.138725390979388 23.015000000000004 17.795000000000005 345.98309967211878 269.50000000000006 315.50000000000006 205.50000000000003
decision_type=2 1 2 2 2 1 2 2 2 2 2 2 2 2 2 2 2 2 2 2 2 2
left_child=3 2 -2 4 -1 17 -6 8 -8 10 -9 -7 13 15 -14 -13 -15 -5 19 21 -21 -19
right_child=1 -3 -4 5 6 11 7 9 -10 -11 -12 12 14 16 -16 -17 -18 18 -20 20 -22 -23
leaf_value=0.00030878371061308902 59.570391300735821 -37.686219456120504 -25.645165574931649 -0.004327293196787426 -0.045099654194538985 0.12935693584475907 0.033108591492619611 -0.067567009116265134 0.15130332655600548 0.070866464560277953 0.31042390920504404 -0.017834595007686815 -0.087049442189178566 -0.043135365249747405 0.041541967512244239 0.037459953825025531 -0.25075348290246913 0.017695735884801382 -0.13934954486907944 -0.098672808548568705 0.058300455224842618 0.075283445316000411
leaf_weight=248548 560 652 1176 148084 2688 1248 26400 3996 2524 2656 452 107808 508 10176 6948 9312 768 26168 2736 5280 6336 14704
leaf_count=248548 560 652 1176 148084 2688 1248 26400 3996 2524 2656 452 107808 508 10176 6948 9312 768 26168 2736 5280 6336 14704
internal_value=-0.000106403 -0.00728661 -0.00344966 -7.90478e-05 0.000317058 -0.00041364 0.0021676 0.00268526 0.00364188 -0.00120954 -0.00518764 -0.00121564 -0.0013096 -0.00154959 0.00281175 -0.00114035 -0.00592819 0.000125934 0.00143411 0.00197952 -0.00191728 0.00308705
internal_weight=629728 2388 1736 627340 287264 340076 38716 36028 28924 7104 4448 136768 135520 128064 7456 117120 10944 203308 55224 52488 11616 40872
internal_count=629728 2388 1736 627340 287264 340076 38716 36028 28924 7104 4448 136768 135520 128064 7456 117120 10944 203308 55224 52488 11616 40872
cat_boundaries=0 1 2
cat_threshold=30 71
is_linear=0
shrinkage=0.045


Tree=105
num_leaves=23
num_cat=4
split_feature=0 4 0 2 10 2 2 2 2 4 7 2 2 9 4 2 2 7 10 12 2 4
split_gain=62.7808 43.5511 39.324 69.5259 69.8926 63.7213 60.611 116.931 217.214 123.009 110.139 133.878 190.669 169.899 134.102 138.542 162.311 110.059 102.425 102.346 93.3967 85.7099
threshold=3.7263551950454716 0 0.38492386043071752 359.50000000000006 8.085383969363054 364.50000000000006 70.500000000000014 205.50000000000003 207.50000000000003 1 14.055000000000001 269.50000000000006 263.50000000000006 51.05916666666667 2 306.50000000000006 301.50000000000006 5.9350000000000014 97.157973412293032 -2.4999999999999996 278.50000000000006 3
decision_type=2 1 2 2 2 2 2 2 2 1 2 2 2 2 1 2 2 2 2 2 2 1
left_child=2 -2 5 6 -5 -1 19 9 -9 -8 -10 12 13 -12 15 16 20 -11 21 -4 -13 -15
right_child=1 -3 3 4 -6 -7 7 8 10 17 11 14 -14 18 -16 -17 -18 -19 -20 -21 -22 -23
leaf_value=0.0040208257487165345 5.398851285349977 -31.775663630884264 0.045313538557468391 0.25319777734491516 0.019889583234234679 -0.097136160482126505 -0.008158886125121223 0.20522371062461847 0.021492252137044945 0.092760369529203468 -0.035019220599129056 -0.12678657692609988 0.091838730032679131 0.20667642720305407 -0.045846958660486471 0.052102393170094352 -0.31793612883241312 -0.053320061876831124 0.0053481592720510058 -0.0073465715513298079 0.02528656914120123 -0.017248514974587792
leaf_weight=244312 900 1488 29188 1668 3000 1564 75208 2036 45740 3664 20028 2056 6496 4656 32780 12208 1388 51840 18224 64112 5504 1668
leaf_count=244312 900 1488 29188 1668 3000 1564 75208 2036 45740 3664 20028 2056 6496 4656 32780 12208 1388 51840 18224 64112 5504 1668
internal_value=-0.000101258 -0.00738075 -7.35245e-05 -0.00035956 0.00509743 0.000370245 -0.000427192 -0.000754608 9.07151e-05 -0.00174266 -0.000106567 -0.000909342 0.000741865 -0.000307887 -0.00247284 0.000321003 -0.00393184 -0.0033493 0.00220143 0.000567673 -0.00133298 0.00713484
internal_weight=629728 2388 627340 381464 4668 245876 376796 283496 152784 130712 150748 105008 51072 44576 53936 21156 8948 55504 24548 93300 7560 6324
internal_count=629728 2388 627340 381464 4668 245876 376796 283496 152784 130712 150748 105008 51072 44576 53936 21156 8948 55504 24548 93300 7560 6324
cat_boundaries=0 1 2 3 4
cat_threshold=12 15 97 71
is_linear=0
shrinkage=0.045


Tree=106
num_leaves=23
num_cat=3
split_feature=0 4 1 12 2 12 17 8 9 4 7 2 2 13 14 9 10 9 2 4 2 1
split_gain=61.8078 44.1129 38.8422 88.5534 100.825 86.4946 58.3673 51.3259 47.1674 89.4757 56.7945 58.9276 50.0873 49.3532 44.9143 64.2695 43.2383 90.9304 117.457 115.82 105.489 72.6837
threshold=3.7263551950454716 0 21.000000000000004 3.5000000000000004 2.5000000000000004 -9.4999999999999982 -0.6599999999999997 2756.4200000000005 38.658125000000005 1 19.835000000000004 205.50000000000003 175.50000000000003 42.775000000000013 76.115000000000023 62.506250000000016 91.040269557728251 130.82979166666669 225.50000000000003 2 229.50000000000003 5.5000000000000009
decision_type=2 1 2 2 2 2 10 2 2 1 2 2 2 2 2 2 2 2 2 1 2 2
left_child=2 -2 3 4 -1 -6 7 -4 -7 10 11 12 14 -13 -10 -16 -5 -18 19 -19 -20 -21
right_child=1 -3 6 16 5 8 -8 -9 9 -11 -12 13 -14 -15 15 -17 17 18 20 21 -22 -23
leaf_value=0.34577653592752211 -11.939838635993278 -31.507884316810877 0.014019764624215428 0.0037644020443826816 0.027364661197680027 -0.014594083542331002 -0.038782160191510845 0.77890356185286025 0.16032436119371329 -0.17926450003851382 0.12213237363953078 -0.10686655888558684 -0.68782352424281235 0.44212101416766081 -0.5162691497595836 0.030101493848096232 -0.031471572519872086 -0.030820279351818417 -0.13623968056190155 0.022501095471841578 0.0042693057593168248 0.12810695795527413
leaf_weight=1344 1288 1100 69092 323576 19200 138088 9076 552 1892 20972 5728 820 2052 3720 1180 1356 15344 1676 1920 1670 5756 2326
leaf_count=1344 1288 1100 69092 323576 19200 138088 9076 552 1892 20972 5728 820 2052 3720 1180 1356 15344 1676 1920 1670 5756 2326
internal_value=-0.000101401 -0.00732427 -7.38831e-05 -0.000208012 -0.000973777 -0.00105848 0.000860878 0.00130323 -0.00137168 -0.00278193 -0.000327566 -0.00221693 -0.00497069 0.001714 -0.0022754 -0.00618794 0.000218824 -0.00145536 0.00126067 0.00617025 -0.0023678 0.0103181
internal_weight=629728 2388 627340 548620 196352 195008 78720 69644 175808 37720 16748 11020 6480 4540 4428 2536 352268 28692 13348 5672 7676 3996
internal_count=629728 2388 627340 548620 196352 195008 78720 69644 175808 37720 16748 11020 6480 4540 4428 2536 352268 28692 13348 5672 7676 3996
cat_boundaries=0 1 2 3
cat_threshold=28 69 66
is_linear=0
shrinkage=0.045


Tree=107
num_leaves=23
num_cat=3
split_feature=13 4 7 2 10 8 2 4 8 10 2 2 12 7 2 10 9 9 7 10 10 4
split_gain=60.1073 44.8703 54.7825 39.6355 38.0485 72.8016 62.6428 61.7856 68.7949 74.4358 61.3366 106.418 86.5749 88.6859 94.0066 60.1152 57.0447 55.4152 55.1355 104.333 55.656 63.6847
threshold=1040.3950000000002 0 17.735000000000003 241.50000000000003 11.549442035894929 54.535000000000004 12.500000000000002 1 55.035000000000004 12.080326525132236 321.50000000000006 297.50000000000006 6.5000000000000009 18.105000000000004 328.50000000000006 10.425803092438356 19.813958333333336 25.68791666666667 22.885000000000002 6.7339142242959715 10.519091788226151 2
decision_type=2 1 2 2 2 2 2 1 2 2 2 2 2 2 2 2 2 2 2 2 2 1
left_child=4 2 -2 -4 5 18 -7 -6 9 -9 11 15 13 -12 -15 16 -8 -14 20 -20 -1 -22
right_child=1 -3 3 -5 7 6 10 8 -10 -11 12 -13 17 14 -16 -17 -18 -19 19 -21 21 -23
leaf_value=0.0033393316870885792 58.154006849823702 -34.203481998934073 -28.69244422957998 93.365249205420994 -0.015621668677941611 -0.042560121486913308 0.71492593025665196 -0.10529693016365764 0.0016884245852197375 -0.0086910970940349639 -0.072447418104388067 0.14357171915417169 0.14591209118428355 -0.14093118887748066 0.13239556742074801 0.061554026395305994 0.0016853986769681261 0.013635202915028111 -0.14905660704408297 0.086149218693622534 0.018558225454806607 -0.049516710733017597
leaf_weight=225692 560 620 952 164 89120 2688 288 4700 237704 8644 3164 2524 836 260 1024 12960 13152 1820 1728 1248 6816 13064
leaf_count=225692 560 620 952 164 89120 2688 288 4700 237704 8644 3164 2524 836 260 1024 12960 13152 1820 1728 1248 6816 13064
internal_value=-9.83993e-05 -0.00736292 -0.00343898 -0.00921735 -7.17924e-05 0.000309539 0.00212459 -0.000393818 -3.24424e-05 -0.00317623 0.00261907 0.0035392 -0.00112722 -0.00496517 0.00500389 0.00269468 0.00058585 0.0052991 2.67954e-05 -0.00605944 0.000100601 -0.00218187
internal_weight=629728 2296 1676 1116 627432 287264 38716 340168 251048 13344 36028 28924 7104 4448 1284 26400 13440 2656 248548 2976 245572 19880
internal_count=629728 2296 1676 1116 627432 287264 38716 340168 251048 13344 36028 28924 7104 4448 1284 26400 13440 2656 248548 2976 245572 19880
cat_boundaries=0 1 2 3
cat_threshold=30 48 56
is_linear=0
shrinkage=0.045


Tree=108
num_leaves=23
num_cat=4
split_feature=13 4 7 2 2 7 4 1 2 4 16 7 14 8 13 0 14 2 2 2 4 7
split_gain=60.7773 42.0512 50.2897 38.2746 35.9922 95.7862 88.4018 98.4884 88.0666 86.8744 58.7089 71.7356 58.7549 57.5933 56.8282 49.5798 55.9563 55.9375 106.334 203.511 110.413 117.016
threshold=1040.3950000000002 0 17.735000000000003 241.50000000000003 358.50000000000006 14.005000000000001 1 13.500000000000002 356.50000000000006 2 11.685 11.725000000000003 26.554999999999996 48.605000000000011 1.6000000000000001 0.38492386043071752 3151.5450000000005 70.500000000000014 205.50000000000003 207.50000000000003 3 15.195000000000002
decision_type=2 1 2 2 2 2 1 2 2 1 8 2 2 2 2 2 2 2 2 2 1 2
left_child=4 2 -2 -4 8 6 7 -6 15 -7 13 12 -12 -8 -11 16 -1 -17 -19 -20 21 -21
right_child=1 -3 3 -5 5 9 10 -9 -10 14 11 -13 -14 -15 -16 17 -18 18 19 20 -22 -23
leaf_value=0.0043384198964175405 55.537076541581627 -32.664325308982043 -27.401284239248874 89.163812991177053 0.24507563495732898 0.36752766353585326 -0.19237326937843433 -0.025578988576033572 -0.099108628194659446 0.059944464371598769 0.13898307449048133 -0.035382902771154433 -0.023533093986451262 0.051340544625238065 -0.066806780119550574 0.0094209798828566171 -0.19749425888355551 -0.024182380293543953 0.19522191994425903 0.080895426505895832 -0.0063227532013609457 -0.022165153537948026
leaf_weight=237608 560 620 952 164 864 1536 728 672 3072 292 2208 2688 1684 276 572 93312 240 130720 2036 10704 130592 7628
leaf_count=237608 560 620 952 164 864 1536 728 672 3072 292 2208 2688 1684 276 572 93312 240 130720 2036 10704 130592 7628
internal_value=-9.71845e-05 -0.00740209 -0.00359893 -0.00913685 -7.04297e-05 0.00242145 0.00031572 0.0101163 -0.000117046 0.0104163 -0.00168246 -0.000136737 0.00376733 -0.0118091 -0.00107877 -7.89355e-05 0.000429283 -0.000401286 -0.000717618 9.59844e-05 -9.72966e-05 0.00317188
internal_weight=629728 2296 1676 1116 627432 11520 9120 1536 615912 2400 7584 6580 3892 1004 864 612840 237848 374992 281680 150960 148924 18332
internal_count=629728 2296 1676 1116 627432 11520 9120 1536 615912 2400 7584 6580 3892 1004 864 612840 237848 374992 281680 150960 148924 18332
cat_boundaries=0 1 2 3 4
cat_threshold=30 32 12 64
is_linear=0
shrinkage=0.045


Tree=109
num_leaves=23
num_cat=5
split_feature=13 4 7 0 3 4 2 2 12 10 7 10 7 2 4 7 14 2 14 8 4 8
split_gain=62.2128 40.1777 48.1173 35.6186 45.4938 46.2826 40.1633 90.3847 48.9627 36.9679 148.582 85.7437 87.1623 63.661 81.5706 95.5197 93.9566 55.8627 56.967 55.2479 134.522 69.1764
threshold=1040.3950000000002 0 17.735000000000003 0.89691463112831127 1 2 43.500000000000007 61.500000000000007 3.5000000000000004 5.7258828959067705 21.275000000000002 4.9786368469297004 18.705000000000002 359.50000000000006 3 14.945000000000002 11.735000000000001 358.50000000000006 13.115000000000002 27.090000000000003 4 41.785000000000004
decision_type=2 1 2 2 1 1 2 2 2 2 2 2 2 2 1 2 2 2 2 2 1 2
left_child=3 2 -2 9 -5 -6 -7 -8 -9 10 11 12 13 14 16 -16 -1 -14 -19 20 -11 -21
right_child=1 -3 -4 4 5 6 7 8 -10 19 -12 -13 17 -15 15 -17 -18 18 -20 21 -22 -23
leaf_value=0.068069744597134801 53.037908097210455 -31.19443067007785 -22.68058646148673 0.040143884848724526 0.029556702225689218 -0.25543023569714129 0.48704347808817344 -0.2169243369579498 0.11697191114054456 0.04645251922124248 -0.11847306436175065 -0.02899875476442863 0.27581910891140637 0.2818658571518291 -0.0052234757679199802 -0.072636947748670438 -0.015420041437254818 -0.072068083149189874 0.055689880803853495 0.016590452527460994 -0.11580248658302172 2.6631420131610904e-05
leaf_weight=5936 560 620 1116 25384 14284 3788 1672 24528 4940 2400 2592 19200 1152 672 10656 2784 4528 328 248 77764 4416 420160
leaf_count=5936 560 620 1116 25384 14284 3788 1672 24528 4940 2400 2592 19200 1152 672 10656 2784 4528 328 248 77764 4416 420160
internal_value=-8.97528e-05 -0.00748042 -0.00375889 -6.26839e-05 -0.000985683 -0.00178358 -0.002666 -0.00213426 -0.00271191 6.18626e-05 -0.00113019 -0.000533007 0.00113586 0.000448572 6.40007e-05 -0.00225468 0.00304124 0.0108988 -0.000544983 0.000175456 -0.0038479 0.000230546
internal_weight=629728 2296 1676 627432 74596 49212 34928 31140 29468 552836 48096 45504 26304 24576 23904 13440 10464 1728 576 504740 6816 497924
internal_count=629728 2296 1676 627432 74596 49212 34928 31140 29468 552836 48096 45504 26304 24576 23904 13440 10464 1728 576 504740 6816 497924
cat_boundaries=0 1 2 3 4 5
cat_threshold=30 192 65 74 14
is_linear=0
shrinkage=0.045


Tree=110
num_leaves=23
num_cat=5
split_feature=13 4 7 2 1 12 2 12 13 17 4 17 5 9 4 15 10 1 9 4 2 2
split_gain=58.3592 36.3045 42.7725 36.0373 35.4804 80.5361 87.241 77.8522 57.6084 62.8087 53.5595 43.8475 48.5199 43.2465 77.7821 54.0868 53.7386 63.1642 46.435 41.7376 109.982 115.09
threshold=1040.3950000000002 0 17.735000000000003 241.50000000000003 21.000000000000004 3.5000000000000004 2.5000000000000004 -9.4999999999999982 23.565000000000008 -0.6599999999999997 1 -6.5500000000000016 2 38.658125000000005 3 22.945000000000004 31.337763279654599 12.000000000000002 44.720416666666672 4 305.50000000000006 302.50000000000006
decision_type=2 1 2 2 2 2 2 2 2 10 1 8 1 2 1 8 2 2 2 1 2 2
left_child=4 2 -2 -4 5 6 -1 -8 9 -6 -10 12 -7 -9 15 -15 17 18 -17 -13 21 -21
right_child=1 -3 3 -5 8 11 7 13 10 -11 -12 19 -14 14 -16 16 -18 -19 -20 20 -22 -23
leaf_value=0.32929678411016078 50.651202232835985 -29.790681289924347 -25.147600057715771 86.172067797340986 0.0086437533296304138 0.050206361583240482 0.025970865442326851 -0.013669129824153277 0.27181834878187389 -0.046230860502633503 0.028748028629183766 0.0087415689215981258 -0.060941443549280737 -0.14383919983579002 -0.16992955944809893 -0.20648506078932352 -0.093804866465183781 0.42103469989791431 0.22889326342399405 -0.0047318559294943835 0.026905530989043105 -0.41562366389542021
leaf_weight=1344 560 620 952 164 59280 2697 19200 138088 5176 7696 6568 143656 8091 976 20992 820 11384 2944 660 170208 27168 484
leaf_count=1344 560 620 952 164 59280 2697 19200 138088 5176 7696 6568 143656 8091 976 20992 820 11384 2944 660 170208 27168 484
internal_value=-8.73231e-05 -0.00724543 -0.00370557 -0.00881485 -6.1106e-05 -0.000189279 -0.000919429 -0.000998201 0.000832296 0.000322494 0.00373915 0.000217779 -0.00260658 -0.00129525 -0.0026444 -0.000359014 0.000276091 0.00448373 -0.00309717 0.000307012 -0.000116894 -0.000540177
internal_weight=629728 2296 1676 1116 627432 548712 196408 195064 78720 66976 11744 352304 10788 175864 37776 16784 15808 4424 1480 341516 197860 170692
internal_count=629728 2296 1676 1116 627432 548712 196408 195064 78720 66976 11744 352304 10788 175864 37776 16784 15808 4424 1480 341516 197860 170692
cat_boundaries=0 1 2 3 4 5
cat_threshold=30 98 1 69 14
is_linear=0
shrinkage=0.045


Tree=111
num_leaves=23
num_cat=6
split_feature=13 18 5 1 2 15 2 9 4 4 12 2 4 7 2 2 4 12 2 4 10 8
split_gain=59.0066 33.332 93.3362 44.5949 73.103 87.1767 69.7328 71.0802 99.8066 67.104 56.2564 44.4253 67.3849 54.5388 85.9773 118.826 72.4694 60.3159 43.6905 55.0444 99.7538 52.2875
threshold=1040.3950000000002 -1.9299999999999977 0 14.000000000000002 67.500000000000014 20.405000000000005 203.50000000000003 30.296458333333337 1 2 -4.4999999999999991 207.50000000000003 3 15.005000000000001 308.50000000000006 300.50000000000006 4 -1.4999999999999998 62.500000000000007 5 8.7973887101015222 51.415000000000006
decision_type=2 8 1 2 2 10 2 2 1 1 2 2 1 2 2 2 1 2 2 1 2 2
left_child=1 2 -1 -3 5 18 7 8 -6 -7 -10 12 -8 -13 15 -15 -16 -18 19 20 -5 -21
right_child=-2 3 -4 4 6 9 11 -9 10 -11 -12 13 -14 14 16 -17 17 -19 -20 21 -22 -23
leaf_value=-0.032189475973728676 -19.231429889330812 0.0044418350564458435 0.00015539567480084003 0.063414140635171728 0.086942158301490297 0.16976062240571138 0.39083820189094981 -0.084446277657108645 0.033861544455788171 0.042373041600107575 -0.039238857396896427 0.013562279124933204 -0.0011236456471724436 -0.032404206073281067 0.087809590191157777 -0.16523169670758231 -0.074192628421880347 0.048667252000052473 0.13357938500514752 -0.073841989245685247 -0.044843743033793251 0.038385881794734886
leaf_weight=44398 2296 291884 133194 6080 4456 2528 616 20712 3916 17212 27396 31604 932 16308 4396 1904 2164 1284 912 8596 5300 1640
leaf_count=44398 2296 291884 133194 6080 4456 2528 616 20712 3916 17212 27396 31604 932 16308 4396 1904 2164 1284 912 8596 5300 1640
internal_value=-8.68944e-05 -6.05323e-05 -0.000582537 0.000145551 -0.000463509 0.00113804 -0.00104866 -0.00217981 -0.000964915 0.00332109 -0.00186183 3.04003e-05 0.00754839 -0.00017169 -0.00169583 -0.00339217 0.00224254 -0.00264017 -0.000774967 -0.00118235 0.000971735 -0.00357436
internal_weight=629728 627432 177592 449840 157956 42268 115688 56480 35768 19740 31312 59208 1548 57660 26056 18212 7844 3448 22528 21616 11380 10236
internal_count=629728 627432 177592 449840 157956 42268 115688 56480 35768 19740 31312 59208 1548 57660 26056 18212 7844 3448 22528 21616 11380 10236
cat_boundaries=0 1 2 3 4 5 6
cat_threshold=8 8 32 12 113 23
is_linear=0
shrinkage=0.045


Tree=112
num_leaves=23
num_cat=3
split_feature=13 1 12 2 2 10 9 10 4 7 7 2 15 10 2 4 14 2 10 4 12 2
split_gain=55.2654 35.2585 73.2276 83.357 95.4153 66.932 64.1876 77.515 104.675 103.542 67.861 68.9383 66.0857 64.0469 77.8052 82.6779 76.0126 63.8262 62.2659 59.1689 57.8691 60.8462
threshold=1040.3950000000002 21.000000000000004 3.5000000000000004 70.500000000000014 78.500000000000014 10.152097766338445 19.495833333333337 7.7540358572595069 0 13.805000000000001 20.355000000000004 6.5000000000000009 15.145000000000001 5.5788980343238519 54.500000000000007 1 15.940000000000005 8.5000000000000018 9.5056637934683454 2 -9.4999999999999982 6.5000000000000009
decision_type=2 2 2 2 2 2 2 2 1 2 2 2 8 2 2 1 2 2 2 1 2 2
left_child=1 2 3 6 -5 -6 17 13 9 18 12 -12 -11 14 15 16 -8 -1 -9 -15 -10 -22
right_child=-2 -3 -4 4 5 -7 7 8 20 10 11 -13 -14 19 -16 -17 -18 -19 -20 -21 21 -23
leaf_value=0.07905006787751255 -18.366015544310926 0.0099243387215126495 0.0019083631742873031 -0.1208071393230679 0.0021812405965320218 -0.052339368357192405 -0.12730549694516818 -0.099383438980263292 0.07469464363471609 -0.13427653658829378 -0.21177494505599137 0.11817262343600625 0.22801961846202665 0.19597643954269753 0.55253455932996454 0.038564039333953117 0.043939562748301839 -0.028417131432138268 0.022105453531611325 0.022910720026246383 0.058800812188668755 -0.056054450718081031
leaf_weight=2560 2296 78720 352304 5884 40364 79464 1224 1196 4332 172 364 2404 3256 4256 828 2420 364 18760 4308 1936 1984 20332
leaf_count=2560 2296 78720 352304 5884 40364 79464 1224 1196 4332 172 364 2404 3256 4256 828 2420 364 18760 4308 1936 1984 20332
internal_value=-8.38216e-05 -5.83089e-05 -0.000186081 -0.000882313 -0.00157751 -0.00130272 0.0003539 0.00124489 0.000288657 0.00383453 0.00782672 0.00258303 0.0120569 0.00456936 0.000688301 -0.00190773 -0.00984375 -0.0017095 -0.000653832 0.00759929 -0.00126932 -0.00219374
internal_weight=629728 627432 548712 196408 125712 119828 70696 49376 38348 11700 6196 2768 3428 11028 4836 4008 1588 21320 5504 6192 26648 22316
internal_count=629728 627432 548712 196408 125712 119828 70696 49376 38348 11700 6196 2768 3428 11028 4836 4008 1588 21320 5504 6192 26648 22316
cat_boundaries=0 1 2 3
cat_threshold=33 48 54
is_linear=0
shrinkage=0.045


Tree=113
num_leaves=23
num_cat=3
split_feature=13 7 2 2 2 2 2 2 2 4 4 4 2 2 2 7 1 2 8 2 2 10
split_gain=51.6467 33.315 126.897 125.542 220.565 178.959 180.192 154.045 140.341 125.637 97.8391 95.5853 86.5041 210.001 85.7442 97.5997 84.1772 114.885 82.6127 190.597 167.65 155.279
threshold=1040.3950000000002 15.145000000000001 359.50000000000006 269.50000000000006 263.50000000000006 308.50000000000006 301.50000000000006 260.50000000000006 317.50000000000006 0 1 2 339.50000000000006 332.50000000000006 127.50000000000001 3.0250000000000004 7.5000000000000009 2.5000000000000004 106.74500000000002 211.50000000000003 239.50000000000003 97.157973412293032
decision_type=2 2 2 2 2 2 2 2 2 1 1 1 2 2 2 2 2 2 2 2 2 2
left_child=1 14 3 4 7 6 -5 9 -7 -3 -6 -10 13 -13 15 -1 17 -17 20 -20 -11 -21
right_child=-2 2 -4 5 10 8 -8 -9 11 18 -12 12 -14 -15 -16 16 -18 -19 19 21 -22 -23
leaf_value=0.022455000294513836 -17.539544844816934 -0.023069454598997674 0.38849652820853542 -0.031439177324359885 -0.019611206656100211 0.1480437313398324 -0.12410839444435839 -0.10420045698763766 0.049877276678885904 0.02700661956756029 0.10808594616377598 -0.058229345816953763 -0.065592288710843161 0.083611652561528804 0.0091204681203239449 -0.18025068710614423 -0.024385228774273612 0.013027676785488917 -0.038974069740893742 0.11328421227159297 -0.025406395095098875 -0.00045918788660674224
leaf_weight=34560 2296 50764 960 18720 1536 4128 6624 1536 5664 74400 5088 6432 7488 5472 187608 960 104742 46598 32484 6144 11520 14004
leaf_count=34560 2296 50764 960 18720 1536 4128 6624 1536 5664 74400 5088 6432 7488 5472 187608 960 104742 46598 32484 6144 11520 14004
internal_value=-8.07489e-05 -5.60856e-05 -0.000455041 -0.000517309 1.04822e-05 -0.00242866 -0.0051949 -0.000269735 -2.62112e-05 -0.000154502 0.0080818 -0.001293 -0.00279453 -0.000411977 0.000213422 -0.000468875 -0.000958786 0.000611228 0.00054722 -0.000856671 0.00140726 0.00258164
internal_weight=629728 627432 252964 252004 197476 54528 25344 190852 29184 189316 6624 25056 19392 11904 374468 186860 152300 47558 138552 52632 85920 20148
internal_count=629728 627432 252964 252004 197476 54528 25344 190852 29184 189316 6624 25056 19392 11904 374468 186860 152300 47558 138552 52632 85920 20148
cat_boundaries=0 1 2 3
cat_threshold=80 20 96
is_linear=0
shrinkage=0.045


Tree=114
num_leaves=23
num_cat=3
split_feature=10 9 2 7 2 10 2 10 4 10 7 1 7 2 4 8 12 13 4 2 1 12
split_gain=48.0491 82.4703 122.309 124.545 85.6776 85.6017 106.093 72.5098 70.1021 63.5523 81.1842 79.7353 61.0265 52.1774 51.8433 50.2674 52.7615 47.0177 46.4134 69.3233 68.823 102.189
threshold=85.123579179629644 122.39708333333336 219.50000000000003 14.535000000000002 175.50000000000003 345.98309967211878 247.50000000000003 64.126446204581399 0 477.57249715564927 13.735000000000001 21.000000000000004 22.035000000000004 229.50000000000003 1 681.53000000000009 14.500000000000002 1.5399999999999998 2 219.50000000000003 14.000000000000002 12.500000000000002
decision_type=2 2 2 2 2 2 2 2 1 2 2 2 2 2 1 2 2 2 1 2 2 2
left_child=7 2 3 4 8 6 18 -1 -2 -7 -11 -12 13 -4 15 16 -5 -9 -3 20 21 -20
right_child=1 5 12 14 -6 9 -8 17 -10 10 11 -13 -14 -15 -16 -17 -18 -19 19 -21 -22 -23
leaf_value=-0.00045367841886544271 0.11315309225169931 0.074755582282909475 0.059286068090150308 -0.041826227734709995 -0.13161937353986128 -0.12124373837375362 0.45004927971048886 0.048901264821440353 -0.043418508159531438 0.16089960143210008 -0.032702984058815811 0.10675121119750906 0.25025379646760859 -0.021707518355876636 -0.13734022783274372 -0.23289866878079632 -0.056441032438992261 0.033621902021549598 0.13808965263970882 -0.054606577868107964 -0.13833158970434992 -0.020598257645251139
leaf_weight=568576 1824 4032 1536 4188 864 2304 768 1988 2016 768 9324 1332 1056 8736 2304 768 804 9724 1656 2976 1600 584
leaf_count=568576 1824 4032 1536 4188 864 2304 768 1988 2016 768 9324 1332 1056 8736 2304 768 804 9724 1656 2976 1600 584
internal_value=-8.50364e-05 -0.00143168 -0.00331646 -0.00633594 -0.000516362 0.000360412 0.00320322 2.97007e-05 0.00236596 -0.00204516 -0.000669526 -0.00168887 8.73786e-05 -0.000972357 -0.00972973 -0.00739865 -0.00575791 0.00353423 0.00205714 -0.000210896 0.00378319 0.00887154
internal_weight=629728 49440 24096 12768 4704 25344 11616 580288 3840 13728 11424 10656 11328 10272 8064 5760 4992 11712 10848 6816 3840 2240
internal_count=629728 49440 24096 12768 4704 25344 11616 580288 3840 13728 11424 10656 11328 10272 8064 5760 4992 11712 10848 6816 3840 2240
cat_boundaries=0 1 2 3
cat_threshold=65 25 88
is_linear=0
shrinkage=0.045


Tree=115
num_leaves=23
num_cat=3
split_feature=13 1 12 2 12 10 1 15 18 5 16 17 16 7 4 3 10 2 8 12 0 2
split_gain=48.1061 32.5295 66.005 80.8628 72.3047 60.3206 58.8493 54.1169 53.8109 52.2731 50.5039 44.2986 43.7412 82.4288 83.3887 80.1443 58.8294 57.9759 76.8255 60.6003 67.9351 51.766
threshold=1040.3950000000002 21.000000000000004 2.5000000000000004 2.5000000000000004 -9.4999999999999982 345.98309967211878 15.000000000000002 42.895000000000003 6.8400000000000016 0 21.395000000000003 -0.6599999999999997 8.9850000000000012 5.0050000000000008 1 2 6.8238256323979671 6.5000000000000009 21.715000000000003 11.500000000000002 0.055271850898861892 32.500000000000007
decision_type=2 2 2 2 2 2 2 10 10 1 8 10 10 2 1 1 2 2 2 2 2 2
left_child=1 2 3 -1 -5 -6 8 11 12 -10 -9 -3 17 14 15 -14 -16 18 -4 20 -19 -18
right_child=-2 7 6 4 5 -7 -8 10 9 -11 -12 -13 13 -15 16 -17 21 19 -20 -21 -22 -23
leaf_value=0.37984137464901635 -16.747808030796108 0.0065450655232799707 0.56019461224880107 0.024087148861688182 -0.021586313221115292 -1.7922703384240688 -0.031568976876567151 -0.076261075687557842 -0.015458057632892607 0.060503279391414803 0.068020510211875038 -0.039349457328643589 0.012799012267951085 0.00096536950597834678 -0.077595245937349566 0.16178622395427175 0.2933031156534403 0.01567933351321962 -0.54079491834030258 0.018991634818320651 -0.061582086064213705 0.0074490054254592953
leaf_weight=1152 2296 51668 112 19200 149176 1132 30464 1112 7095 21285 17608 8332 2456 277416 1740 4872 1460 2840 832 10840 9656 6984
leaf_count=1152 2296 51668 112 19200 149176 1132 30464 1112 7095 21285 17608 8332 2456 277416 1740 4872 1460 2840 832 10840 9656 6984
internal_value=-8.06774e-05 -5.68745e-05 -0.000179602 -0.000914175 -0.000994986 -0.00132716 0.000152002 0.00079857 0.00031822 0.00219593 0.00291075 0.000139495 0.000151264 0.000302411 0.00329651 0.00695232 0.000657611 -0.00168458 -0.0126057 -0.00124175 -0.00337734 0.00221111
internal_weight=629728 627432 548712 170660 169508 150308 378052 78720 347588 28380 18720 60000 319208 294928 17512 7328 10184 24280 944 23336 12496 8444
internal_count=629728 627432 548712 170660 169508 150308 378052 78720 347588 28380 18720 60000 319208 294928 17512 7328 10184 24280 944 23336 12496 8444
cat_boundaries=0 1 2 3
cat_threshold=1 42 192
is_linear=0
shrinkage=0.045


Tree=116
num_leaves=23
num_cat=5
split_feature=13 2 17 5 17 5 18 17 5 18 5 18 12 17 1 10 7 4 17 10 1 1
split_gain=45.7129 32.2816 31.9941 150.391 126.228 104.649 87.3057 74.3592 74.2436 65.284 120.591 60.43 52.2311 43.1411 43.0495 42.9498 36.1832 43.1584 35.3197 35.2941 34.4533 34.3674
threshold=332.53500000000003 239.50000000000003 1.0900000000000007 0 9.9400000000000048 1 -0.19999999999999749 -1.5050000000000006 2 3.6299999999999977 3 -24.94499999999999 1.5000000000000002 41.384999999999998 20.750000000000004 85.123579179629644 5.9350000000000014 4 -4.9899999999999958 5.7258828959067705 22.250000000000004 16.750000000000004
decision_type=2 2 8 1 10 1 8 10 1 10 1 10 2 10 2 2 2 1 10 2 2 2
left_child=2 -2 5 4 -4 7 8 -1 20 13 12 -10 21 16 18 -8 17 -5 -13 -18 -7 -11
right_child=1 -3 3 9 -6 6 15 -9 11 10 -12 14 -14 -15 -16 -17 19 -19 -20 -21 -22 -23
leaf_value=0.035890396452915016 -2.5796141809396906 1.6090949847719282 -0.013751293413645936 0.084707371235686071 -0.22766785718588048 -0.0052357867300139131 0.0088879055741267823 0.0018401159999305949 -0.51388122801078584 0.011741885503247285 -0.00095437696630119417 -0.071342722801183714 0.040657251703758918 0.45822649402884341 0.00050495396046192911 -0.017916102667076297 -0.04523804970588087 -0.0090220128706014757 -0.017713821735818151 -0.0088473614008996917 0.023371773388288261 0.35939638836097421
leaf_weight=49677 5400 1348 47780 5931 13472 93084 118623 44816 2475 1198 50506 8492 18957 4002 15021 8136 7530 8637 26252 81897 11396 5098
leaf_count=49677 5400 1348 47780 5931 13472 93084 118623 44816 2475 1198 50506 8492 18957 4002 15021 8136 7530 8637 26252 81897 11396 5098
internal_value=-7.66757e-05 -0.00376 -3.67667e-05 -0.000437309 -0.00236811 0.000222872 -0.000209451 0.00151968 -0.000919686 0.000206429 0.00121913 -0.0023046 0.00375727 -0.000503963 -0.0019635 0.00066864 -0.000680428 0.00139911 -0.00283371 -0.00101922 -0.000226955 0.00730946
internal_weight=629728 6748 622980 245008 61252 377972 283479 94493 156720 183756 75759 52240 25253 107997 49765 126759 103995 14568 34744 89427 104480 6296
internal_count=629728 6748 622980 245008 61252 377972 283479 94493 156720 183756 75759 52240 25253 107997 49765 126759 103995 14568 34744 89427 104480 6296
cat_boundaries=0 1 2 3 4 5
cat_threshold=1 1 6 8 56
is_linear=0
shrinkage=0.045


Tree=117
num_leaves=23
num_cat=6
split_feature=13 4 2 7 4 1 2 4 2 2 4 2 4 8 16 7 14 8 2 4 2 7
split_gain=44.1341 32.0873 30.4441 95.7892 83.457 95.4586 81.8445 115.7 111.193 137.052 193.505 99.8767 75.7028 64.3024 55.6791 62.6116 54.853 53.5701 53.0863 293.454 194.79 249.51
threshold=1040.3950000000002 0 358.50000000000006 14.005000000000001 1 13.500000000000002 351.50000000000006 2 348.50000000000006 343.50000000000006 3 355.50000000000006 4 43.685000000000009 11.685 11.725000000000003 26.554999999999996 48.605000000000011 307.50000000000006 5 301.50000000000006 15.145000000000001
decision_type=2 1 2 2 1 2 2 1 2 2 1 2 1 2 8 2 2 2 2 1 2 2
left_child=2 -2 6 4 5 -4 8 11 9 18 -11 -8 -5 -10 17 16 -16 -6 20 -20 -1 -22
right_child=1 -3 3 12 14 -7 7 -9 13 10 -12 -13 -14 -15 15 -17 -18 -19 19 -21 21 -23
leaf_value=-0.00034716687108014897 1.3345403093685717 -22.18836104913138 0.22459063067571489 0.33372785097518631 -0.18217823420253751 -0.025086429191677997 0.082983273625532164 -0.071391891310317382 0.0062731835286758573 0.24412109886915614 -0.09775717375255949 -0.036065527474030128 -0.0029757443441160683 0.11970083654804989 0.13126430630674535 -0.033081722625957703 -0.02377114513597503 0.047154212649177546 0.0977159553148646 -0.0092980120029878596 0.073229174090829893 -0.11859553609039683
leaf_weight=528296 860 1436 864 1536 728 672 1536 6144 2112 768 6912 3072 864 2496 2208 2688 1684 276 16192 39168 2592 6624
leaf_count=528296 860 1436 864 1536 728 672 1536 6144 2112 768 6912 3072 864 2496 2208 2688 1684 276 16192 39168 2592 6624
internal_value=-8.0606e-05 -0.00630548 -5.78069e-05 0.00223399 0.000128261 0.00965116 -0.00010068 -0.003992 -3.15287e-05 -8.49715e-05 -0.00605702 0.0014026 0.010229 0.00693059 -0.0018128 -0.000307657 0.00333975 -0.011675 -7.59015e-06 0.00131923 -0.000144247 -0.00662942
internal_weight=629728 2296 627432 11520 9120 1536 615912 10752 605160 600552 7680 4608 2400 4608 7584 6580 3892 1004 592872 55360 537512 9216
internal_count=629728 2296 627432 11520 9120 1536 615912 10752 605160 600552 7680 4608 2400 4608 7584 6580 3892 1004 592872 55360 537512 9216
cat_boundaries=0 1 2 3 4 5 6
cat_threshold=12 32 49 16 12 72
is_linear=0
shrinkage=0.045


Tree=118
num_leaves=23
num_cat=2
split_feature=0 1 2 2 14 15 2 9 8 2 15 2 0 0 2 4 7 9 4 2 9 2
split_gain=43.3323 33.9801 60.8954 46.9682 46.2863 45.8689 35.6611 36.6541 33.2967 29.8961 29.886 62.0148 51.3871 49.5419 54.8033 51.3135 64.0598 65.4639 61.4302 58.1706 84.4114 54.2589
threshold=2.1911162137985234 18.500000000000004 121.50000000000001 147.50000000000003 214.11500000000004 1049.3950000000002 171.50000000000003 70.50041666666668 1021.4750000000001 241.50000000000003 8.8950000000000014 6.5000000000000009 0.055271850898861892 0.36663097143173223 358.50000000000006 0 5.5150000000000006 340.17437500000005 1 31.500000000000004 16.519375000000004 191.50000000000003
decision_type=2 2 2 2 2 10 2 2 2 2 8 2 2 2 2 1 2 2 1 2 2 2
left_child=10 4 -3 -4 6 -6 -2 -8 -5 -10 11 -1 -13 -12 15 21 18 -18 -17 20 -20 -15
right_child=1 2 3 8 5 -7 7 -9 9 -11 13 12 -14 14 -16 16 17 -19 19 -21 -22 -23
leaf_value=-0.26747339309315504 0.10038007121934775 5.730400162158281 -2.5309801778779391 0.9829813796203607 0.011818366258187822 -19.732114428658232 0.20734369273843475 -2.0369358034191056 -4.4279382102418134 61.18006561797074 0.0062831758123787244 0.015063848085592137 -0.026880892019465429 -0.0060998211636917234 0.057929358270010028 -0.074181938717224297 -0.012383332970598971 0.040079178155764034 -0.052824251159273972 0.030442317020870337 0.2549821733052719 0.014432381179272456
leaf_weight=1344 588 518 544 2236 3566 660 344 1618 1234 316 186536 6480 23556 92772 6188 2976 212264 2976 516 7080 2576 72840
leaf_count=1344 588 518 544 2236 3566 660 344 1618 1234 316 186536 6480 23556 92772 6188 2976 212264 2976 516 7080 2576 72840
internal_value=-8.05345e-05 -0.00280234 7.42268e-05 -0.00167244 -0.00485984 -0.00196902 -0.00964538 -0.012556 0.000106917 -0.00495812 -2.93396e-05 -0.00138232 -0.000958786 4.30269e-05 -0.000239286 -0.00030529 -0.000742579 -0.000928885 0.00230646 0.00396799 0.00911926 0.000297783
internal_weight=629728 11624 4848 4330 6776 4226 2550 1962 3786 1550 618104 31380 30036 586724 400188 394000 228388 215240 13148 10172 3092 165612
internal_count=629728 11624 4848 4330 6776 4226 2550 1962 3786 1550 618104 31380 30036 586724 400188 394000 228388 215240 13148 10172 3092 165612
cat_boundaries=0 1 2
cat_threshold=67 4
is_linear=0
shrinkage=0.045


Tree=119
num_leaves=23
num_cat=5
split_feature=15 0 17 5 17 5 18 17 5 18 5 18 1 17 1 10 4 10 7 12 1 16
split_gain=44.1919 36.9622 31.0046 147.559 128.947 90.1218 84.1069 69.4811 67.7821 62.0711 100.675 57.4244 39.9668 41.5739 37.4041 36.0269 36.791 36.5314 33.302 32.6813 35.6432 31.507
threshold=1049.3950000000002 2.1911162137985234 1.1800000000000008 0 10.495000000000001 1 -0.19999999999999749 -1.5050000000000006 2 6.8400000000000016 3 -24.94499999999999 19.750000000000004 -6.325000000000002 14.250000000000002 85.123579179629644 4 162.13882270263494 17.525000000000002 1.5000000000000002 16.750000000000004 13.345000000000001
decision_type=10 2 8 1 10 1 8 10 1 10 1 10 2 10 2 2 1 2 2 2 2 10
left_child=2 -2 5 4 -4 7 8 -1 -7 -5 19 -10 13 -13 -12 16 21 -17 -18 20 -11 -8
right_child=1 -3 3 9 -6 6 15 -9 11 10 14 12 -14 -15 -16 17 18 -19 -20 -21 -22 -23
leaf_value=0.033852078967686619 2.0250234358027019 -8.6433758059361931 -0.013544306081961926 -0.0041860995767457176 -0.24634447509338073 -0.0024514764588220296 0.00073254282164001642 0.0011382738089553552 -0.51729331708401582 -0.01831969928036372 0.030838573207408165 -0.085378814478336382 -0.001690368653224048 -0.0183177983060979 -0.026576163435395411 -0.038657072698146382 -0.0029899635478566875 0.0046683787445237776 0.021738846469467162 0.064881157587873425 0.41170823430091097 0.02536358323593255
leaf_weight=49823 116 2220 47119 132114 13821 105194 15381 46085 2585 957 13576 5353 17555 27104 20228 3852 56889 4500 14325 11406 4539 34986
leaf_count=49823 116 2220 47119 132114 13821 105194 15381 46085 2585 957 13576 5353 17555 27104 20228 3852 56889 4500 14325 11406 4539 34986
internal_value=-8.01058e-05 -0.00625535 -5.70933e-05 -0.000453947 -0.00237137 0.000195069 -0.000203155 0.0013896 -0.000901323 0.000185334 0.00152372 -0.0022201 -0.00188227 -0.00281779 0.000105128 0.000644688 0.000841092 -0.00221391 0.000182588 0.00435793 0.0072108 0.00177172
internal_weight=629728 2336 627392 243760 60940 383632 287724 95908 157791 182820 50706 52597 50012 32457 33804 129933 121581 8352 71214 16902 5496 50367
internal_count=629728 2336 627392 243760 60940 383632 287724 95908 157791 182820 50706 52597 50012 32457 33804 129933 121581 8352 71214 16902 5496 50367
cat_boundaries=0 1 2 3 4 5
cat_threshold=1 1 6 8 26
is_linear=0
shrinkage=0.045


Tree=120
num_leaves=23
num_cat=5
split_feature=13 2 2 2 7 4 4 2 2 2 2 4 2 2 2 4 1 8 7 4 7 1
split_gain=41.1273 30.9776 39.9376 76.481 72.9916 58.117 46.6747 34.4006 28.0641 65.5526 77.7166 113.733 117.026 101.715 128.813 179.547 70.8713 60.4344 59.1526 75.8285 70.3086 58.7082
threshold=259.76000000000005 239.50000000000003 225.50000000000003 215.50000000000003 16.915000000000003 0 1 171.50000000000003 364.50000000000006 358.50000000000006 351.50000000000006 2 355.50000000000006 348.50000000000006 343.50000000000006 3 10.000000000000002 43.685000000000009 14.005000000000001 4 12.765000000000002 16.000000000000004
decision_type=2 2 2 2 2 1 1 2 2 2 2 1 2 2 2 1 2 2 2 1 2 2
left_child=8 2 3 6 -4 -5 -2 -8 9 10 13 12 -12 14 -1 -16 -14 -15 20 -20 -11 -18
right_child=1 -3 4 5 -6 -7 7 -9 -10 18 11 -13 16 17 15 -17 21 -19 19 -21 -22 -23
leaf_value=0.00013965308386961028 -2.9117487256949146 1.435314693585884 10.388429546116409 -1.4880103248385417 -7.2109123519244331 18.84783591402714 0.28063608316916783 -2.0140544571255088 -0.045376542699669585 0.03578391859974852 0.18876606496011589 -0.058123052191330099 -0.11463177435542969 0.0064510968237871434 0.2331019844985518 -0.09341501730099086 0.066324767017622188 0.1147715957925559 0.31736476097126604 -0.006118370303906313 -0.058132978642322017 -0.034813411452328698
leaf_weight=586308 440 1788 484 436 1988 1068 1548 1108 2304 5760 768 7680 960 2112 768 6912 576 2496 1536 864 1056 768
leaf_count=586308 440 1788 484 436 1988 1068 1548 1108 2304 5760 768 7680 960 2112 768 6912 576 2496 1536 864 1056 768
internal_value=-8.4036e-05 -0.00312796 -0.00446565 -0.00198501 -0.00907639 0.00633466 -0.00602808 -0.00371064 -4.05882e-05 -2.21157e-05 -7.90925e-05 -0.00387065 0.00344358 -1.09756e-05 -6.26526e-05 -0.00585199 -0.00161969 0.00664751 0.0037443 0.00981682 0.00160384 0.00504829
internal_weight=629728 8860 7072 4600 2472 1504 3096 2656 620868 618564 609348 10752 3072 598596 593988 7680 2304 4608 9216 2400 6816 1344
internal_count=629728 8860 7072 4600 2472 1504 3096 2656 620868 618564 609348 10752 3072 598596 593988 7680 2304 4608 9216 2400 6816 1344
cat_boundaries=0 1 2 3 4 5
cat_threshold=66 48 48 16 12
is_linear=0
shrinkage=0.045


Tree=121
num_leaves=23
num_cat=4
split_feature=13 2 2 7 2 4 4 2 2 15 2 16 0 14 2 2 4 2 2 9 13 4
split_gain=42.881 30.5146 35.707 67.7644 65.9956 52.9963 45.312 31.9857 30.433 28.0145 56.8912 46.019 45.6907 50.9132 50.1429 85.6533 99.665 80.2703 57.2534 81.6293 55.8651 50.972
threshold=259.76000000000005 239.50000000000003 225.50000000000003 16.915000000000003 215.50000000000003 0 1 171.50000000000003 219.50000000000003 8.8950000000000014 6.5000000000000009 2.6950000000000007 0.36663097143173223 3151.5450000000005 8.5000000000000018 20.500000000000004 2 27.500000000000004 6.5000000000000009 22.487916666666667 8.0350000000000037 3
decision_type=2 2 2 2 2 1 1 2 2 8 2 10 2 2 2 2 1 2 2 2 2 1
left_child=9 2 4 -4 6 -6 -2 -8 -7 10 -1 -12 13 14 18 16 -16 -17 19 20 -11 -19
right_child=1 -3 3 -5 5 8 7 -9 -10 12 11 -13 -14 -15 15 17 -18 21 -20 -21 -22 -23
leaf_value=-0.25563904165047624 -2.7807200330386435 1.3707255323745189 9.9209502165411703 -6.8864212960878337 21.182634417184317 -6.9309481189114193 0.26800745942655579 -1.9234220065548613 1.5166212987039331 -0.074939153186779989 0.01707639553085057 -0.023251326229429947 -0.0029703446040819123 -0.18819031953951046 -0.23142499572673009 0.1056947007868259 -0.021701763172366263 0.022942074092012151 0.37710379634425362 0.075408453659006502 0.11144361172464644 0.0025220823976189358
leaf_weight=1344 440 1788 484 1988 924 280 1548 1108 300 1848 5712 24324 402952 228 1588 2604 4000 23528 680 1304 1356 149400
leaf_count=1344 440 1788 484 1988 924 280 1548 1108 300 1848 5712 24324 402952 228 1588 2604 4000 23528 680 1304 1356 149400
internal_value=-8.07489e-05 -0.0031889 -0.00451654 -0.00887631 -0.0021708 0.00555777 -0.0059264 -0.00364318 -0.00509291 -3.63844e-05 -0.00134647 -0.000940808 3.33593e-05 0.000615639 0.000641753 0.000516779 -0.00496691 0.000691405 0.00500289 0.00316297 -0.000701809 0.000573267
internal_weight=629728 8860 7072 2472 4600 1504 3096 2656 580 620868 31380 30036 589488 186536 186308 181120 5588 175532 5188 4508 3204 172928
internal_count=629728 8860 7072 2472 4600 1504 3096 2656 580 620868 31380 30036 589488 186536 186308 181120 5588 175532 5188 4508 3204 172928
cat_boundaries=0 1 2 3 4
cat_threshold=29 48 72 8
is_linear=0
shrinkage=0.045


Tree=122
num_leaves=23
num_cat=1
split_feature=13 15 2 4 2 7 10 7 10 7 10 8 2 10 12 1 12 2 2 0 7 2
split_gain=41.7304 29.4952 49.4871 47.7166 30.2059 32.2864 28.0908 145.167 74.4378 70.2523 60.5697 70.5404 78.6493 93.7537 79.4851 111.016 69.4436 84.0634 141.763 101.465 79.7171 68.5705
threshold=259.76000000000005 548.71000000000015 209.50000000000003 0 223.50000000000003 15.985000000000001 5.7258828959067705 21.275000000000002 4.9786368469297004 18.705000000000002 9.8273971060640513 55.815000000000005 66.500000000000014 11.629889309495796 3.5000000000000004 19.500000000000004 -3.4999999999999996 50.500000000000007 24.500000000000004 0.25551070272922521 7.5950000000000006 49.500000000000007
decision_type=2 10 2 1 2 2 2 2 2 2 2 2 2 2 2 2 2 2 2 2 2 2
left_child=6 2 3 -2 5 -4 7 8 9 -1 -8 16 13 -13 15 -14 -12 18 19 -18 -20 -15
right_child=1 -3 4 -5 -6 -7 10 -9 -10 -11 11 12 14 21 -16 -17 17 -19 20 -21 -22 -23
leaf_value=0.0051372456821707725 0.39012468845384951 -4.3905791424896927 -1.1291281472684134 -1.8396914534332733 -0.17832992155635971 20.920029087223327 0.008265008647512298 -0.11294001028819711 -0.027529315770882988 0.088058099698740802 0.016392231248557536 0.10688551430977257 -0.060550805046444715 -0.0075465262458678968 0.0026233352560913834 0.0029901405468557773 -0.26230548692955596 -0.016109350900739013 -0.047660283143636427 0.03572976490014243 -0.19415890403795347 0.060983006244183652
leaf_weight=24576 764 3716 268 1032 2324 756 176652 2592 19200 1728 10156 6336 55338 27292 178640 53350 1260 38728 1976 4824 3456 14764
leaf_count=24576 764 3716 268 1032 2324 756 176652 2592 19200 1728 10156 6336 55338 27292 178640 53350 1260 38728 1976 4824 3456 14764
internal_value=-7.7033e-05 -0.0031432 -0.000935678 -0.00695773 0.00229701 0.00872807 -3.32678e-05 -0.0010778 -0.000487518 0.00106744 5.44456e-05 -0.000254581 1.34039e-07 0.00167841 -0.000282532 -0.00124206 -0.00167031 -0.00235631 -0.00573146 -0.00101298 -0.011014 0.000909458
internal_weight=629728 8860 5144 1796 3348 1024 620868 48096 45504 26304 572772 396120 335720 48392 287328 108688 60400 50244 11516 6084 5432 42056
internal_count=629728 8860 5144 1796 3348 1024 620868 48096 45504 26304 572772 396120 335720 48392 287328 108688 60400 50244 11516 6084 5432 42056
cat_boundaries=0 1
cat_threshold=7
is_linear=0
shrinkage=0.045


Tree=123
num_leaves=23
num_cat=3
split_feature=13 2 2 7 2 2 4 2 4 10 7 10 7 4 14 8 2 7 2 10 8 10
split_gain=41.3769 29.0075 30.2409 60.7055 57.7327 45.6202 43.3024 34.6262 27.8718 26.2961 136.911 68.1727 62.5684 60.5943 82.7912 77.1794 87.4773 65.5057 60.3687 55.0517 66.2247 76.4921
threshold=259.76000000000005 239.50000000000003 225.50000000000003 16.915000000000003 215.50000000000003 171.50000000000003 0 219.50000000000003 1 5.7258828959067705 21.275000000000002 4.9786368469297004 18.705000000000002 2 12.035 26.490000000000006 342.50000000000006 14.945000000000002 41.500000000000007 9.8273971060640513 56.140000000000008 11.549442035894929
decision_type=2 2 2 2 2 2 1 2 1 2 2 2 2 1 2 2 2 2 2 2 2 2
left_child=9 2 4 -4 5 8 -6 -8 -2 10 11 12 13 14 15 -1 18 -15 -17 -11 -21 -22
right_child=1 -3 3 -5 6 -7 7 -9 -10 19 -12 -13 -14 17 -16 16 -18 -19 -20 20 21 -23
leaf_value=0.11949409443114012 -2.9435870026986142 1.3675161608566706 9.5773079107378543 -6.4686006244249707 25.267164899277567 -1.9663533580943493 -6.4214793921483695 4.2501363890812458 0.84786570989475307 0.0078930832583742443 -0.10785770982522826 -0.026290496561193259 0.084095485212297469 -0.0050134911842698946 -0.015761193364751045 0.053324130374777845 0.2491855088342326 -0.076054157103719211 -0.032660298645580364 -0.019345518661321504 0.029641801818257929 -0.0019074383730459821
leaf_weight=3368 376 1788 484 1988 528 1356 280 696 1364 176652 2592 19200 1728 9600 5328 832 960 2016 2472 62224 22176 311720
leaf_count=3368 376 1788 484 1988 528 1356 280 696 1364 176652 2592 19200 1728 9600 5328 832 960 2016 2472 62224 22176 311720
internal_value=-7.98914e-05 -0.00313304 -0.00442748 -0.00843977 -0.00226858 -0.00578115 0.00496016 -0.000728745 -0.000955798 -3.63119e-05 -0.00104693 -0.000473674 0.00101441 0.000432094 0.00254625 0.00555279 0.00152954 -0.00192724 -0.00194646 4.85532e-05 -0.000246061 5.12132e-06
internal_weight=629728 8860 7072 2472 4600 3096 1504 976 1740 620868 48096 45504 26304 24576 12960 7632 4264 11616 3304 572772 396120 333896
internal_count=629728 8860 7072 2472 4600 3096 1504 976 1740 620868 48096 45504 26304 24576 12960 7632 4264 11616 3304 572772 396120 333896
cat_boundaries=0 1 2 3
cat_threshold=17 24 78
is_linear=0
shrinkage=0.045


Tree=124
num_leaves=23
num_cat=4
split_feature=16 5 15 2 7 2 1 8 10 2 4 4 7 14 1 2 9 12 2 2 7 4
split_gain=40.3581 45.8772 28.7382 40.4509 26.3822 54.3854 71.3867 56.1462 119.01 84.4669 76.3132 63.7943 59.9952 57.8946 56.5642 54.2084 47.2968 64.715 44.7659 88.7466 64.5921 79.8684
threshold=275.89500000000004 0 548.71000000000015 239.50000000000003 3.0250000000000004 364.50000000000006 16.500000000000004 28.645000000000003 8.6611920195150702 38.500000000000007 1 2 1.9500000000000002 49.390000000000015 5.2500000000000009 45.500000000000007 12.641250000000001 -9.4999999999999982 358.50000000000006 356.50000000000006 14.005000000000001 3
decision_type=10 1 10 2 2 2 2 2 2 2 1 1 2 2 2 2 2 2 2 2 2 1
left_child=4 2 -2 -4 5 7 -7 10 9 -9 14 13 15 -10 -1 -13 17 -6 19 -18 -20 -22
right_child=1 -3 3 -5 16 6 -8 8 11 -11 -12 12 -14 -15 -16 -17 18 -19 20 -21 21 -23
leaf_value=-0.18685913980650151 0.43434296105056863 -1.072424725166925 -9.5804160353528385 54.13276816500786 0.17678103348252724 -0.28306985912934535 0.044666269877365321 0.24397103421087579 0.074186622643616973 0.045397113424842997 -0.05934639628169943 0.21300748584767337 -0.099167526337812992 -0.011380263437539145 0.069776347357619492 -0.015086218164947597 -0.0010001910328417568 -0.073690291472736771 0.006693425414409134 -0.10725912571642653 0.3008989983428742 -0.012857874492835434
leaf_weight=861 3142 4484 1128 214 360 528 240 1632 12976 2784 6144 960 2400 5252 3075 6144 558660 5784 8256 2304 1536 864
leaf_count=861 3142 4484 1128 214 360 528 240 1632 12976 2784 6144 960 2400 5252 3075 6144 558660 5784 8256 2304 1536 864
internal_value=-7.83907e-05 -0.00307525 0.000150133 -0.00535714 -3.50859e-05 0.00104028 -0.0108117 0.00125633 0.00217512 0.00903463 -0.00167378 0.00108225 -0.00190574 0.0026398 0.00321429 0.000170982 -0.000115116 -0.00404165 -7.28978e-05 -0.000127788 0.00281619 0.00931099
internal_weight=629728 8968 4484 1342 620760 42996 768 42228 32148 4416 10080 27732 9504 18228 3936 7104 577764 6144 571620 560964 10656 2400
internal_count=629728 8968 4484 1342 620760 42996 768 42228 32148 4416 10080 27732 9504 18228 3936 7104 577764 6144 571620 560964 10656 2400
cat_boundaries=0 1 2 3 4
cat_threshold=12 14 114 12
is_linear=0
shrinkage=0.045


Tree=125
num_leaves=23
num_cat=1
split_feature=13 10 8 15 9 9 4 1 16 7 0 7 16 2 16 13 17 8 13 10 7 9
split_gain=39.0588 28.2521 26.7135 47.1761 26.4569 106.013 67.1319 51.0042 59.9947 50.4715 57.4313 40.4194 39.8861 39.7234 52.8547 46.1141 43.2274 79.888 39.5004 38.7043 48.3558 32.386
threshold=259.76000000000005 81.855202868017315 524.03500000000008 548.71000000000015 130.82979166666669 89.106666666666669 0 5.2500000000000009 29.025000000000002 18.635000000000002 0.65977928042411815 5.8050000000000006 16.835000000000004 175.50000000000003 16.745000000000001 3.6400000000000019 -1.0000000180025095e-35 524.03500000000008 12.135000000000003 345.98309967211878 23.835000000000004 233.82458333333338
decision_type=2 2 2 10 2 2 1 2 8 2 2 2 10 2 8 2 8 2 2 2 2 2
left_child=4 -2 -3 -4 5 -1 -7 19 11 13 -11 -9 -13 15 -15 -8 17 -16 -10 20 -6 -14
right_child=1 2 3 -5 7 6 9 8 18 10 -12 12 21 14 16 -17 -18 -19 -20 -21 -22 -23
leaf_value=4.8473844640669616e-05 5.0223434150642596 -1.4924178744806775 0.71263145403886485 -4.0533197721204601 -0.0086250745304015889 -0.14315329097743015 0.092390334861104567 -0.17403540918139557 -0.031469933434915449 -0.069308674621579344 -0.03240441453831161 0.091885727607738582 0.056167805688630383 -0.10900087475378481 -0.031885771027456329 0.0021734666527350173 -0.042359910702805766 0.05755063396032508 0.11201890675384468 -0.026293811737257967 0.50389960686825341 0.018122807931192784
leaf_weight=591204 308 1472 3364 3716 1491 1368 528 105 2191 1952 1880 598 1528 500 1344 1176 2560 1080 5556 2967 539 2301
leaf_count=591204 308 1472 3364 3716 1491 1368 528 105 2191 1952 1880 598 1528 500 1344 1176 2560 1080 5556 2967 539 2301
internal_value=-7.52465e-05 -0.00304164 -0.00352467 -0.00237645 -3.29054e-05 -8.26052e-05 -0.00420218 0.00170332 0.00326297 -0.00302257 -0.00719484 0.00737428 0.00803172 -0.000801113 -0.00266588 0.00519637 -0.00126354 0.00304204 0.000856562 -0.00212893 0.00265748 0.00633712
internal_weight=629728 8860 8552 7080 620868 603592 12388 17276 12279 11020 3832 4532 4427 7188 5484 1704 4984 2424 7747 4997 2030 3829
internal_count=629728 8860 8552 7080 620868 603592 12388 17276 12279 11020 3832 4532 4427 7188 5484 1704 4984 2424 7747 4997 2030 3829
cat_boundaries=0 1
cat_threshold=2
is_linear=0
shrinkage=0.045


Tree=126
num_leaves=23
num_cat=5
split_feature=13 4 7 2 2 2 2 2 2 2 4 4 4 4 7 2 2 7 2 7 9 2
split_gain=37.5596 28.6359 27.2058 104.082 111.661 201.455 157.007 155.713 149.654 122.477 108.739 98.1956 86.9145 86.1447 81.3384 88.0128 129.395 97.6702 95.2565 102.718 121.396 109.893
threshold=1040.3950000000002 0 15.145000000000001 359.50000000000006 269.50000000000006 263.50000000000006 308.50000000000006 301.50000000000006 260.50000000000006 317.50000000000006 1 2 3 4 28.565000000000001 47.500000000000007 91.500000000000014 18.245000000000001 207.50000000000003 17.360000000000003 26.434791666666673 165.50000000000003
decision_type=2 1 2 2 2 2 2 2 2 2 1 1 1 1 2 2 2 2 2 2 2 2
left_child=2 -2 -1 4 5 8 7 -6 10 -8 14 -7 -11 -9 15 -4 17 -17 19 21 -21 -18
right_child=1 -3 3 -5 6 11 9 13 -10 12 -12 -13 -14 -15 -16 16 18 -19 -20 20 -22 -23
leaf_value=0.0022618841559050589 1.6536801542242825 -19.206343108013431 -0.069131652891395612 0.32721106849568038 -0.029717306759891017 0.13384745646795204 0.1415094150625188 -0.046978062479059064 -0.099746183084011841 0.046230086971723566 0.0062501762933723651 0.047218212359103701 -0.02710085611875071 -0.14508315923906911 0.37625874673777021 -0.010363034512298761 -0.071527287429333217 0.14746579658445189 0.0014694938694632463 0.040420139998555427 -0.082829845650167155 0.042007497811666142
leaf_weight=374468 860 1436 8832 960 18720 2016 4128 2400 1536 5664 138552 4608 19392 4224 1824 4856 4416 3836 13368 672 9120 3840
leaf_count=374468 860 1436 8832 960 18720 2016 4128 2400 1536 5664 138552 4608 19392 4224 1824 4856 4416 3836 13368 672 9120 3840
internal_value=-7.33886e-05 -0.00581593 -5.23561e-05 -0.000412882 -0.000469275 2.84842e-05 -0.00227187 -0.0048629 -0.000239319 -2.15857e-05 -0.000125741 0.00774223 -0.001205 -0.0107916 -0.0019072 -0.00225542 -0.00135976 0.00349896 -0.00270418 -0.00483657 -0.00795334 -0.0011389
internal_weight=629728 2296 627432 252964 252004 197476 54528 25344 190852 29184 189316 6624 25056 6624 50764 48940 40108 8692 31416 18048 9792 8256
internal_count=629728 2296 627432 252964 252004 197476 54528 25344 190852 29184 189316 6624 25056 6624 50764 48940 40108 8692 31416 18048 9792 8256
cat_boundaries=0 1 2 3 4 5
cat_threshold=12 80 104 96 20
is_linear=0
shrinkage=0.045


Tree=127
num_leaves=23
num_cat=3
split_feature=10 9 2 7 2 10 4 2 2 4 2 1 7 17 4 15 12 12 2 2 7 8
split_gain=37.7104 75.2346 107.917 110.892 78.2043 69.4093 65.8263 60.3794 151.633 81.5209 75.5209 68.6478 57.8492 56.7973 54.5304 51.3664 60.0501 55.9641 89.8793 66.1038 50.6476 78.237
threshold=85.123579179629644 122.39708333333336 219.50000000000003 14.535000000000002 175.50000000000003 64.126446204581399 0 225.50000000000003 231.50000000000003 1 221.50000000000003 21.000000000000004 22.215000000000003 0.15999999999999984 2 16.565000000000001 12.500000000000002 1.5000000000000002 219.50000000000003 211.50000000000003 21.765000000000004 1980.6000000000001
decision_type=2 2 2 2 2 2 1 2 2 1 2 2 2 8 1 8 2 2 2 2 2 2
left_child=5 2 3 4 6 -1 -2 9 -9 13 15 20 -4 -3 -5 -11 17 19 -19 -17 21 -10
right_child=1 7 12 14 -6 -7 -8 8 11 10 -12 -13 -14 -15 -16 16 -18 18 -20 -21 -22 -23
leaf_value=-0.00046654080630881463 0.10754710726677302 0.026422629200969359 -0.0068610848213773003 -0.057717125393976117 -0.11900474677423528 0.037790591437846473 -0.037406627258361309 -0.11239855948428815 0.16121459012212513 0.092887403575644234 0.18796647577934075 0.2489386741268102 0.29893737948405208 -0.12345884453306979 -0.12471984983179918 -0.22423617737525059 -0.026407006063962138 0.13678741502775291 -0.18238870045960853 0.71603571790254927 -0.032648185440968626 -0.0092419307204421094
leaf_weight=568576 1824 1944 10560 5760 864 11712 2016 3840 1260 604 1440 1092 768 1992 2304 2220 1104 2324 292 848 4368 2016
leaf_count=568576 1824 1944 10560 5760 864 11712 2016 3840 1260 604 1440 1092 768 1992 2304 2220 1104 2324 292 848 4368 2016
internal_value=-7.30313e-05 -0.00126603 -0.00306623 -0.00590251 -0.000411177 2.8615e-05 0.00234253 0.000445632 -0.00176737 0.00262529 0.00502205 0.00150893 0.000131068 -0.00275836 -0.00910488 0.00318907 0.00206775 0.00393335 0.00876623 -0.000190554 0 0.00422819
internal_weight=629728 49440 24096 12768 4704 580288 3840 25344 12576 12768 8832 8736 11328 3936 8064 7392 6788 5684 2616 3068 7644 3276
internal_count=629728 49440 24096 12768 4704 580288 3840 25344 12576 12768 8832 8736 11328 3936 8064 7392 6788 5684 2616 3068 7644 3276
cat_boundaries=0 1 2 3
cat_threshold=65 66 25
is_linear=0
shrinkage=0.045


Tree=128
num_leaves=23
num_cat=5
split_feature=13 7 4 9 4 13 2 2 1 2 2 4 1 14 3 7 2 9 3 0 8 8
split_gain=36.2493 52.6622 39.8258 41.3107 38.7855 33.7526 33.6215 48.8771 45.3881 42.3257 110.928 60.3777 41.4009 36.6574 33.0917 32.9797 37.2011 31.9217 31.1686 38.8486 34.6541 36.1382
threshold=50.125000000000007 12.125000000000002 0 100.11354166666668 1 100.80500000000002 91.500000000000014 205.50000000000003 14.000000000000002 169.50000000000003 161.50000000000003 2 18.500000000000004 421.83000000000004 3 15.145000000000001 207.50000000000003 35.724166666666669 4 0.030495272949337963 29.345000000000002 21.715000000000003
decision_type=2 2 1 2 1 2 2 2 2 2 2 1 2 2 1 2 2 2 1 2 2 2
left_child=18 2 3 17 6 -4 12 8 -8 10 11 -10 13 14 -3 -9 -17 -2 19 20 21 -1
right_child=1 4 5 -5 -6 -7 7 15 9 -11 -12 -13 -14 -15 -16 16 -18 -19 -20 -21 -22 -23
leaf_value=0.077542524743309818 0.27599838764820239 0.17463821910911154 -0.15314105886869309 -0.56107585629505841 -0.32684356860774105 0.66400661609424316 0.63586503796221261 0.43528588393000428 0.26961371812935991 -0.51833290106429242 1.032309152116951 -0.83789071524741343 0.73620149718239736 1.2109406984690672 -0.54572259563702119 1.079407127263293 -0.18997648217515137 2.014523759697036 0.0028661049192476805 -0.0055360077405212007 0.041186774099669358 -0.045561989890188448
leaf_weight=376 2136 1358 5552 372 16276 1516 500 2356 1000 4088 960 1528 1714 552 1160 168 8616 1268 366132 209172 2344 584
leaf_count=376 2136 1358 5552 372 16276 1516 500 2356 1000 4088 960 1528 1714 552 1160 168 8616 1268 366132 209172 2344 584
internal_value=-7.05302e-05 -0.00121914 0.00156417 0.00528643 -0.00196857 -0.000432203 -0.000817091 -0.00165782 -0.00432285 -0.00519002 -0.00154728 -0.00649209 0.00255746 -0.000571289 -0.002875 0.000274637 -0.000993626 0.00685702 3.09535e-05 -0.000402587 0.00443739 -0.00275988
internal_weight=629728 51120 10844 3776 40276 7068 24000 19216 8076 7576 3488 2528 4784 3070 2518 11140 8784 3404 578608 212476 3304 960
internal_count=629728 51120 10844 3776 40276 7068 24000 19216 8076 7576 3488 2528 4784 3070 2518 11140 8784 3404 578608 212476 3304 960
cat_boundaries=0 1 2 3 4 5
cat_threshold=66 77 65 200 137
is_linear=0
shrinkage=0.045


Tree=129
num_leaves=23
num_cat=2
split_feature=16 5 15 2 15 2 2 2 7 1 9 12 1 0 2 2 4 2 2 9 13 2
split_gain=35.3502 42.2469 26.0428 33.5872 25.6124 53.5501 46.2719 52.1979 55.892 51.5577 45.608 43.0648 55.3719 42.5037 49.3333 78.4724 92.6276 78.4594 57.3676 76.5594 52.0492 49.9654
threshold=275.89500000000004 0 548.71000000000015 239.50000000000003 8.8950000000000014 6.5000000000000009 324.50000000000006 317.50000000000006 2.5450000000000004 11.000000000000002 18.217916666666671 10.500000000000002 14.250000000000002 0.36663097143173223 8.5000000000000018 20.500000000000004 1 27.500000000000004 6.5000000000000009 22.487916666666667 8.0350000000000037 43.500000000000007
decision_type=10 1 10 2 8 2 2 2 2 2 2 2 2 2 2 2 1 2 2 2 2 2
left_child=4 2 -2 -4 5 11 7 8 -7 -10 -11 12 -1 14 18 16 -16 -17 19 20 -6 -19
right_child=1 -3 3 -5 13 6 -8 -9 9 10 -12 -13 -14 -15 15 17 -18 21 -20 -21 -22 -23
leaf_value=0.10186337847319388 0.41426888801287182 -1.0016378198328566 -8.8983421212231022 52.758602274658301 -0.069939561486544483 0.011965023915705314 -0.095279039048405817 0.13800667169345029 -0.0026296181116112851 -0.02514229907614033 -0.11080350477721486 -0.95258151064987762 -0.20328868451787421 -0.0027563924564451012 -0.21941005501693484 0.10071464543605005 -0.021333771931653429 -0.021474556716110121 0.3545253485261311 0.07113964783770467 0.10572364469748834 0.0067773863955053696
leaf_weight=418 3142 4484 1128 214 1848 12616 2536 552 8072 3344 2916 516 410 402844 1588 2604 4000 14252 680 1304 1356 158904
leaf_count=418 3142 4484 1128 214 1848 12616 2536 552 8072 3344 2916 516 410 402844 1588 2604 4000 14252 680 1304 1356 158904
internal_value=-6.98156e-05 -0.00287458 0.000220196 -0.00502232 -2.92866e-05 -0.00128195 -0.000888375 -0.000351793 -0.000632839 -0.00255546 -0.00561961 -0.0100632 -0.00368675 3.74121e-05 0.000598993 0.000475186 -0.0047737 0.000642118 0.00492486 0.00308315 -0.000659701 0.000525474
internal_weight=629728 8968 4484 1342 620760 31380 30036 27500 26948 14332 6260 1344 828 589380 186536 181348 5588 175760 5188 4508 3204 173156
internal_count=629728 8968 4484 1342 620760 31380 30036 27500 26948 14332 6260 1344 828 589380 186536 181348 5588 175760 5188 4508 3204 173156
cat_boundaries=0 1 2
cat_threshold=12 72
is_linear=0
shrinkage=0.045


Tree=130
num_leaves=23
num_cat=4
split_feature=13 18 5 17 18 17 1 17 5 1 2 15 2 0 2 5 10 4 7 7 2 1
split_gain=34.1828 26.1512 81.0397 68.0511 65.3977 62.2793 54.4185 52.4968 42.5291 36.3594 63.0282 72.0859 67.1969 64.512 96.1883 64.4397 60.2322 54.004 60.1471 95.9903 49.6059 47.7487
threshold=1040.3950000000002 -1.9299999999999977 0 12.960000000000004 -24.94499999999999 1.0499999999999998 18.500000000000004 -6.0999999999999979 1 14.000000000000002 67.500000000000014 17.115000000000006 79.500000000000014 0.70565986633300792 312.50000000000006 2 11.316619020895464 3 15.985000000000001 26.265000000000004 2.5000000000000004 17.500000000000004
decision_type=2 8 1 10 10 10 2 8 1 2 2 10 2 2 2 1 2 1 2 2 2 2
left_child=1 2 5 4 -4 8 7 -6 -1 -3 11 -11 16 -14 15 -15 -12 18 20 -20 -13 -19
right_child=-2 9 3 -5 6 -7 -8 -9 -10 10 12 17 13 14 -16 -17 -18 21 19 -21 -22 -23
leaf_value=0.035695991530264023 -12.744707298801911 0.0040263049777617922 -0.41210109861121863 0.16172076601831931 -0.080833099235047959 -0.047801473667377643 -0.0023535783937120125 -0.019013249695855241 -0.00014508448282951779 -0.01476274273930572 0.00023808464867907663 0.32657433455783869 0.00052877760418987806 -0.21511819501762733 0.37286017018614342 -0.082370060917598534 -0.1432800989291538 -0.053724283985800834 0.17159998611328026 -0.1263619432601969 0.0067458688609206389 0.0476455597294159
leaf_weight=33874 2296 291884 6316 9136 7698 21048 34378 31268 33874 16828 2896 332 75496 7687 1876 23061 4672 3878 6260 1424 6908 6638
leaf_count=33874 2296 291884 6316 9136 7698 21048 34378 31268 33874 16828 2896 332 75496 7687 1876 23061 4672 3878 6260 1424 6908 6638
internal_value=-6.34558e-05 -4.3391e-05 -0.00050576 -0.00146693 -0.00188898 0.000455533 -0.00151051 -0.0026618 0.00111985 0.000139149 -0.000410805 0.0010763 -0.000954145 -0.000667163 -0.00233924 -0.00294293 -0.00505284 0.00258765 0.00432646 0.00710187 0.00138567 0.000115407
internal_weight=629728 627432 177592 88796 79660 88796 73344 38966 67748 449840 157956 42268 115688 108120 32624 30748 7568 25440 14924 7684 7240 10516
internal_count=629728 627432 177592 88796 79660 88796 73344 38966 67748 449840 157956 42268 115688 108120 32624 30748 7568 25440 14924 7684 7240 10516
cat_boundaries=0 1 2 3 4
cat_threshold=3 1 1 39
is_linear=0
shrinkage=0.045


Tree=131
num_leaves=23
num_cat=2
split_feature=10 9 2 2 4 10 7 2 16 1 2 2 4 2 1 7 17 15 12 12 2 2
split_gain=32.5413 69.747 102.386 104.527 99.7288 65.5863 57.903 62.461 60.3043 58.3162 55.7719 135.893 74.5462 71.6009 61.5447 53.2717 51.6822 49.247 54.0372 48.8753 83.8244 56.2327
threshold=85.123579179629644 122.39708333333336 219.50000000000003 121.50000000000001 0 64.126446204581399 23.015000000000004 175.50000000000003 18.045000000000005 9.7500000000000018 225.50000000000003 231.50000000000003 1 221.50000000000003 21.000000000000004 22.035000000000004 0.15999999999999984 16.565000000000001 12.500000000000002 1.5000000000000002 219.50000000000003 211.50000000000003
decision_type=2 2 2 2 1 2 2 2 8 2 2 2 1 2 2 2 8 8 2 2 2 2
left_child=5 2 3 -2 -5 -1 7 9 -9 -6 12 -12 16 17 -13 -4 -3 -14 19 21 -21 -19
right_child=1 10 15 4 6 -7 -8 8 -10 -11 11 14 13 -15 -16 -17 -18 18 -20 20 -22 -23
leaf_value=-0.00041796325231006459 0.15807079355301129 0.027171951990640712 -0.0073315278218734417 -0.13623524554888261 0.064246600546266561 0.036371926211078709 -0.21020115291323033 -0.099058424247383647 -0.040833556957890517 -0.061514662630082255 -0.1058173023198628 0.00034332883257349702 0.088493034717832 0.17997747322740079 0.2369812924347052 0.22800521802004448 -0.11325200257164664 -0.20252761513066209 -0.025482609798180407 0.13193429715421956 -0.1779968656972617 0.68559326863340964
leaf_weight=568576 1248 1944 10272 2208 1131 11712 768 844 4916 1653 3840 7644 604 1440 1092 1056 1992 2220 1104 2324 292 848
leaf_count=568576 1248 1944 10272 2208 1131 11712 768 844 4916 1653 3840 7644 604 1440 1092 1056 1992 2220 1104 2324 292 848
internal_value=-6.2241e-05 -0.00117046 -0.00290377 -0.00566641 -0.0070066 3.21822e-05 -0.00494691 -0.00388603 -0.00656022 0.00164752 0.00047759 -0.00164931 0.00257244 0.00486431 0.00145228 0.000210503 -0.00257599 0.00307952 0.00198159 0.00375132 0.00826776 -0.000102606
internal_weight=629728 49440 24096 12768 11520 580288 9312 8544 5760 2784 25344 12576 12768 8832 8736 11328 3936 7392 6788 5684 2616 3068
internal_count=629728 49440 24096 12768 11520 580288 9312 8544 5760 2784 25344 12576 12768 8832 8736 11328 3936 7392 6788 5684 2616 3068
cat_boundaries=0 1 2
cat_threshold=34 66
is_linear=0
shrinkage=0.045


Tree=132
num_leaves=23
num_cat=2
split_feature=16 5 15 2 2 2 10 7 10 7 4 2 1 9 15 14 12 2 2 14 10 8
split_gain=31.9867 40.759 32.4656 31.7267 26.5758 42.6295 24.6536 127.008 64.2419 56.7013 55.8054 107.427 158.908 99.3787 83.9907 77.7952 67.189 63.9439 47.8075 57.5551 47.658 62.8056
threshold=275.89500000000004 0 548.71000000000015 241.50000000000003 209.50000000000003 195.50000000000003 5.7258828959067705 21.275000000000002 4.9786368469297004 18.705000000000002 1 347.50000000000006 10.000000000000002 15.996041666666668 20.035000000000004 11.735000000000001 13.500000000000002 18.500000000000004 358.50000000000006 13.115000000000002 9.8273971060640513 55.815000000000005
decision_type=10 1 10 2 2 2 2 2 2 2 1 2 2 2 10 2 2 2 2 2 2 2
left_child=6 -2 4 -4 5 -3 7 8 9 10 15 13 14 16 -13 -1 -12 -15 -11 -20 -8 -22
right_child=1 2 3 -5 -6 -7 20 -9 -10 18 11 12 -14 17 -16 -17 -18 -19 19 -21 21 -23
leaf_value=0.060464052282852607 -1.1910482189002096 0.0056685223155492539 -8.8029281478883483 48.417215266916898 0.56803690392411932 -1.257353828336921 0.0074624361679102511 -0.099737513823930202 -0.025177653175160609 0.24676286748220114 -0.0053415584015043139 -0.14360646151041423 0.25413922810175621 0.081235704341098586 0.15847047502005815 -0.012851549354688836 0.16715823160446561 -0.061091392985793164 -0.070612752552919669 0.045945178830858358 -0.019145131869081213 0.00031314020679153897
leaf_weight=5936 2242 1338 1764 249 3054 321 176652 2592 19200 1152 4300 516 1176 288 324 4528 692 6816 328 248 60400 335612
leaf_count=5936 2242 1338 1764 249 3054 321 176652 2592 19200 1152 4300 516 1176 288 324 4528 692 6816 328 248 60400 335612
internal_value=-6.10976e-05 -0.0027291 -0.000968388 -0.00575062 0.0010737 -0.00350843 -2.25449e-05 -0.00100108 -0.000448952 0.00099559 0.000441248 -0.00140506 0.00820614 -0.00300918 -0.00673397 0.00292955 0.00185623 -0.00642767 0.00886994 -0.0017128 5.96421e-05 -0.000214538
internal_weight=629728 8968 6726 2013 4713 1659 620760 48096 45504 26304 24576 14112 2016 12096 840 10464 4992 7104 1728 576 572664 396012
internal_count=629728 8968 6726 2013 4713 1659 620760 48096 45504 26304 24576 14112 2016 12096 840 10464 4992 7104 1728 576 572664 396012
cat_boundaries=0 1 2
cat_threshold=1 74
is_linear=0
shrinkage=0.045


Tree=133
num_leaves=23
num_cat=5
split_feature=16 5 7 2 1 8 10 2 4 4 8 3 18 9 12 2 2 7 7 13 4 13
split_gain=31.6183 39.2913 23.8562 54.0115 70.0806 52.2296 108.064 79.6275 71.3506 59.8734 52.3768 51.593 42.1981 42.1814 61.3749 39.7829 82.5126 59.8794 76.8952 78.3858 72.0973 52.6344
threshold=275.89500000000004 0 3.0250000000000004 364.50000000000006 16.500000000000004 28.645000000000003 8.6611920195150702 38.500000000000007 1 2 83.890000000000015 3 10.995000000000003 12.641250000000001 -9.4999999999999982 358.50000000000006 356.50000000000006 14.005000000000001 11.725000000000003 1.6600000000000013 4 1.6000000000000001
decision_type=10 1 2 2 2 2 2 2 1 1 2 1 10 2 2 2 2 2 2 2 1 2
left_child=2 -2 3 5 -5 8 7 -7 -1 11 12 -8 -11 14 -4 16 -15 18 19 -17 -19 -22
right_child=1 -3 13 4 -6 6 9 -9 -10 10 -12 -13 -14 15 -16 17 -18 20 -20 -21 21 -23
leaf_value=0.032084835260975643 0.064290022582004974 -0.91333357222456113 0.17010725416115341 -0.26616517801365747 0.043275266172375079 0.23197715548043699 0.00072153241385815553 0.042729238707113378 -0.061517442287235387 0.053983584526203145 -0.034391425454830746 -0.066966763432133813 -0.091175738720727123 -0.0008197596751958841 -0.070850170989307362 -0.074839597525068594 -0.10225042162505399 0.27511994935676665 -0.031071258491954676 0.072800573778289274 0.047643509891700866 -0.064433012761382177
leaf_weight=4608 4484 4484 360 528 240 1632 5184 2784 5472 15512 3920 2208 908 558660 5784 824 2304 1536 2688 4744 292 572
leaf_count=4608 4484 4484 360 528 240 1632 5184 2784 5472 15512 3920 2208 908 558660 5784 824 2304 1536 2688 4744 292 572
internal_value=-6.14549e-05 -0.00271405 -2.31248e-05 0.000999465 -0.0108117 0.00121478 0.00210093 0.00863739 -0.00161129 0.00105953 0.00231943 -0.00240681 0.00343624 -9.9227e-05 -0.00380735 -5.93574e-05 -0.000111103 0.0026642 0.000844636 0.00386176 0.00891757 -0.0015411
internal_weight=629728 8968 620760 42996 768 42228 32148 4416 10080 27732 20340 7392 16420 577764 6144 571620 560964 10656 8256 5568 2400 864
internal_count=629728 8968 620760 42996 768 42228 32148 4416 10080 27732 20340 7392 16420 577764 6144 571620 560964 10656 8256 5568 2400 864
cat_boundaries=0 1 2 3 4 5
cat_threshold=12 15 5 192 12
is_linear=0
shrinkage=0.045


Tree=134
num_leaves=23
num_cat=4
split_feature=13 18 5 1 17 17 17 18 5 3 15 7 13 0 2 17 2 2 4 10 9 2
split_gain=31.5938 24.7424 75.9116 61.5392 59.0179 58.7834 54.5491 66.5134 42.6163 34.69 31.9929 33.9826 33.1612 40.974 36.6987 60.1129 41.4851 35.7231 73.3018 54.5282 44.7527 73.8803
threshold=1040.3950000000002 -1.9299999999999977 0 17.500000000000004 -8.5899999999999963 -2.1000000000000001 12.960000000000004 -24.94499999999999 1 2 36.275000000000013 18.845000000000002 7.6400000000000023 0.28982542455196386 159.50000000000003 -0.37999999999999717 181.50000000000003 20.500000000000004 3 3.7489656525387995 27.83229166666667 6.5000000000000009
decision_type=2 8 1 2 8 10 10 10 1 1 10 2 2 2 2 10 2 2 1 2 2 2
left_child=1 2 5 4 -4 8 7 -5 -1 10 12 -12 17 -14 15 -15 -16 18 -3 -19 21 -20
right_child=-2 9 3 6 -6 -7 -8 -9 -10 -11 11 -13 13 14 16 -17 -18 19 20 -21 -22 -23
leaf_value=0.042505347466808188 -12.025556907489133 -0.17415699448602243 -0.10286224728105087 -0.3878009548618831 -0.021906685996853262 -0.01920642930616626 0.29891384941472854 -0.0034157860268844509 0.0016781013225504971 -0.0028131206486995603 -0.078627832196689729 0.046820640915094629 0.077602291844821245 0.0418467011605098 0.077598554213076376 -0.014087870091296015 0.018584086279744449 0.056361716068052861 0.025393723004210337 0.0025512505144679055 0.052141776885110021 -0.11346415777700337
leaf_weight=26904 2296 1200 5544 5122 34962 34988 7104 36064 26904 222324 13316 6444 4992 9224 3028 27572 29932 2136 2240 122912 1716 2804
leaf_count=26904 2296 1200 5544 5122 34962 34988 7104 36064 26904 222324 13316 6444 4992 9224 3028 27572 29932 2136 2240 122912 1716 2804
internal_value=-5.9597e-05 -4.0307e-05 -0.00049005 -0.00142031 -0.00271391 0.000440332 -0.000335459 -0.00096363 0.001374 0.000137248 0.000527869 -0.00120231 0.000692464 0.00145084 0.0011689 0.000191994 0.00225942 0.000266258 -0.00265637 0.000452339 -0.000823981 -0.00296076
internal_weight=629728 627432 177592 88796 40506 88796 48290 41186 53808 449840 227516 19760 207756 74748 69756 36796 32960 133008 7960 125048 6760 5044
internal_count=629728 627432 177592 88796 40506 88796 48290 41186 53808 449840 227516 19760 207756 74748 69756 36796 32960 133008 7960 125048 6760 5044
cat_boundaries=0 1 2 3 4
cat_threshold=3 1 116 64
is_linear=0
shrinkage=0.045


Tree=135
num_leaves=23
num_cat=5
split_feature=17 4 14 2 7 2 2 2 2 2 2 2 4 4 4 2 4 16 15 2 2 7
split_gain=29.1414 30.3819 25.6723 28.9303 24.1379 95.2616 105.68 192.349 142.277 151.148 141.561 111.418 101.641 95.5995 81.6927 78.6035 78.5727 77.8901 77.5518 74.722 198.662 77.3908
threshold=383.40000000000015 0 913.22500000000014 241.50000000000003 15.145000000000001 359.50000000000006 269.50000000000006 263.50000000000006 308.50000000000006 301.50000000000006 260.50000000000006 317.50000000000006 1 2 3 275.50000000000006 4 21.715000000000003 19.565000000000001 339.50000000000006 332.50000000000006 17.360000000000003
decision_type=10 1 2 2 2 2 2 2 2 2 2 2 1 1 1 2 1 8 8 2 2 2
left_child=4 2 3 -2 -1 6 7 10 9 15 12 -10 -6 -9 -11 18 -13 -15 -8 20 -18 -22
right_child=1 -3 -4 -5 5 -7 8 13 11 14 -12 16 -14 17 -16 -17 19 -19 -20 -21 21 -23
leaf_value=0.0022484050015197359 -8.2425226037448205 -8.6904731101905437 29.924725836942404 69.193496510851205 0.011362575940122827 0.29908021864108791 0.031224598414645165 0.1271725410925133 0.13370949889006895 -0.043979948095935174 -0.096023378634587403 0.043577428855845271 -0.011381017117218995 -0.054127838280627311 -0.138640522786701 -0.013600576483527083 -0.054552172376111832 0.088225928470948317 -0.13517866297681416 -0.057983189156404741 -0.030433923612881688 0.11503332409063058
leaf_weight=374332 572 1104 400 196 83884 960 628 2016 4128 2400 1536 5664 105652 836 4224 15588 6432 3772 2444 7488 1632 3840
leaf_count=374332 572 1104 400 196 83884 960 628 2016 4128 2400 1536 5664 105652 836 4224 15588 6432 3772 2444 7488 1632 3840
internal_value=-6.01686e-05 -0.00514512 -3.81356e-05 -0.00485065 -4.17398e-05 -0.000381154 -0.000435071 4.8483e-05 -0.0021901 -0.00466088 -0.000212902 -4.93387e-05 -0.000102565 0.00758602 -0.0104995 -0.00258734 -0.00117807 0.00397403 -0.00916396 -0.00253942 -0.000325046 0.00597643
internal_weight=629728 2272 1168 768 627456 253124 252164 197696 54468 25284 191072 29184 189536 6624 6624 18660 25056 4608 3072 19392 11904 5472
internal_count=629728 2272 1168 768 627456 253124 252164 197696 54468 25284 191072 29184 189536 6624 6624 18660 25056 4608 3072 19392 11904 5472
cat_boundaries=0 1 2 3 4 5
cat_threshold=45 7 104 20 96
is_linear=0
shrinkage=0.045


Tree=136
num_leaves=23
num_cat=5
split_feature=13 17 5 17 5 18 5 18 5 18 17 4 8 2 12 15 2 2 2 2 10 9
split_gain=30.9158 25.0163 135.903 108.828 82.4468 77.6462 71.2285 55.7695 86.3947 54.4538 53.1852 33.4589 57.9708 46.4221 39.2344 38.2998 37.4193 52.3484 33.401 38.5806 36.0511 54.6845
threshold=1040.3950000000002 1.0900000000000007 0 11.610000000000005 1 -0.16999999999999993 2 6.8400000000000016 3 -24.94499999999999 -1.5050000000000006 4 88.27500000000002 6.5000000000000009 1.5000000000000002 12.235000000000001 233.50000000000003 263.50000000000006 58.500000000000007 45.500000000000007 7.3994115096997346 28.259375000000006
decision_type=2 8 1 10 1 10 1 10 1 8 10 1 2 2 2 10 2 2 2 2 2 2
left_child=1 4 3 -3 10 6 -6 -4 -9 -8 -1 12 13 -7 -15 -16 18 -18 19 20 -17 -22
right_child=-2 2 7 -5 5 11 9 8 -10 -11 -12 -13 -14 14 15 16 17 -19 -20 -21 21 -23
leaf_value=0.031321234113722729 -11.58007029686334 -0.013990927779641142 -0.0032543859616328461 -0.24629038215821961 -0.0013051330232826577 0.068224112194248829 -0.47655978932428295 0.10611386021942874 0.0032644023921258951 -0.016639749426289194 0.0016808581699556424 0.0025591195452715596 -0.0091830244253888159 -0.01973871936982919 -0.0036360124575122409 0.070705006267825166 -0.031592059578224405 0.03841523180504177 0.073156495886420703 -0.19053680172570481 -0.064340965645476436 0.12898835357992003
leaf_weight=49995 2296 49523 135480 12520 118692 681 2752 16883 33766 56594 44820 77163 8193 3516 3489 549 1320 3594 6030 357 804 711
leaf_count=49995 2296 49523 135480 12520 118692 681 2752 16883 33766 56594 44820 77163 8193 3516 3489 549 1320 3594 6030 357 804 711
internal_value=-5.76676e-05 -3.85857e-05 -0.000389847 -0.00221356 0.000191266 -0.000191813 -0.000766597 0.000218181 0.00149212 -0.00203932 0.00134036 0.000769883 0.00206573 0.00331627 0.00292902 0.00383098 0.00492687 0.0018033 0.00674228 0.00227507 0.0046394 0.00105307
internal_weight=629728 627432 248172 62043 379260 284445 178038 186129 50649 59346 94815 106407 29244 21051 20370 16854 13365 4914 8451 2421 2064 1515
internal_count=629728 627432 248172 62043 379260 284445 178038 186129 50649 59346 94815 106407 29244 21051 20370 16854 13365 4914 8451 2421 2064 1515
cat_boundaries=0 1 2 3 4 5
cat_threshold=1 1 6 8 10
is_linear=0
shrinkage=0.045


Tree=137
num_leaves=23
num_cat=3
split_feature=13 17 5 17 5 18 18 18 5 1 17 1 1 17 0 17 12 17 2 2 1 7
split_gain=29.3253 23.3994 125.414 101.931 75.3232 96.2561 64.0677 51.7362 90.4745 43.5374 38.8916 43.6358 42.1399 63.9424 38.5735 38.2708 37.7501 35.5612 33.6749 33.744 32.3269 32.1205
threshold=1040.3950000000002 1.0900000000000007 0 11.610000000000005 1 -0.22000000000000039 -13.984999999999999 3.6299999999999977 2 20.500000000000004 -1.5050000000000006 8.2500000000000018 19.000000000000004 -17.294999999999995 0.73539894819259655 0.2599999999999999 1.5000000000000002 41.384999999999998 119.50000000000001 207.50000000000003 16.750000000000004 5.9350000000000014
decision_type=2 8 1 10 1 10 8 10 1 2 10 2 2 10 2 10 2 10 2 2 2 2
left_child=1 4 3 -3 10 6 -6 17 16 15 11 -1 14 -14 -13 -8 20 21 -19 -20 -9 -4
right_child=-2 2 7 -5 5 -7 9 8 -10 -11 -12 12 13 -15 -16 -17 -18 18 19 -21 -22 -23
leaf_value=0.030710735333769331 -11.05896713350449 -0.01336133602955729 0.021230589948667351 -0.2352073149610997 -0.16674677651648853 0.0079850898520153982 -0.017538809606109061 -0.0086450754758591718 0.00011154454959960785 0.0026078305437275376 0.0011411580566320009 0.0038596511263844563 0.16953110703552782 0.011233624697497186 -0.17746896811960108 0.016509132423149015 0.036869806616916981 1.1342953345338631 -0.62666533071978836 0.57016365791827672 0.3286308396717661 -0.010770769959816328
leaf_weight=22603 2296 49523 14568 12520 10500 72652 61270 1253 51306 40184 89640 25162 11078 35752 5395 5024 19189 1188 1047 2886 5211 89481
leaf_count=22603 2296 49523 14568 12520 10500 72652 61270 1253 51306 40184 89640 25162 11078 35752 5395 5024 19189 1188 1047 2886 5211 89481
internal_value=-5.63813e-05 -3.77968e-05 -0.000377517 -0.00212944 0.000184503 -0.000449663 -0.00124867 0.000206577 0.00110014 -0.000917919 0.000818648 0.00142886 0.00092077 0.00176898 -0.000379185 -0.00162634 0.00328141 -0.000423323 0.00323687 0.00122935 0.00625657 -0.000603526
internal_weight=629728 627432 248172 62043 379260 189630 116978 186129 76959 106478 189630 99990 77387 46830 30557 66294 25653 109170 5121 3933 6464 104049
internal_count=629728 627432 248172 62043 379260 189630 116978 186129 76959 106478 189630 99990 77387 46830 30557 66294 25653 109170 5121 3933 6464 104049
cat_boundaries=0 1 2 3
cat_threshold=1 3 8
is_linear=0
shrinkage=0.045


Tree=138
num_leaves=23
num_cat=5
split_feature=17 5 17 5 18 18 17 5 18 5 17 1 1 1 1 18 4 14 2 2 9 2
split_gain=26.4528 149.084 74.2043 44.0879 129.33 77.2352 68.1027 41.9455 72.6726 31.9084 30.1261 27.3387 26.3701 25.7939 29.6171 25.7214 24.702 38.3953 42.7723 32.8198 27.0756 26.0801
threshold=2.8899999999999983 0 19.845000000000002 1 1.7899999999999998 -13.984999999999999 -0.58999999999999886 2 13.710000000000001 3 -27.764999999999993 18.500000000000004 19.000000000000004 9.0000000000000018 6.0000000000000009 19.975000000000005 4 68.235000000000028 339.50000000000006 358.50000000000006 28.548541666666669 58.500000000000007
decision_type=10 1 10 1 10 8 10 1 10 1 8 2 2 2 2 10 1 2 2 2 2 2
left_child=3 2 15 6 5 11 9 8 -3 10 12 -5 -1 14 -12 -2 17 18 20 -20 21 -8
right_child=1 7 -4 4 -6 -7 16 -9 -10 -11 13 -13 -14 -15 -16 -17 -18 -19 19 -21 -22 -23
leaf_value=-0.016998387251693836 -0.021155330309184584 0.0060460226132346322 -0.45218041262956565 -0.28185242355187656 0.019605678241221874 -0.0057703463284710784 -0.016596386769194664 -0.0068035893975392078 0.22860386265689958 0.0055822242933145491 0.014973358288031143 -0.11376319532368982 0.450109820063401 0.010460233140759898 0.053285957246538354 -0.093398139454273305 -0.0079333126787112952 -0.015161442601570293 -0.062892561671235192 0.02428912636251401 0.065476522565217812 0.031601801587205103
leaf_weight=1159 25831 28038 7890 3060 47790 181382 4374 74484 9204 71449 18677 8148 3648 39233 8732 3521 70174 7022 1184 708 3906 10114
leaf_count=1159 25831 28038 7890 3060 47790 181382 4374 74484 9204 71449 18677 8148 3648 39233 8732 3521 70174 7022 1184 708 3906 10114
internal_value=-5.84536e-05 -0.000582399 -0.00304759 0.000103898 -0.000327028 -0.000846998 0.000534814 0.000239623 0.00147246 0.00116043 0.00183278 -0.0044719 0.00527293 0.00158476 0.00264392 -0.00200671 -0.000382217 0.000765922 0.00175892 -0.00468057 0.00242172 0.00152484
internal_weight=629728 148968 37242 480760 240380 192590 240380 111726 37242 142898 71449 11208 4807 66642 27409 29352 97482 27308 20286 1892 18394 14488
internal_count=629728 148968 37242 480760 240380 192590 240380 111726 37242 142898 71449 11208 4807 66642 27409 29352 97482 27308 20286 1892 18394 14488
cat_boundaries=0 1 2 3 4 5
cat_threshold=1 3 8 1 10
is_linear=0
shrinkage=0.045


Tree=139
num_leaves=23
num_cat=2
split_feature=10 9 2 2 4 10 2 2 2 1 7 2 8 1 7 4 15 7 8 2 1 16
split_gain=26.4275 65.7337 93.489 98.5137 90.6113 61.5455 52.2377 118.695 71.0994 54.4711 51.7587 56.273 68.5731 54.1986 48.685 48.3089 64.3075 46.4623 71.3172 44.3932 44.3573 41.878
threshold=85.123579179629644 122.39708333333336 219.50000000000003 121.50000000000001 0 64.126446204581399 225.50000000000003 231.50000000000003 221.50000000000003 21.000000000000004 23.015000000000004 197.50000000000003 465.3300000000001 5.5000000000000009 22.215000000000003 1 16.565000000000001 21.765000000000004 1980.6000000000001 302.50000000000006 7.7500000000000009 21.175000000000004
decision_type=2 2 2 2 1 2 2 2 2 2 2 2 2 2 2 1 8 2 2 2 2 8
left_child=5 2 3 -2 -5 -1 8 -8 15 17 11 12 21 -13 -4 -3 -17 18 -9 -7 -10 -6
right_child=1 6 14 4 10 19 7 9 20 -11 -12 13 -14 -15 -16 16 -18 -19 -20 -21 -22 -23
leaf_value=-0.0004284020664122001 0.16023134241197878 -0.063606926856399404 -0.0056382474115557078 -0.12931929651238835 0.071520683827810336 0.037289069243970269 -0.099232347297860471 0.15406665585613666 0.12825410944699672 0.23140876022230039 -0.20116132591147623 -0.053981379754977153 -0.060985402398103052 -0.06035543575430715 0.27903531328234304 0.090770192550881687 0.015109103345989172 -0.029764800666183498 -0.0085868894530622183 -0.52484694800527565 0.10087610148860161 0.014735717011910144
leaf_weight=568576 1248 1632 10560 2208 672 11520 3840 1260 682 1092 768 1012 2304 3404 768 684 8340 4368 2016 192 1430 1152
leaf_count=568576 1248 1632 10560 2208 672 11520 3840 1260 682 1092 768 1012 2304 3404 768 684 8340 4368 2016 192 1430 1152
internal_value=-5.61669e-05 -0.00105487 -0.00273757 -0.00537745 -0.00667853 2.89252e-05 0.000545056 -0.00151336 0.00257244 0.00138533 -0.00471525 -0.00371226 6.53753e-05 -0.00724196 0.000238305 0.00107666 0.00236554 4.1198e-05 0.00409091 0.00325764 0.0101112 0.00657996
internal_weight=629728 49440 24096 12768 11520 580288 25344 12576 12768 8736 9312 8544 4128 4416 11328 10656 9024 7644 3276 11712 2112 1824
internal_count=629728 49440 24096 12768 11520 580288 25344 12576 12768 8736 9312 8544 4128 4416 11328 10656 9024 7644 3276 11712 2112 1824
cat_boundaries=0 1 2
cat_threshold=34 64
is_linear=0
shrinkage=0.045


Tree=140
num_leaves=23
num_cat=5
split_feature=15 7 4 4 2 16 2 2 4 2 2 2 4 1 8 1 1 2 4 1 12 16
split_gain=25.603 41.6263 34.7113 28.9399 24.0662 48.9133 48.5388 66.5875 95.0211 109.723 93.9377 113.236 161.453 61.0539 59.104 53.7746 52.7642 50.9619 50.6914 70.7827 67.2183 48.6198
threshold=1049.3950000000002 16.915000000000003 0 1 364.50000000000006 12.115 358.50000000000006 351.50000000000006 2 355.50000000000006 348.50000000000006 343.50000000000006 3 10.250000000000002 43.685000000000009 15.750000000000002 3.5000000000000004 347.50000000000006 4 16.500000000000004 6.5000000000000009 17.955000000000002
decision_type=10 2 1 1 2 8 2 2 1 2 2 2 1 2 2 2 2 2 1 2 2 10
left_child=4 2 -2 -3 6 -6 7 10 9 -9 11 -1 16 21 -12 -15 -13 18 20 -20 -14 -11
right_child=1 3 -4 -5 5 -7 -8 8 -10 13 14 12 17 15 -16 -17 -18 -19 19 -21 -22 -23
leaf_value=0.00017224121785386904 -5.3493866392365144 -1.6479698202678619 73.467822947321622 -22.602634128921899 -0.17207174598921648 -0.0073772883274598744 0.033530241786859628 0.1788261378179804 -0.054228352973390397 -0.15436115940388234 0.0049631794614100255 -0.075486824174581094 -0.049675825194336262 0.065391871345045482 0.10840370280383418 -0.031639460411048738 0.25460821938978756 -0.091702786015769561 -0.17346995414766286 -0.0044832259786298312 0.18038426806611035 -0.01416875831499693
leaf_weight=592832 400 908 392 636 504 1800 9216 768 7680 439 2112 112 1908 528 2496 792 656 768 2640 1200 396 545
leaf_count=592832 400 908 392 636 504 1800 9216 768 7680 439 2112 112 1908 528 2496 792 656 768 2640 1200 396 545
internal_value=-5.37373e-05 -0.00475406 0.0036272 -0.00905239 -3.62213e-05 -0.00462489 -1.92932e-05 -6.78061e-05 -0.00357774 0.00310798 -5.42866e-06 -5.45533e-05 -0.00548295 -0.00179532 0.00639371 0.00452723 0.0139615 -0.00765598 -0.00629678 -0.00945093 -0.000990933 -0.0102688
internal_weight=629728 2336 792 1544 627392 2304 625088 615872 10752 3072 605120 600512 7680 2304 4608 1320 768 6912 6144 3840 2304 984
internal_count=629728 2336 792 1544 627392 2304 625088 615872 10752 3072 605120 600512 7680 2304 4608 1320 768 6912 6144 3840 2304 984
cat_boundaries=0 1 2 3 4 5
cat_threshold=81 28 48 16 9
is_linear=0
shrinkage=0.045


Tree=141
num_leaves=23
num_cat=5
split_feature=15 7 4 2 4 10 7 10 8 2 7 4 2 4 2 0 13 1 7 4 8 10
split_gain=27.2854 27.21 26.3655 24.0026 105.89 111.847 123.196 108.097 116.385 104.251 170.001 118.136 97.6994 331.247 221.671 104.815 83.6265 83.2984 83.149 75.7158 83.6555 71.328
threshold=1049.3950000000002 16.915000000000003 0 31.500000000000004 1 5.1539799495395107 21.765000000000004 3.7489656525387995 103.90500000000002 24.500000000000004 14.270000000000001 2 49.500000000000007 3 50.500000000000007 1.1207150816917422 8.5650000000000031 5.0000000000000009 7.8450000000000006 4 31.250000000000004 17.53184124999115
decision_type=10 2 1 2 1 2 2 2 2 2 2 1 2 1 2 2 2 2 2 1 2 2
left_child=3 -2 -3 4 7 -6 16 -1 9 -9 11 -11 13 15 -14 -5 -7 21 19 20 -15 -18
right_child=1 2 -4 12 5 6 -8 8 -10 10 -12 -13 14 18 -16 -17 17 -19 -20 -21 -22 -23
leaf_value=-0.12365062092039031 1.4652476746226883 -1.5668213419636676 -27.508204113695356 0.065459659870235512 0.066604924648893504 -0.067220822504063124 0.097198282620238247 0.033804710791782662 -0.085671729063682117 -0.054819206936430526 0.25560244070265919 0.057071714024430342 0.20755193093513985 0.10173502486896423 -0.00034371525757371667 -0.85560018771943014 0.1576406858606485 -0.040439049075940245 -0.08668240812159618 -0.043627298853290593 -0.038142094856517615 -0.50891415201051216
leaf_weight=672 792 944 600 10312 2016 11332 4224 26688 4968 768 3648 3840 2304 2400 512312 440 1532 11052 19488 6624 2208 564
leaf_count=672 792 944 600 10312 2016 11332 4224 26688 4968 768 3648 3840 2304 2400 512312 440 1532 11052 19488 6624 2208 564
internal_value=-5.57382e-05 -0.00490804 -0.00838292 -3.76558e-05 0.000739629 -0.00125342 -0.00197363 0.002248 0.00255023 0.00346649 0.00788508 0.00213774 -0.000137325 -0.00223839 3.20043e-05 0.00455686 -0.00319827 -0.000756274 -0.00461685 -0.00153418 0.00289286 0.00746425
internal_weight=629728 2336 1544 627392 71304 30720 28704 40584 39912 34944 8256 4608 556088 41472 514616 10752 24480 13148 30720 11232 4608 2096
internal_count=629728 2336 1544 627392 71304 30720 28704 40584 39912 34944 8256 4608 556088 41472 514616 10752 24480 13148 30720 11232 4608 2096
cat_boundaries=0 1 2 3 4 5
cat_threshold=29 51 1 6 48
is_linear=0
shrinkage=0.045


Tree=142
num_leaves=23
num_cat=3
split_feature=17 15 2 0 14 2 2 4 2 2 9 13 4 2 4 2 2 2 2 2 2 8
split_gain=25.6783 24.0949 43.0543 40.9188 47.0446 46.3114 72.5803 84.5216 71.583 57.9744 75.4454 48.6949 47.069 77.6911 227.957 75.0541 117.567 95.9555 69.4662 64.9518 113.641 166.129
threshold=383.40000000000015 8.8950000000000014 6.5000000000000009 0.36663097143173223 3151.5450000000005 8.5000000000000018 20.500000000000004 0 27.500000000000004 6.5000000000000009 22.487916666666667 8.0350000000000037 1 43.500000000000007 2 297.50000000000006 286.50000000000006 307.50000000000006 50.500000000000007 95.500000000000014 173.50000000000003 53.490000000000002
decision_type=10 8 2 2 2 2 2 1 2 2 2 2 1 2 1 2 2 2 2 2 2 2
left_child=1 2 -1 4 5 9 7 -7 -8 10 11 -3 15 14 -14 16 -10 -17 -15 -20 21 -21
right_child=-2 3 -4 -5 -6 6 8 -9 12 -11 -12 -13 13 18 -16 17 -18 -19 19 20 -22 -23
leaf_value=-0.21296475030420192 -4.4403269697769705 -0.067412124523566638 -0.0093356340959492665 -0.0027882594190389597 -0.16600682914043383 -0.20111273469908883 0.094322466825109821 -0.019027977109811176 0.011312508571003131 0.3271300017271791 0.067203000814108807 0.098434870438636621 0.05399118888663175 0.056809550630789685 -0.10348835242728574 0.14798233412987777 -0.11661954591185944 0.036459495777211165 -0.024931462331307795 -0.013257562864044706 -0.0028547500456132988 0.049439179656704614
leaf_weight=1344 2272 1848 30036 409540 228 1588 2604 4000 38808 680 1304 1356 3296 4600 6504 1120 1660 8180 22520 10860 58360 17020
leaf_count=1344 2272 1848 30036 409540 228 1588 2604 4000 38808 680 1304 1356 3296 4600 6504 1120 1660 8180 22520 10860 58360 17020
internal_value=-5.5238e-05 -3.79388e-05 -0.00125327 2.60452e-05 0.000578488 0.000603591 0.000483486 -0.0045644 0.000644234 0.0047948 0.00294346 -0.00077199 0.000532672 6.06469e-05 -0.0037829 0.00170038 0.000862861 0.00534562 0.000392989 0.000163844 0.000725806 0.00308909
internal_weight=629728 627456 31380 596076 186536 186308 181120 5588 175532 5188 4508 3204 172928 123160 9800 49768 40468 9300 113360 108760 86240 27880
internal_count=629728 627456 31380 596076 186536 186308 181120 5588 175532 5188 4508 3204 172928 123160 9800 49768 40468 9300 113360 108760 86240 27880
cat_boundaries=0 1 2 3
cat_threshold=72 40 6
is_linear=0
shrinkage=0.045


Tree=143
num_leaves=23
num_cat=4
split_feature=0 4 2 16 2 2 4 2 2 4 2 8 1 2 0 7 7 4 13 13 16 10
split_gain=24.8671 25.1648 23.0875 48.9819 43.3344 62.269 87.2153 84.3471 108.652 151.979 82.5948 53.5261 49.605 49.4025 49.4503 48.1368 67.2267 66.0996 48.1771 46.2448 43.5358 43.2067
threshold=3.7263551950454716 0 364.50000000000006 12.115 358.50000000000006 351.50000000000006 1 348.50000000000006 343.50000000000006 2 355.50000000000006 43.685000000000009 3.5000000000000004 347.50000000000006 0.34708888828754431 14.005000000000001 11.935 3 1.6600000000000013 1.6000000000000001 9.8650000000000002 11.733002965023172
decision_type=2 1 2 8 2 2 1 2 2 1 2 2 2 2 2 2 2 1 2 2 8 2
left_child=2 -2 4 -4 5 7 10 8 -1 12 -7 -9 -10 14 -11 16 18 -17 20 -19 -6 -8
right_child=1 -3 3 -5 15 6 21 11 9 13 -12 -13 -14 -15 -16 17 -18 19 -20 -21 -22 -23
leaf_value=0.0002293004804725114 2.5840477640916766 -13.502007821046247 -0.16403876658992578 -0.006904371492276626 0.3489590283179958 0.069144300801078737 -0.068243647640631552 0.0048822712851920589 -0.071945986148081537 -0.18482402864541905 -0.0304627253411313 0.10360792963671202 0.2432932844167926 -0.088034392161428762 -0.045931973201052356 0.25391946765863288 -0.033322512368575002 0.04366228067044188 0.079238079749693782 -0.064922940686393746 -0.07890778436496422 0.072550555593805952
leaf_weight=592780 900 1488 504 1800 120 1536 5568 2112 112 1740 3072 2496 656 768 4404 1536 1920 292 4112 572 664 576
leaf_count=592780 900 1488 504 1800 120 1536 5568 2112 112 1740 3072 2496 656 768 4404 1536 1920 292 4112 572 664 576
internal_value=-5.03787e-05 -0.0046318 -3.29246e-05 -0.00452732 -1.6343e-05 -6.21852e-05 -0.00345639 -1.85929e-06 -4.84127e-05 -0.00536579 0.00122727 0.00606182 0.0135 -0.007474 -0.0061357 0.00304621 0.00111543 0.00852415 0.00391384 -0.00148973 -0.00629771 -0.00695906
internal_weight=629728 2388 627340 2304 625036 615820 10752 605068 600460 7680 4608 4608 768 6912 6144 9216 6816 2400 4896 864 784 6144
internal_count=629728 2388 627340 2304 625036 615820 10752 605068 600460 7680 4608 4608 768 6912 6144 9216 6816 2400 4896 864 784 6144
cat_boundaries=0 1 2 3 4
cat_threshold=12 49 16 12
is_linear=0
shrinkage=0.045


Tree=144
num_leaves=23
num_cat=4
split_feature=17 5 17 5 18 18 17 5 18 5 17 1 18 1 1 1 1 16 2 15 2 7
split_gain=24.9532 140.129 70.0244 42.1373 120.546 68.1465 61.789 37.8582 65.4102 28.9901 28.1325 25.156 24.5547 23.409 23.2899 22.6674 22.5877 22.136 39.0397 30.0646 29.039 25.3689
threshold=2.8899999999999983 0 19.845000000000002 1 1.7899999999999998 -13.984999999999999 -0.58999999999999886 2 13.710000000000001 3 -16.134999999999991 15.000000000000002 19.975000000000005 9.0000000000000018 15.500000000000002 6.0000000000000009 21.500000000000004 8.9850000000000012 8.5000000000000018 18.745000000000001 16.500000000000004 17.915000000000003
decision_type=10 1 10 1 10 8 10 1 10 1 8 2 10 2 2 2 2 8 2 10 2 2
left_child=3 2 12 6 5 16 9 8 -3 10 -1 -8 -2 15 -6 -12 -5 19 21 20 -7 -19
right_child=1 7 -4 4 14 17 11 -9 -10 -11 13 -13 -14 -15 -16 -17 -18 18 -20 -21 -22 -23
leaf_value=0.15468747164550684 -0.020153112499805264 0.0060101201054675382 -0.43090232283620894 -0.20293818772791436 0.023534805242657306 -0.12603732506541399 0.00031739710130272128 -0.0062343201751719176 0.21832067963598675 0.0055435110837107849 0.014144207802578985 -0.02161254775521073 -0.088474755687400722 0.0081342538768368611 0.0038063994322777069 0.047198441302644514 0.0010509746077210114 0.048739240913758072 -0.0051475151161512319 -0.16986535850299433 -0.010923018471328202 -0.024247700425774715
leaf_weight=8452 25831 28038 7890 9170 32848 1392 75938 74484 9204 71449 18660 21544 3521 36134 14942 8203 2038 4232 162108 826 11536 1288
leaf_count=8452 25831 28038 7890 9170 32848 1392 75938 74484 9204 71449 18660 21544 3521 36134 14942 8203 2038 4232 162108 826 11536 1288
internal_value=-4.84493e-05 -0.000557327 -0.00294733 0.000109233 -0.000312053 -0.000814053 0.000530509 0.000239623 0.00141086 0.00112642 0.00176729 -0.000342979 -0.00193619 0.00144038 0.00171085 0.0024464 -0.004219 -0.000603609 -0.000461194 -0.00233898 -0.00180626 0.00325969
internal_weight=629728 148968 37242 480760 240380 192590 240380 111726 37242 142898 71449 97482 29352 62997 47790 26863 11208 181382 167628 13754 12928 5520
internal_count=629728 148968 37242 480760 240380 192590 240380 111726 37242 142898 71449 97482 29352 62997 47790 26863 11208 181382 167628 13754 12928 5520
cat_boundaries=0 1 2 3 4
cat_threshold=1 3 8 1
is_linear=0
shrinkage=0.045


Tree=145
num_leaves=23
num_cat=4
split_feature=7 8 2 4 4 15 9 1 12 7 14 2 16 8 4 2 10 7 7 2 1 4
split_gain=24.2263 66.731 70.3043 94.5556 53.1131 47.3888 46.8329 44.0271 42.3729 43.8901 42.9737 45.1255 42.1103 36.5053 123.747 61.8372 55.2638 116.694 57.5325 59.092 72.8126 72.5896
threshold=2.5450000000000004 28.645000000000003 16.500000000000004 0 1 8.4850000000000012 14.6525 11.000000000000002 -15.499999999999998 -0.93499999999999994 58.205000000000013 63.500000000000007 1.4750000000000003 26.490000000000006 2 45.500000000000007 5.5788980343238519 21.275000000000002 18.705000000000002 16.500000000000004 16.500000000000004 3
decision_type=2 2 2 1 1 8 2 2 2 2 2 2 8 2 1 2 2 2 2 2 2 1
left_child=1 4 -3 12 -1 7 -6 -2 9 -5 -10 -12 -4 14 -7 -16 17 18 19 20 21 -15
right_child=5 2 3 8 6 13 -8 -9 10 -11 11 -13 -14 16 15 -17 -18 -19 -20 -21 -22 -23
leaf_value=0.034026362159427795 -0.0057255382475353426 0.15515338486476971 0.035985482107730608 0.22193544846322077 -0.069339384073909147 0.083948762481055608 0.17013288239559193 -0.065139858184106392 0.065726360188838012 -0.20356788230492923 0.094670092897226166 -0.019010367535151864 -0.052585553874973115 0.026341786634615238 -0.15909846688753379 0.015272914452601935 0.00010338649511100333 -0.099213562470957931 0.052456852660251185 -0.020526336181845396 0.23632464049489296 -0.14864871675459398
leaf_weight=2112 7844 2496 832 232 6240 4848 384 6760 15028 492 296 3348 6272 1188 1632 3240 534032 2400 2208 26920 660 264
leaf_count=2112 7844 2496 832 232 6240 4848 384 6760 15028 492 296 3348 6272 1188 1632 3240 534032 2400 2208 26920 660 264
internal_value=-4.77347e-05 0.0010578 0.00209652 0.00141612 -0.00238956 -0.000118201 -0.00436709 -0.0026496 0.00304204 -0.00762397 0.00345802 -0.000925672 -0.00302277 -5.41658e-05 0.00268 -0.00238636 -0.000100991 -0.00186998 -0.00113501 -0.0016677 0.00557711 -6.18982e-05
internal_weight=629728 37732 28996 26500 8736 591996 6624 14604 19396 724 18672 3644 7104 577392 9720 4872 567672 33640 31240 29032 2112 1452
internal_count=629728 37732 28996 26500 8736 591996 6624 14604 19396 724 18672 3644 7104 577392 9720 4872 567672 33640 31240 29032 2112 1452
cat_boundaries=0 1 2 3 4
cat_threshold=5 6 78 9
is_linear=0
shrinkage=0.045


Tree=146
num_leaves=23
num_cat=3
split_feature=10 9 2 2 4 10 2 2 2 7 2 8 1 15 17 7 2 4 1 1 2 4
split_gain=24.2424 62.3206 87.601 90.9844 87.6693 57.8885 50.5234 103.864 65.6503 48.7665 52.6135 62.6038 52.8533 46.7865 72.6238 53.4489 69.5836 43.8492 43.0462 42.5873 42.1107 41.9114
threshold=85.123579179629644 122.39708333333336 219.50000000000003 121.50000000000001 0 64.126446204581399 225.50000000000003 231.50000000000003 221.50000000000003 23.015000000000004 197.50000000000003 465.3300000000001 5.5000000000000009 1049.3950000000002 -13.884999999999996 21.765000000000004 249.50000000000003 1 7.5000000000000009 7.0000000000000009 302.50000000000006 2
decision_type=2 2 2 2 1 2 2 2 2 2 2 2 2 10 8 2 2 1 2 2 2 1
left_child=5 2 3 -2 -5 -1 8 -8 21 10 11 -6 -12 14 -9 16 -16 19 -10 -17 -7 -3
right_child=1 6 -4 4 9 20 7 13 18 -11 12 -13 -14 -15 15 17 -18 -19 -20 -21 -22 -23
leaf_value=-0.00035361116567466072 0.15316035599047423 -0.059713815864412649 0.002113488862016268 -0.12347183527239963 0.052194587454469116 0.035772725054237835 -0.094867338421976227 0.69010261665724715 0.1260256685522558 -0.19331159247143215 -0.051401586514958478 -0.059486713845791239 -0.057658596018688855 -8.1329139912350445 0.13001636182351392 0.011434938241740201 -0.01081074110842818 0.0075501334475834092 0.092393693411570263 -0.26124837832848574 -0.50141836796490757 0.025827436858699818
leaf_weight=568576 1248 1632 11328 2208 1824 11520 3840 876 660 768 1012 2304 3404 1084 1740 448 1220 2512 1452 856 192 9024
leaf_count=568576 1248 1632 11328 2208 1824 11520 3840 876 660 768 1012 2304 3404 1084 1740 448 1220 2512 1452 856 192 9024
internal_value=-4.73774e-05 -0.0010039 -0.00264234 -0.00519773 -0.0064481 3.41209e-05 0.000553934 -0.00147042 0.00254777 -0.00451737 -0.00354376 0.000108959 -0.00695677 0.00124113 0.00248106 0.000902921 0.00543889 -0.00261655 0.00979186 -0.00926672 0.00316544 0.00111043
internal_weight=629728 49440 24096 12768 11520 580288 25344 12576 12768 9312 8544 4128 4416 8736 7652 6776 2960 3816 2112 1304 11712 10656
internal_count=629728 49440 24096 12768 11520 580288 25344 12576 12768 9312 8544 4128 4416 8736 7652 6776 2960 3816 2112 1304 11712 10656
cat_boundaries=0 1 2 3
cat_threshold=34 4 64
is_linear=0
shrinkage=0.045


Tree=147
num_leaves=23
num_cat=4
split_feature=17 5 17 5 18 18 17 5 18 17 1 14 1 1 2 2 4 2 2 2 13 8
split_gain=23.4238 128.654 65.9728 37.5334 108.802 62.0212 57.5606 34.4508 58.7119 32.5516 35.1362 28.6474 28.005 70.3086 41.1011 60.9366 47.3004 39.5472 31.2621 48.745 63.5706 30.1096
threshold=2.8899999999999983 0 14.5 1 1.6299999999999997 -13.984999999999999 0.46499999999999991 2 13.710000000000001 -57.42499999999999 19.000000000000004 280.76500000000004 8.2500000000000018 6.0000000000000009 169.50000000000003 159.50000000000003 3 205.50000000000003 189.50000000000003 177.50000000000003 3.7150000000000003 148.93000000000004
decision_type=10 1 10 1 10 8 10 1 10 8 2 2 2 2 2 2 1 2 2 2 2 2
left_child=3 2 -2 6 5 -5 9 8 -3 10 -1 -8 13 14 15 -11 -17 18 19 -16 -21 -14
right_child=1 7 -4 4 -6 -7 11 -9 -10 12 -12 -13 21 -15 17 16 -18 -19 -20 20 -22 -23
leaf_value=-0.24523267411742483 -0.022720440453253433 0.0057916295678638943 -0.27240909849341982 -0.14678526113306636 0.017209823627399951 -0.0052554381389035365 -0.0051470884675894352 -0.0058165527012540557 0.20759248627685448 0.016102993218501425 0.4254582635721933 -0.028785202269319615 0.0067854946313505634 0.038613671685401571 -0.045090447466771343 -0.055969933177085103 0.083030213222219082 0.0024776797887167338 -0.047499470611371983 0.055782167244813406 -0.026284205268017662 -0.020666851894651457
leaf_weight=996 26545 28038 10697 11208 50752 178420 54166 74484 9204 24236 3894 2808 97231 17324 1220 130 1406 21332 2440 1030 902 11265
leaf_count=996 26545 28038 10697 11208 50752 178420 54166 74484 9204 24236 3894 2808 97231 17324 1220 130 1406 21332 2440 1030 902 11265
internal_value=-4.34472e-05 -0.000536484 -0.00282654 0.000109326 -0.000288279 -0.000783579 0.000506922 0.000227138 0.00134442 0.000895054 0.00451656 -0.000742418 0.000795802 0.00149739 0.000679722 0.00196419 0.0106502 -0.00054984 -0.00391759 -0.000955929 0.00349018 0.000343002
internal_weight=629728 148968 37242 480760 240380 189628 240380 111726 37242 183406 4890 56974 178516 70020 52696 25772 1536 26924 5592 3152 1932 108496
internal_count=629728 148968 37242 480760 240380 189628 240380 111726 37242 183406 4890 56974 178516 70020 52696 25772 1536 26924 5592 3152 1932 108496
cat_boundaries=0 1 2 3 4
cat_threshold=1 3 8 8
is_linear=0
shrinkage=0.045


Tree=148
num_leaves=23
num_cat=5
split_feature=0 4 7 7 2 4 2 8 2 7 4 2 8 4 10 2 4 2 2 9 8 2
split_gain=22.9075 25.8378 22.4401 36.6909 21.2922 102.364 135.792 109.455 98.4635 94.7142 79.2064 77.8673 90.0259 99.7252 61.1732 58.6222 207.5 157.425 154.525 215.061 100.139 94.4754
threshold=3.7263551950454716 0 16.915000000000003 16.125000000000004 339.50000000000006 1 358.50000000000006 78.870000000000019 355.50000000000006 14.005000000000001 2 347.50000000000006 31.960000000000004 3 4.5715845334704204 307.50000000000006 4 326.50000000000006 301.50000000000006 21.207083333333337 56.140000000000008 312.50000000000006
decision_type=2 1 2 2 2 1 2 2 2 2 1 2 2 1 2 2 1 2 2 2 2 2
left_child=4 -2 3 -3 15 7 -7 8 11 -8 -10 12 13 -6 -11 18 17 20 -1 -20 -17 -18
right_child=1 2 -4 -5 5 6 9 -9 10 14 -12 -13 -14 -15 -16 16 21 -19 19 -21 -22 -23
leaf_value=5.1663233306871445e-05 -0.59918903361547282 -12.202033630780837 -26.985443101104323 95.684523170774199 0.32380832188135411 -0.055868735245425773 -0.016511684194397899 -0.11414295805983082 0.055163805031385217 0.012424851428700241 -0.035669196439921481 0.066781274653226766 -0.050781001378704609 -0.067166961764566241 0.32002939980855932 0.31854389002304145 -0.064394793004078382 0.0024413471824273072 0.14105255636372815 -0.093039719256845288 0.10655648501564444 0.0093132473786139737
leaf_weight=528204 1420 196 608 164 672 11520 3072 1824 2976 1152 7584 6720 3744 288 1152 2528 5376 5376 1248 7968 5984 29952
leaf_count=528204 1420 196 608 164 672 11520 3072 1824 2976 1152 7584 6720 3744 288 1152 2528 5376 5376 1248 7968 5984 29952
internal_value=-4.63056e-05 -0.00444351 -0.0100561 -0.00124309 -2.95533e-05 -0.00102479 -0.00370209 0.000876574 0.00175612 0.00220063 -0.00137616 0.00465123 0.00021037 0.0124896 0.00909367 3.95048e-05 0.00152597 0.00618345 -9.6628e-05 -0.00587275 0.00999471 -0.000306876
internal_weight=629728 2388 968 360 627340 40704 16896 23808 21984 5376 10560 11424 4704 960 2304 586636 49216 13888 537420 9216 8512 35328
internal_count=629728 2388 968 360 627340 40704 16896 23808 21984 5376 10560 11424 4704 960 2304 586636 49216 13888 537420 9216 8512 35328
cat_boundaries=0 1 2 3 4 5
cat_threshold=29 113 32 64 72
is_linear=0
shrinkage=0.045


Tree=149
num_leaves=23
num_cat=5
split_feature=0 4 2 2 2 2 2 4 4 8 10 4 8 0 2 8 1 2 2 7 7 4
split_gain=22.7533 25.589 21.2342 222.812 143.869 301.806 134.42 139.979 134.206 114.808 126.882 103.762 100.023 97.9469 94.0993 158.31 132.624 69.7347 200.383 167.881 92.43 105.093
threshold=3.7263551950454716 0 205.50000000000003 207.50000000000003 169.50000000000003 159.50000000000003 151.50000000000003 1 2 94.090000000000018 4.9786368469297004 3 46.445000000000007 1.309206545352936 356.50000000000006 33.065000000000005 13.250000000000002 253.50000000000003 261.50000000000006 17.265000000000004 9.7450000000000028 4
decision_type=2 1 2 2 2 2 2 1 1 2 2 1 2 2 2 2 2 2 2 2 2 1
left_child=2 -2 4 -4 5 6 -1 -8 9 10 -6 14 -9 -10 15 -5 -16 20 19 -19 21 -13
right_child=1 -3 3 11 8 -7 7 12 13 -11 -12 17 -14 -15 16 -17 -18 18 -20 -21 -22 -23
leaf_value=0.00013680591407868369 -0.57222552710277708 -13.856236849254625 0.099968521252466927 0.23795670666430049 -0.06835947675220351 0.072162412952913021 0.010091427716560478 -0.0029329729887507924 -0.028888387698675036 -0.03236741885054488 0.046001386687233373 0.13620349772938736 -0.14524222075241885 -0.73667051416844509 0.018518573769412842 0.027101059130209344 -0.13149274481035392 -0.073758270503202356 -0.0029391907802631266 -0.0063596728538139954 0.0048423697655894582 -0.010948648364975305
leaf_weight=299952 1420 968 3072 1156 1440 15360 5376 1920 28548 9976 12288 2784 4992 2780 1696 30848 1376 5568 137472 5184 53824 1728
leaf_count=299952 1420 968 3072 1156 1440 15360 5376 1920 28548 9976 12288 2784 4992 2780 1696 30848 1376 5568 137472 5184 53824 1728
internal_value=-4.23038e-05 -0.00442469 -2.5608e-05 0.000301765 -0.000234977 0.000122664 -0.000180293 -0.00479292 -0.0023639 0.000191643 0.00286125 0.000148611 -0.0090208 -0.00429611 0.00241108 0.00313394 -0.00510898 -0.000235705 -0.000754422 -0.00667008 0.00108223 0.00726739
internal_weight=629728 2388 627340 244708 382632 327600 312240 12288 55032 23704 13728 241636 6912 31328 35076 32004 3072 206560 148224 10752 58336 4512
internal_count=629728 2388 627340 244708 382632 327600 312240 12288 55032 23704 13728 241636 6912 31328 35076 32004 3072 206560 148224 10752 58336 4512
cat_boundaries=0 1 2 3 4 5
cat_threshold=29 19 13 64 11
is_linear=0
shrinkage=0.045


Tree=150
num_leaves=23
num_cat=1
split_feature=10 8 2 4 14 8 9 7 2 8 7 1 2 7 2 1 15 0 1 8 12 0
split_gain=22.3588 65.1978 53.2557 46.9868 62.276 59.819 70.6969 75.373 63.0079 56.1355 117.903 74.8653 50.986 59.1323 63.7514 58.6936 55.5473 56.3122 50.6051 56.4462 58.8131 49.6691
threshold=11.549442035894929 54.295000000000009 12.500000000000002 0 74.215000000000018 74.890000000000015 25.146666666666668 10.385000000000003 321.50000000000006 57.525000000000006 5.5150000000000006 19.250000000000004 68.500000000000014 18.925000000000004 215.50000000000003 19.000000000000004 10.985000000000001 0.83662775158882152 2.7500000000000004 68.600000000000009 -2.4999999999999996 0.34859675168991094
decision_type=2 2 2 1 2 2 2 2 2 2 2 2 2 2 2 2 8 2 2 2 2 2
left_child=1 -1 -3 4 5 6 7 18 -7 10 -5 -12 15 16 -15 -6 -14 -18 -2 20 -20 -8
right_child=3 2 -4 9 12 8 21 -9 -10 -11 11 -13 13 14 -16 -17 17 -19 19 -21 -22 -23
leaf_value=-0.00031692084148463332 0.083892015452825389 -0.040213824567313643 0.025600635239898677 0.025223568074985842 0.14565291697469615 -0.046587703285224054 0.053651080399810827 -0.10808758250808244 -0.16284128939625492 0.002584518109662422 -0.082618039261773968 0.033153338997962647 -0.078955899932363099 -0.077649678218415397 -0.0074809878835796562 -0.12122661672031658 0.01394834886404738 -0.15235691655862488 0.12856283871756158 -0.10089363207000655 -0.035809624603339175 -4.1619653391047338e-05
leaf_weight=246532 935 2784 37948 7684 1952 22976 2920 2592 2048 234180 8770 2166 1932 2192 4104 444 22172 4964 1192 935 5098 13208
leaf_count=246532 935 2784 37948 7684 1952 22976 2920 2592 2048 234180 8770 2166 1932 2192 4104 444 22172 4964 1192 935 5098 13208
internal_value=-4.16607e-05 0.000251109 0.00191891 -0.00028724 -0.00117222 -0.00218385 -0.000709769 -0.00353589 -0.00376708 2.66997e-05 -0.00235125 -0.00535244 0.000218076 -0.000212492 -0.00416561 0.00656797 0.000643963 0.00116902 -0.00141142 -0.0026868 -0.00115146 0.00117452
internal_weight=629728 287264 40732 342464 89664 51904 26880 10752 25024 252800 18620 10936 37760 35364 6296 2396 29068 27136 8160 7225 6290 16128
internal_count=629728 287264 40732 342464 89664 51904 26880 10752 25024 252800 18620 10936 37760 35364 6296 2396 29068 27136 8160 7225 6290 16128
cat_boundaries=0 1
cat_threshold=48
is_linear=0
shrinkage=0.045


Tree=151
num_leaves=23
num_cat=4
split_feature=0 14 15 17 2 9 1 2 4 2 4 7 9 4 8 7 2 17 1 10 16 4
split_gain=21.6277 48.75 44.27 52.666 50.1639 46.401 62.091 141.305 95.128 81.7579 75.3396 72.4484 53.5493 46.9242 44.1398 43.8745 43.6566 39.8176 39.3003 38.627 38.5678 38.9183
threshold=0.38492386043071752 3151.5450000000005 12.575000000000001 -8.2149999999999999 2.5000000000000004 38.658125000000005 5.7500000000000009 169.50000000000003 0 93.500000000000014 1 15.665000000000001 130.82979166666669 2 617.17000000000019 15.595000000000001 334.50000000000006 3.4600000000000031 12.000000000000002 38.513380403525268 20.575000000000003 3
decision_type=2 2 10 10 2 2 2 2 1 2 1 2 2 1 2 2 2 10 2 2 8 1
left_child=1 2 4 -4 -1 19 7 10 11 -8 -7 -9 13 -11 -10 -16 17 -6 -19 -5 -2 -22
right_child=20 -3 3 5 16 6 9 8 14 12 -12 -13 -14 -15 15 -17 -18 18 -20 -21 21 -23
leaf_value=-0.31461127849885168 -0.012196351836906587 -0.15419432820731552 -0.047938008036395009 0.0096119632882846317 0.0018699647289080084 0.07075661916420678 -0.19572394673775542 -0.042074737886147635 -0.054572316971537041 0.019065275253731709 -0.055139377169075049 0.037374805752036534 0.059312659672263388 -0.0074611417180993605 -0.046093175517149941 0.0068439447864499497 -0.06125052050954391 -0.0070871487681999894 -0.14193663449192664 0.088372042550242891 0.0099130513553174118 -0.0058423106220751439
leaf_weight=504 44444 240 4948 135872 67132 1626 1192 1056 3530 3233 892 1294 1410 6398 623 1014 5412 4760 3372 1368 99916 239492
leaf_count=504 44444 240 4948 135872 67132 1626 1192 1056 3530 3233 892 1294 1410 6398 623 1014 5412 4760 3372 1368 99916 239492
internal_value=-3.88738e-05 0.000290632 0.000310518 0.00073496 -0.000549321 0.00087681 -0.00102851 -0.00365174 -0.00674192 0.00112362 0.00557143 0.000781118 0.00233293 0.00113282 -0.0101443 -0.00404973 -0.00046072 -0.000179962 -0.00315343 0.00118597 -0.000249939 -8.67093e-05
internal_weight=629728 245876 245636 164456 81180 159508 22268 10035 7517 12233 2518 2350 11041 9631 5167 1637 80676 75264 8132 137240 383852 339408
internal_count=629728 245876 245636 164456 81180 159508 22268 10035 7517 12233 2518 2350 11041 9631 5167 1637 80676 75264 8132 137240 383852 339408
cat_boundaries=0 1 2 3 4
cat_threshold=36 83 48 3
is_linear=0
shrinkage=0.045


Tree=152
num_leaves=23
num_cat=6
split_feature=0 4 7 7 7 8 4 2 4 3 9 15 2 2 4 2 10 2 2 9 10 4
split_gain=21.4384 24.2894 22.0657 31.8733 20.6191 61.1106 63.3894 80.8059 48.8015 44.6749 42.9989 41.3448 40.5155 52.7058 42.8903 41.5347 40.1891 35.8001 46.3484 69.6076 66.6693 57.7771
threshold=3.7263551950454716 0 16.915000000000003 16.125000000000004 2.5450000000000004 28.645000000000003 1 8.5000000000000018 2 3 14.6525 8.4850000000000012 105.50000000000001 117.50000000000001 4 103.50000000000001 13.318136630936428 117.50000000000001 89.500000000000014 15.745208333333334 8.6611920195150702 5
decision_type=2 1 2 2 2 2 1 2 1 1 2 8 2 2 1 2 2 2 2 2 2 1
left_child=4 -2 3 -3 5 8 7 -7 -1 -9 -10 12 15 -14 -15 -6 17 18 19 20 -8 -22
right_child=1 2 -4 -5 11 6 16 9 10 -11 -12 -13 13 14 -16 -17 -18 -19 -20 -21 21 -23
leaf_value=0.03229012871324273 -0.54581540105569115 -11.029264858516187 -25.14777539831961 92.001687895679908 -0.054359549313371468 0.29558163337477211 0.11632017875987537 -0.0035614155550316184 -0.066631459059649734 -0.062250137745225982 0.16288032415930048 -0.00033307389183876601 0.082392659133259827 0.060999528261700381 -0.078704236718384765 -0.29209681725563946 0.010149237424458155 0.0076130324134713887 0.17285840374684039 0.12415578276105721 -0.10092229832039215 0.02599957455223376
leaf_weight=2112 1420 196 608 164 8816 480 1152 5184 6240 2304 384 575004 1100 1564 2860 264 8160 3268 2784 2688 1056 1920
leaf_count=2112 1420 196 608 164 8816 480 1152 5184 6240 2304 384 575004 1100 1564 2860 264 8160 3268 2784 2688 1056 1920
internal_value=-3.90167e-05 -0.00429289 -0.00973469 -0.000994475 -2.28105e-05 0.000996979 0.001991 -0.00142669 -0.00230201 -0.00257744 -0.00419756 -8.80752e-05 -0.00245242 0.000586319 -0.00160642 -0.00430081 0.00328517 0.00485315 0.00623776 0.00423731 0.000566586 -0.00299194
internal_weight=629728 2388 968 360 627340 37732 28996 7968 8736 7488 6624 589608 14604 5524 4424 9080 21028 12868 9600 6816 4128 2976
internal_count=629728 2388 968 360 627340 37732 28996 7968 8736 7488 6624 589608 14604 5524 4424 9080 21028 12868 9600 6816 4128 2976
cat_boundaries=0 1 2 3 4 5 6
cat_threshold=29 5 6 192 21 32
is_linear=0
shrinkage=0.045


Tree=153
num_leaves=23
num_cat=2
split_feature=10 9 2 2 4 10 2 4 13 13 2 2 2 2 7 2 16 1 7 15 1 13
split_gain=21.0088 55.4843 75.5246 79.6122 77.8891 54.9074 53.9204 58.9798 81.894 52.1263 46.7975 46.3334 90.9216 61.7123 43.3842 45.7188 57.2565 50.8441 41.9934 41.8518 40.6877 40.618
threshold=85.123579179629644 122.39708333333336 219.50000000000003 121.50000000000001 0 59.52727226097258 302.50000000000006 1 1.5399999999999998 10.865000000000004 303.50000000000006 225.50000000000003 231.50000000000003 221.50000000000003 23.015000000000004 175.50000000000003 18.045000000000005 9.7500000000000018 22.215000000000003 17.275000000000002 21.000000000000004 9.7750000000000039
decision_type=2 2 2 2 1 2 2 1 2 2 2 2 2 2 2 2 8 2 2 8 2 2
left_child=5 2 3 -2 -5 -1 7 9 -9 -7 -8 13 -13 -3 15 17 -17 -6 -4 -15 -14 -21
right_child=1 11 18 4 14 6 10 8 -10 -11 -12 12 20 19 -16 16 -18 -19 -20 21 -22 -23
leaf_value=-0.00045161267330131927 0.14394486863429412 0.012272973235156954 -0.0051443439072442719 -0.11568581041759071 0.056661591159585585 -0.083414039788156383 -0.46610810912806888 0.057127876071083744 0.034607158832806746 0.08903866798445885 0.44950157965293919 -0.088798078473713404 -0.00034496714912083504 -0.092294084447136146 -0.18005200675089275 -0.084362516964384696 -0.030720636330509313 -0.055440845898963344 0.26867368350540971 0.11776580976975284 0.20793241793183243 0.15780083142330326
leaf_weight=563876 1248 10656 10560 2208 1131 1016 384 2368 11068 1384 192 3840 7644 108 768 844 4916 1653 768 856 1092 1148
leaf_count=563876 1248 10656 10560 2208 1131 1016 384 2368 11068 1384 192 3840 7644 108 768 844 4916 1653 768 856 1092 1148
internal_value=-3.97313e-05 -0.000930181 -0.00247614 -0.00484886 -0.00601849 3.61371e-05 0.00260174 0.00309414 0.00425305 -0.00339552 -0.0108997 0.00053973 -0.00139887 0.0024491 -0.00419884 -0.00328048 -0.00556838 0.0014537 0.000198588 0.00947256 0.00113813 0.0109472
internal_weight=629728 49440 24096 12768 11520 580288 16412 15836 13436 2400 576 25344 12576 12768 9312 8544 5760 2784 11328 2112 8736 2004
internal_count=629728 49440 24096 12768 11520 580288 16412 15836 13436 2400 576 25344 12576 12768 9312 8544 5760 2784 11328 2112 8736 2004
cat_boundaries=0 1 2
cat_threshold=34 12
is_linear=0
shrinkage=0.045


Tree=154
num_leaves=23
num_cat=5
split_feature=17 5 17 5 18 5 18 5 18 12 1 17 1 17 18 1 17 4 2 12 14 15
split_gain=20.5429 133.749 76.4857 72.7833 63.8272 67.1121 44.2975 37.9481 64.1304 37.1997 35.7922 34.0726 33.3813 28.9859 27.499 25.5664 28.3773 24.9968 46.0958 33.5247 36.0822 35.0612
threshold=0.83000000000000063 0 19.845000000000002 1 -0.19999999999999749 2 -24.94499999999999 3 2.2300000000000018 1.5000000000000002 19.750000000000004 -16.134999999999991 14.750000000000002 -4.9899999999999958 19.975000000000005 16.750000000000004 12.960000000000004 4 6.5000000000000009 1.5000000000000002 69.225000000000009 12.405000000000003
decision_type=10 1 10 1 10 1 8 1 10 2 2 8 2 8 10 2 10 1 2 2 2 10
left_child=3 2 14 11 5 -5 -7 8 -3 15 13 -1 -11 -8 -2 -10 -17 18 -6 -20 21 -21
right_child=1 7 -4 4 17 6 10 -9 9 12 -12 -13 -14 -15 -16 16 -18 -19 19 20 -22 -23
leaf_value=0.1443707410706426 -0.015273132093138284 -0.0072979021139732685 -0.39603021293893231 -0.00087289455322817956 0.059333749059862308 -0.43234061913592514 -0.063859189782508929 -0.002920549948373785 0.0026546136854468804 0.034975926326938099 -0.0026930117823838451 0.0091888913478441036 -0.013885262845660353 -0.014978867793513199 -0.083439869067263056 0.12454525856600773 0.93488363891964199 0.0025038369257063698 -0.030273481857347136 -0.0063232542028187509 -0.0034206182159217577 0.039280775102474005
leaf_weight=8452 47900 26570 7890 127784 660 2852 6844 119382 1477 17246 23754 89289 8675 30442 3901 3440 2283 73479 4242 3717 7065 12384
leaf_count=8452 47900 26570 7890 127784 660 2852 6844 119382 1477 17246 23754 89289 8675 30442 3901 3440 2283 73479 4242 3717 7065 12384
internal_value=-3.99457e-05 -0.000368834 -0.00221333 0.000160909 -0.00019359 -0.000676838 -0.00186749 0.000246126 0.00117243 0.00249366 -0.00161151 0.00122428 0.00169859 -0.00248123 -0.0015849 0.00535476 0.00671659 0.000718545 0.00186058 0.00157771 0.00225117 0.00342747
internal_weight=629728 238764 59691 390964 293223 191676 63892 179073 59691 33121 61040 97741 25921 37286 51801 7200 5723 101547 28068 27408 23166 16101
internal_count=629728 238764 59691 390964 293223 191676 63892 179073 59691 33121 61040 97741 25921 37286 51801 7200 5723 101547 28068 27408 23166 16101
cat_boundaries=0 1 2 3 4 5
cat_threshold=1 1 6 8 10
is_linear=0
shrinkage=0.045


Tree=155
num_leaves=23
num_cat=4
split_feature=2 4 9 8 2 2 2 4 2 0 16 7 2 9 14 4 2 1 2 2 10 4
split_gain=20.3854 93.3163 111.269 141.814 123.603 99.1138 84.9457 283.274 202.412 93.6207 79.1862 70.6368 67.0115 65.0712 114.561 110.81 58.7587 70.9136 55.719 158.219 96.0578 62.8407
threshold=31.500000000000004 0 12.641250000000001 41.785000000000004 20.500000000000004 18.500000000000004 49.500000000000007 1 50.500000000000007 1.1207150816917422 10.605000000000002 3.8950000000000005 29.500000000000004 28.346875000000004 68.235000000000028 2 47.500000000000007 17.750000000000004 27.500000000000004 24.500000000000004 22.771236144679865 3
decision_type=2 1 2 2 2 2 2 1 2 2 8 2 2 2 2 1 2 2 2 2 2 1
left_child=1 12 -3 4 5 11 7 9 -8 16 -9 -4 -1 15 18 -5 -2 -18 19 -15 -20 -21
right_child=6 2 3 13 -6 -7 8 10 -10 -11 -12 -13 -14 14 -16 -17 17 -19 20 21 -22 -23
leaf_value=0.04848111984988375 0.072391606563454655 -0.19653733851515273 0.18585152212404268 -0.0084441030269412961 0.11265238571947347 -0.12297382860566522 0.19348603545808096 0.0083504573880454347 -0.0003610396690201256 -0.81850404135492061 -0.069351849077000302 -0.00050721002799560184 1.973215762949009 0.052093440170081988 -0.10099741385373917 -0.10721642167148444 -0.17641289493391238 0.12845413000892206 0.34883539544286613 -0.043228648730204523 -0.40342096826149487 -0.33341611236849422
leaf_weight=19200 9544 1344 1728 10080 4800 768 2304 4596 514528 440 26124 6048 768 12160 5204 5952 568 200 1240 948 416 768
leaf_count=19200 9544 1344 1728 10080 4800 768 2304 4596 514528 440 26124 6048 768 12160 5204 5952 568 200 1240 948 416 768
internal_value=-3.98028e-05 0.000676014 -0.000337491 5.38772e-06 0.00397872 0.000731921 -0.00013138 -0.00209083 2.58594e-05 0.00419314 -0.00429032 0.00225636 0.00328604 -0.00143677 0.000227843 -0.00358956 0.00506545 -0.0068961 0.00216396 0.00123217 0.0099608 -0.0115512
internal_weight=629728 71424 51456 50112 13344 8544 558304 41472 516832 10752 30720 7776 19968 36768 20736 16032 10312 768 15532 13876 1656 1716
internal_count=629728 71424 51456 50112 13344 8544 558304 41472 516832 10752 30720 7776 19968 36768 20736 16032 10312 768 15532 13876 1656 1716
cat_boundaries=0 1 2 3 4
cat_threshold=33 6 22 72
is_linear=0
shrinkage=0.045


Tree=156
num_leaves=23
num_cat=5
split_feature=0 4 7 7 15 2 2 2 2 13 2 4 8 4 4 9 10 2 8 1 1 4
split_gain=20.1117 23.4248 22.3516 30.64 21.3696 20.4554 203.415 131.671 277.849 127.022 120.76 125.804 104.899 106.566 94.9159 94.8657 90.2083 85.2825 155.611 122.042 77.1618 68.4724
threshold=3.7263551950454716 0 16.815000000000001 16.125000000000004 1049.3950000000002 205.50000000000003 207.50000000000003 169.50000000000003 159.50000000000003 70.690000000000012 151.50000000000003 1 32.390000000000008 2 3 22.701666666666672 7.0336027543087267 356.50000000000006 33.065000000000005 13.250000000000002 5.2500000000000009 4
decision_type=2 1 2 2 10 2 2 2 2 2 2 1 2 1 1 2 2 2 2 2 2 1
left_child=5 -2 3 -3 -4 7 21 8 10 12 -1 -12 -9 15 17 -14 -13 18 -8 -19 -17 -7
right_child=1 2 4 -5 -6 6 14 9 -10 -11 11 16 13 -15 -16 20 -18 19 -20 -21 -22 -23
leaf_value=-4.7758304033473914e-06 -0.5177236887618033 -10.533352552145759 0.94244496643108444 88.518697735837051 -34.163584246802614 0.11211910123430789 0.22787064144080832 -0.091902890577106933 0.068381898712292222 -0.6284891828585113 0.0086104577413902671 0.06890328219941283 0.092949596148450303 -0.024695800016243268 -0.0020219308402968975 -0.018618385844700897 -0.11489139962386961 0.018593566173986907 0.025500129415114155 -0.1260413062310477 0.025039605525171781 0.00081922950823817896
leaf_weight=299952 1420 196 140 160 472 2304 1156 1728 15360 5152 5376 672 1344 27796 206560 4704 6240 1696 30848 1376 14308 768
leaf_count=299952 1420 196 140 160 472 2304 1156 1728 15360 5152 5376 672 1344 27796 206560 4704 6240 1696 30848 1376 14308 768
internal_value=-4.09461e-05 -0.00416109 -0.0095051 -0.000628492 -0.0148046 -2.52494e-05 0.000296065 -0.000230743 0.0001114 -0.00226742 -0.000179284 -0.00455126 -0.00157241 -0.00118121 0.000149728 0.00129247 -0.00855936 0.00231361 0.00300178 -0.00484548 0.000475702 0.011799
internal_weight=629728 2388 968 356 612 627340 244708 382632 327600 55032 312240 12288 49880 48152 241636 20356 6912 35076 32004 3072 19012 3072
internal_count=629728 2388 968 356 612 627340 244708 382632 327600 55032 312240 12288 49880 48152 241636 20356 6912 35076 32004 3072 19012 3072
cat_boundaries=0 1 2 3 4 5
cat_threshold=29 19 13 64 12
is_linear=0
shrinkage=0.045


Tree=157
num_leaves=23
num_cat=5
split_feature=17 5 5 17 18 5 18 5 18 1 12 18 17 1 18 1 17 18 1 17 16 4
split_gain=20.0379 122.659 77.2059 74.9106 61.7757 62.9277 40.3574 37.3241 69.0066 35.8531 33.6174 30.4603 30.3476 28.6442 27.5556 27.4985 48.1813 22.9409 22.3941 26.8997 22.2712 28.1477
threshold=0.46499999999999991 0 1 19.845000000000002 -0.149999999999995 2 -24.94499999999999 3 2.2300000000000018 19.750000000000004 1.5000000000000002 -5.6999999999999966 -27.764999999999993 14.750000000000002 19.975000000000005 20.250000000000004 -8.2149999999999999 3.8149999999999999 16.750000000000004 8.3399999999999999 25.195000000000004 4
decision_type=10 1 1 10 10 1 8 1 10 2 2 10 8 2 10 2 8 10 2 10 10 1
left_child=2 3 12 14 5 15 -7 8 -3 11 18 -8 -1 -12 -2 16 -4 -14 -10 -20 -17 -22
right_child=1 7 4 -5 -6 6 9 -9 10 -11 13 -13 17 -15 -16 20 -18 -19 19 -21 21 -23
leaf_value=0.25131816608747387 -0.013225671143343774 -0.0066066825584329978 -0.052386223505164163 -0.37150739284699463 0.00757442796705202 -0.40796848726102808 -0.089966898838528417 -0.0027378733438259946 0.0091489800086380583 -0.0020162597918318846 0.032225965928882147 -0.015736034268036578 0.013006272161828966 -0.0074357648194603157 -0.079806388071336595 0.001243175307957322 -0.00095787790084406264 -0.026373396294501788 0.06328103560731603 0.67276095597041552 0.12723396232648326 0.013162509433496002
leaf_weight=4807 53873 30684 12272 7890 85170 2836 4527 131458 1550 23548 18438 32402 82933 9214 3966 30664 68838 3963 2555 3288 5916 8936
leaf_count=4807 53873 30684 12272 7890 85170 2836 4527 131458 1550 23548 18438 32402 82933 9214 3966 30664 68838 3963 2555 3288 5916 8936
internal_value=-3.92311e-05 -0.00033906 0.000175675 -0.00202237 -0.000201266 -0.000652821 -0.00181101 0.000222149 0.0010976 -0.00156513 0.00246205 -0.00244002 0.00130636 0.00174116 -0.00146146 -7.35561e-05 -0.000570323 0.00111389 0.0051572 0.00643242 0.000811657 0.00224182
internal_weight=629728 262916 366812 65729 275109 189939 63313 197187 65729 60477 35045 36929 91703 27652 57839 126626 81110 86896 7393 5843 45516 14852
internal_count=629728 262916 366812 65729 275109 189939 63313 197187 65729 60477 35045 36929 91703 27652 57839 126626 81110 86896 7393 5843 45516 14852
cat_boundaries=0 1 2 3 4 5
cat_threshold=1 1 6 8 98
is_linear=0
shrinkage=0.045


Tree=158
num_leaves=23
num_cat=3
split_feature=15 7 2 2 7 2 4 2 8 2 2 1 4 1 2 1 2 4 7 7 13 2
split_gain=19.4396 41.6945 47.9996 46.965 35.8118 50.8058 56.6839 53.3022 35.794 34.3149 32.7254 39.7343 32.331 72.7106 51.9095 32.6559 30.0264 55.7364 65.8885 75.5199 78.2441 39.3825
threshold=8.8950000000000014 -4.21 364.50000000000006 14.500000000000002 3.0250000000000004 12.500000000000002 0 6.5000000000000009 45.175000000000004 8.5000000000000018 4.5000000000000009 8.7500000000000018 1 13.250000000000002 2.5000000000000004 16.750000000000004 358.50000000000006 2 14.005000000000001 13.345000000000001 3.2150000000000003 339.50000000000006
decision_type=8 2 2 2 2 2 1 2 2 2 2 2 1 2 2 2 2 1 2 2 2 2
left_child=1 -1 3 12 5 7 8 10 -7 -9 11 -2 13 14 -3 -14 21 18 19 20 -18 -6
right_child=4 2 -4 -5 16 6 -8 9 -10 -11 -12 -13 15 -15 -16 -17 17 -19 -20 -21 -22 -23
leaf_value=0.063480086648778133 0.2947120016257585 -1.0932753990093644 -0.18705351358215372 -0.0070961201311978738 -0.00021821072088308441 -0.080166461181087306 0.03419671993829574 0.31592690479864111 -0.024910987312227312 0.071763757999029093 -0.14836078110286904 -0.11627245913099479 -0.27684518143999498 -0.21589851975989632 0.25578263677568258 0.38707615662202494 -0.03154776952300662 -0.0063649671967634623 0.23555669732429971 -0.066492530612196815 0.13381396448140787 -0.016476086200670533
leaf_weight=1552 164 100 364 26764 533796 1096 20288 1008 2432 1192 276 212 1165 700 624 111 776 5164 1536 768 2084 27556
leaf_count=1552 164 100 364 26764 533796 1096 20288 1008 2432 1192 276 212 1165 700 624 111 776 5164 1536 768 2084 27556
internal_value=-4.25182e-05 -0.00113425 -0.00150855 -0.00130727 1.47405e-05 0.00162655 0.000946553 0.00730028 -0.00430932 0.0106471 -0.00399083 0.00464286 -0.00696151 -0.00222493 0.00774793 -0.0121234 -6.04532e-05 0.00234366 0.00564239 0.00234298 0.00570755 -0.000104693
internal_weight=629728 31380 29828 29464 598348 26668 23816 2852 3528 2200 652 376 2700 1424 724 1276 571680 10328 5164 3628 2860 561352
internal_count=629728 31380 29828 29464 598348 26668 23816 2852 3528 2200 652 376 2700 1424 724 1276 571680 10328 5164 3628 2860 561352
cat_boundaries=0 1 2 3
cat_threshold=1 39 45
is_linear=0
shrinkage=0.045


Tree=159
num_leaves=23
num_cat=4
split_feature=10 8 2 7 4 2 2 7 10 12 2 2 14 7 4 0 2 14 2 4 14 3
split_gain=19.446 58.2986 49.4216 44.9751 91.4156 89.5345 74.2508 60.1894 80.2261 119.641 64.8001 122.864 120.205 75.5126 79.2778 58.8816 58.1332 49.2345 49.4197 47.5345 65.6772 46.7657
threshold=11.549442035894929 54.295000000000009 12.500000000000002 19.895000000000003 0 6.5000000000000009 336.50000000000006 9.7450000000000028 18.996945146791251 -6.4999999999999991 97.500000000000014 99.500000000000014 144.68500000000003 7.4850000000000012 1 0.56066167354583751 318.50000000000006 37.545000000000016 6.5000000000000009 2 106.075 3
decision_type=2 2 2 2 1 2 2 2 2 2 2 2 2 2 1 2 2 2 2 1 2 1
left_child=1 -1 -3 7 15 -6 16 8 9 -2 12 -12 -10 -13 -15 -5 19 -9 -19 20 -7 -16
right_child=3 2 -4 4 5 6 -8 17 10 -11 11 13 -14 14 21 -17 -18 18 -20 -21 -22 -23
leaf_value=-0.0002671517242056337 0.12737042177586233 -0.037609829743653775 0.024277709875930312 0.017314224652396473 -0.1315913265926244 0.35163660393356888 0.17463151340727195 -0.063026261149731685 0.016512075209926955 -0.018859447494837936 0.27484367001768562 -0.00024375728462906309 -0.15074882610061086 -0.011098605911455707 0.024345738160554777 -0.09623083174207829 -0.039357637811795791 0.10143496268548619 -0.0052727383966619948 0.036534262859705721 -0.34279794835020921 0.11923790007135293
leaf_weight=246532 2572 2784 37948 4192 672 2768 960 39264 11424 38516 1344 9120 1052 2688 1440 10400 1728 1108 175476 31776 204 5760
leaf_count=246532 2572 2784 37948 4192 672 2768 960 39264 11424 38516 1344 9120 1052 2688 1440 10400 1728 1108 175476 31776 204 5760
internal_value=-3.83736e-05 0.000234661 0.00181175 -0.000267399 0.000941805 0.00210126 0.00239436 -0.000487324 0.000620958 -0.000704186 0.00227947 0.0038447 -0.000274082 0.00291399 0.00563751 -0.00208607 0.00206878 -0.000866852 -0.000546363 0.0024695 0.00790214 0.00809276
internal_weight=629728 287264 40732 342464 52700 38108 37436 289764 73916 41088 32828 20352 12476 19008 9888 14592 36476 215848 176584 34748 2972 7200
internal_count=629728 287264 40732 342464 52700 38108 37436 289764 73916 41088 32828 20352 12476 19008 9888 14592 36476 215848 176584 34748 2972 7200
cat_boundaries=0 1 2 3 4
cat_threshold=18 9 64 128
is_linear=0
shrinkage=0.045


Tree=160
num_leaves=23
num_cat=3
split_feature=10 9 2 2 4 10 2 4 13 13 2 2 16 2 4 1 2 7 15 7 15 12
split_gain=19.9701 53.7832 72.7945 71.6149 70.6894 49.3288 52.2179 54.0796 73.2185 48.5913 42.8945 74.982 59.5253 55.3311 47.8952 74.02 42.8652 40.7469 40.4868 40.4315 63.848 46.8083
threshold=85.123579179629644 122.39708333333336 219.50000000000003 121.50000000000001 0 59.52727226097258 302.50000000000006 1 1.5399999999999998 10.865000000000004 225.50000000000003 229.50000000000003 21.815000000000001 221.50000000000003 2 8.5000000000000018 303.50000000000006 23.835000000000004 17.275000000000002 5.8050000000000006 16.475000000000005 12.500000000000002
decision_type=2 2 2 2 1 2 2 1 2 2 2 2 8 2 1 2 2 2 8 2 8 2
left_child=5 2 3 -2 -5 -1 7 9 -9 -7 13 12 -12 19 -14 -16 -8 -4 -15 -3 -21 -22
right_child=1 10 17 4 -6 6 16 8 -10 -11 11 -13 14 18 15 -17 -18 -19 -20 20 21 -23
leaf_value=-0.00039958091978241404 0.13673461368510678 -0.3109306866908611 -0.0042112742747258724 -0.10986140221550569 -0.034912100340237624 -0.078762869355966478 -0.44490609413289001 0.054169889970773023 0.03317616324239709 0.086133435991607721 -0.16455528375647852 0.0068746023897459365 0.83164011366699753 -0.090023799333235011 0.02004831041599359 -0.28071129453033311 0.43102742516566867 0.36309378553710708 0.11685647306487119 0.067544757518167298 0.034883697022547504 -0.024903513273288717
leaf_weight=563876 1248 288 10752 2208 9312 1016 384 2368 11068 1384 640 9504 492 108 490 1450 192 576 2004 1056 7844 1468
leaf_count=563876 1248 288 10752 2208 9312 1016 384 2368 11068 1384 640 9504 492 108 490 1450 192 576 2004 1056 7844 1468
internal_value=-4.1089e-05 -0.000909247 -0.00243132 -0.00476077 -0.00587007 3.28801e-05 0.00246466 0.00294924 0.00405897 -0.00326493 0.000537955 -0.00132732 -0.00743656 0.0023751 -0.00421528 -0.00737705 -0.0108218 0.000194616 0.00902554 0.00105555 0.0015188 0.000328538
internal_weight=629728 49440 24096 12768 11520 580288 16412 15836 13436 2400 25344 12576 3072 12768 2432 1940 576 11328 2112 10656 10368 9312
internal_count=629728 49440 24096 12768 11520 580288 16412 15836 13436 2400 25344 12576 3072 12768 2432 1940 576 11328 2112 10656 10368 9312
cat_boundaries=0 1 2 3
cat_threshold=34 12 8
is_linear=0
shrinkage=0.045


Tree=161
num_leaves=23
num_cat=3
split_feature=0 4 7 7 15 10 7 10 7 2 12 14 4 9 7 9 2 4 10 8 2 10
split_gain=19.4003 22.4844 22.6882 25.1629 20.966 19.2506 109.66 54.0639 40.3905 49.522 119.725 61.1858 59.9051 47.9568 74.5493 91.1025 61.4472 41.1694 40.0037 53.7102 71.9154 88.4793
threshold=3.7263551950454716 0 16.815000000000001 16.125000000000004 1049.3950000000002 5.7258828959067705 21.275000000000002 4.9786368469297004 18.705000000000002 339.50000000000006 9.5000000000000018 5.344999999999998 1 16.694166666666671 8.9550000000000018 14.6525 18.500000000000004 2 9.8273971060640513 56.140000000000008 66.500000000000014 10.567040910553875
decision_type=2 1 2 2 10 2 2 2 2 2 2 2 1 2 2 2 2 1 2 2 2 2
left_child=5 -2 3 -3 -4 6 7 8 9 13 12 -12 -11 14 15 -1 -15 -10 -7 -20 21 -21
right_child=1 2 4 -5 -6 18 -8 -9 17 10 11 -13 -14 16 -16 -17 -18 -19 19 20 -22 -23
leaf_value=0.043825948362075762 -0.48321808435209335 -10.060551156654446 0.90266113358655498 84.534368273485541 -32.592532907853673 0.0065796010970697698 -0.085548631846537215 -0.022609706958868315 0.44224814888819636 0.24769607303521132 0.19698611254381068 -0.10514319587461353 0.065878125179346866 0.036750602888087021 0.089100263452401351 -0.16473373687869319 -0.027618791779083773 0.0062874187000843441 -0.016938337297647085 0.2309956418706991 -0.0025404380639044541 0.023595381925509518
leaf_weight=4320 1420 196 140 160 472 176652 2592 19200 672 876 212 1088 2432 1152 2784 1920 9792 1056 62224 1632 292116 46620
leaf_count=4320 1420 196 140 160 472 176652 2592 19200 672 876 212 1088 2432 1152 2784 1920 9792 1056 62224 1632 292116 46620
internal_value=-3.91596e-05 -0.00408577 -0.00932143 -0.000377095 -0.014658 -2.3743e-05 -0.00088881 -0.000375775 0.000949403 0.000481528 0.00468547 -0.00687788 0.00923112 -0.000488983 0.0019394 -0.000793015 -0.00249132 0.00759538 4.80884e-05 -0.00019963 2.26078e-05 0.00163199
internal_weight=629728 2388 968 356 612 627340 48096 45504 26304 24576 4608 1300 3308 19968 9024 6240 10944 1728 579244 402592 340368 48252
internal_count=629728 2388 968 356 612 627340 48096 45504 26304 24576 4608 1300 3308 19968 9024 6240 10944 1728 579244 402592 340368 48252
cat_boundaries=0 1 2 3
cat_threshold=29 20 32
is_linear=0
shrinkage=0.045


Tree=162
num_leaves=23
num_cat=4
split_feature=12 1 15 2 2 2 7 2 2 4 14 4 2 2 2 9 8 2 4 2 4 1
split_gain=20.0675 66.4934 83.4566 53.0581 51.6723 118.943 90.2856 74.6095 85.693 77.1459 72.991 70.4697 52.3792 51.5202 52.3652 51.2866 58.5291 50.0093 49.413 48.4968 45.7703 72.6719
threshold=3.5000000000000004 18.500000000000004 35.545000000000009 348.50000000000006 195.50000000000003 88.500000000000014 12.695000000000002 245.50000000000003 257.50000000000006 0 12.550000000000001 1 329.50000000000006 171.50000000000003 205.50000000000003 19.032083333333336 33.065000000000005 10.500000000000002 2 199.50000000000003 3 9.5000000000000018
decision_type=2 2 10 2 2 2 2 2 2 1 2 1 2 2 2 2 2 2 1 2 1 2
left_child=1 2 15 13 5 -3 19 -8 11 10 -10 -9 -12 -4 18 17 -17 -1 -15 -6 21 -18
right_child=-2 4 3 -5 6 -7 7 8 9 -11 12 -13 -14 14 -16 16 20 -19 -20 -21 -22 -23
leaf_value=0.080291171215979895 0.0017239334476401448 0.021152971380555455 -0.040198686993062074 0.13766828447002299 0.22900721576277616 -0.036510946740846206 0.042548620809602568 -0.0074724582138186481 0.26638990869330054 -0.036952443788471186 0.030809366335251324 -0.14818271160634752 -0.044319354457423979 -0.45164548190699122 -0.13296192165009038 0.066535746595090164 -0.051621702863950347 -0.029729700630259055 -0.1683879362775372 0.041876996079223835 -0.017225669553601206 0.020612164319980603
leaf_weight=1734 352484 46436 21414 842 550 37826 14166 1226 1974 9346 8224 1584 3222 1476 16472 3542 5170 21646 4066 19712 24612 32004
leaf_count=1734 352484 46436 21414 842 550 37826 14166 1226 1974 9346 8224 1584 3222 1476 16472 3542 5170 21646 4066 19712 24612 32004
internal_value=-3.673e-05 -0.000323161 -0.00104903 -0.00264479 0.000345919 -0.000372757 0.00135511 0.000108696 -0.00134236 -0.000426915 0.00175886 -0.00875356 0.000381289 -0.00286185 -0.00439044 -0.000252621 0.000394689 -0.0020612 -0.0081737 0.0037996 7.21014e-05 0.00106855
internal_weight=629728 277244 132978 44270 144266 84262 60004 39742 25576 22766 13420 2810 11446 43428 22014 88708 65328 23380 5542 20262 61786 37174
internal_count=629728 277244 132978 44270 144266 84262 60004 39742 25576 22766 13420 2810 11446 43428 22014 88708 65328 23380 5542 20262 61786 37174
cat_boundaries=0 1 2 3 4
cat_threshold=113 38 80 51
is_linear=0
shrinkage=0.045


Tree=163
num_leaves=23
num_cat=4
split_feature=0 4 7 17 15 10 7 10 2 1 13 4 2 8 7 9 4 14 7 8 9 4
split_gain=19.4112 22.4844 22.6882 21.5896 20.966 18.7635 102.878 50.5436 39.6149 60.3021 44.9379 38.3582 52.1589 48.2338 38.3399 46.3724 46.1831 70.6557 49.819 48.8712 66.1672 72.468
threshold=3.7263551950454716 0 16.815000000000001 151.86500000000001 1049.3950000000002 5.7258828959067705 21.275000000000002 5.0743159002927483 39.500000000000007 11.500000000000002 2.120000000000001 1 34.500000000000007 32.390000000000008 18.705000000000002 23.751458333333336 2 12.035 14.945000000000002 25.575000000000003 19.248125000000002 3
decision_type=2 1 2 10 10 2 2 2 2 2 2 1 2 2 2 2 1 2 2 2 2 1
left_child=5 -2 3 -3 -4 6 7 14 -8 -10 -11 12 -9 -14 15 16 17 19 -18 -1 -21 -22
right_child=1 2 4 -5 -6 -7 8 11 9 10 -12 -13 13 -15 -16 -17 18 -19 -20 20 21 -23
leaf_value=0.1264657012295658 -0.46338795849268249 77.716406137797577 0.86385032348984503 -9.7821781010160045 -31.119885640526004 0.00051652839676392666 0.036806555803144084 0.057797292022987272 -0.21003455245946012 0.1021250603957439 -0.065403211072985121 -0.012453308890821487 -0.12323464300146926 -0.017967721696734454 0.064044636642641664 -0.076724861217305304 -0.00015471499964624187 -0.0092242169232371937 -0.05944041631714414 -0.025332295921820215 0.22777560441396555 0.013884150368428343
leaf_weight=1784 1420 124 140 232 472 579244 384 768 1058 236 914 12384 1824 1728 1728 960 10560 5864 2016 2568 1164 2156
leaf_count=1784 1420 124 140 232 472 579244 384 768 1058 236 914 12384 1824 1728 1728 960 10560 5864 2016 2568 1164 2156
internal_value=-3.80163e-05 -0.00408577 -0.00932143 -0.000377095 -0.014658 -2.25953e-05 -0.000876648 -0.00037973 -0.00959329 -0.0119118 -0.00476562 -0.00234886 -0.00599377 -0.00830613 0.000762447 0.000347381 0.000704794 0.00252768 -0.00125834 0.00537138 0.00339219 0.00758579
internal_weight=629728 2388 968 356 612 627340 48096 45504 2592 2208 1150 16704 4320 3552 28800 27072 26112 13536 12576 7672 5888 3320
internal_count=629728 2388 968 356 612 627340 48096 45504 2592 2208 1150 16704 4320 3552 28800 27072 26112 13536 12576 7672 5888 3320
cat_boundaries=0 1 2 3 4
cat_threshold=29 33 78 64
is_linear=0
shrinkage=0.045


Tree=164
num_leaves=23
num_cat=4
split_feature=7 2 2 2 2 2 2 2 4 4 4 0 7 2 12 2 0 7 1 2 4 2
split_gain=19.0023 75.5999 88.6761 173.978 128.919 131.126 127.762 95.7346 92.354 90.0797 76.1653 74.6843 71.5901 70.682 84.7758 68.5019 73.1022 69.5188 72.6029 79.5849 74.704 83.9329
threshold=15.145000000000001 359.50000000000006 269.50000000000006 263.50000000000006 308.50000000000006 301.50000000000006 260.50000000000006 317.50000000000006 0 1 2 0.43303845822811132 35.860000000000007 275.50000000000006 2.5000000000000004 127.50000000000001 0.14360589534044269 3.0250000000000004 7.5000000000000009 2.5000000000000004 3 111.50000000000001
decision_type=2 2 2 2 2 2 2 2 1 1 1 2 2 2 2 2 2 2 2 2 1 2
left_child=15 2 3 6 5 13 8 -6 12 -5 -7 -11 -2 14 -4 17 -17 -1 19 -19 21 -20
right_child=1 -3 4 9 7 10 -8 -9 -10 11 -12 -13 -14 -15 -16 16 -18 18 20 -21 -22 -23
leaf_value=0.016999158029833112 -0.019748777187162211 0.24964967880582412 -0.26791487459412167 0.11735688099700159 0.12345313452939899 -0.03614211167762689 -0.087693609826808405 -0.0098887354658866739 0.0057681833106069209 -0.040149866112945638 -0.12743608570708617 0.11272090563210682 0.38183490857971847 -0.012681942462380705 -0.030770120021084393 -0.045226256352766322 0.0089799453393206094 -0.15240579709644889 -0.035001671847545615 0.011900316534797744 -0.010852702657571709 -0.15180459586733697
leaf_weight=34560 50356 960 1032 2016 4128 2400 1536 25056 139968 1104 4224 3504 1056 15648 2040 4632 183208 960 23034 46598 76758 4950
leaf_count=34560 50356 960 1032 2016 4128 2400 1536 25056 139968 1104 4224 3504 1056 15648 2040 4632 183208 960 23034 46598 76758 4950
internal_value=-3.58011e-05 -0.000335431 -0.000383103 5.63791e-05 -0.00199129 -0.00433915 -0.000189873 4.77969e-05 -8.60582e-05 0.00722608 -0.00977966 0.00372078 -0.0017169 -0.0024132 -0.00865159 0.000168134 0.000774986 -0.000441904 -0.000855373 0.000602712 -0.00151741 -0.00350729
internal_weight=629728 255028 254068 199540 54528 25344 192916 29184 191380 6624 6624 4608 51412 18720 3072 374700 187840 186860 152300 47558 104742 27984
internal_count=629728 255028 254068 199540 54528 25344 192916 29184 191380 6624 6624 4608 51412 18720 3072 374700 187840 186860 152300 47558 104742 27984
cat_boundaries=0 1 2 3 4
cat_threshold=80 104 20 96
is_linear=0
shrinkage=0.045


Tree=165
num_leaves=23
num_cat=5
split_feature=3 0 16 7 4 8 14 2 4 8 2 1 2 12 1 17 14 9 4 8 2 4
split_gain=19.051 41.1575 33.3008 26.9723 93.5483 76.5379 64.2132 38.524 81.5477 38.4259 36.7505 32.6576 39.9772 30.3598 30.0102 28.1499 26.2823 40.3237 34.9538 34.6568 30.1058 80.9166
threshold=0 0.97309172153472911 -1.0000000180025095e-35 20.785000000000004 1 48.975000000000001 75.095000000000013 221.50000000000003 2 186.33000000000001 225.50000000000003 11.750000000000002 39.500000000000007 12.500000000000002 18.500000000000004 -2.6399999999999988 172.68500000000003 40.770416666666669 3 140.25500000000002 175.50000000000003 4
decision_type=1 2 8 2 1 2 2 2 1 2 2 2 2 2 2 10 2 2 1 2 2 1
left_child=2 3 -1 -2 6 11 -5 8 -8 15 -11 12 -6 -7 -13 -9 17 18 -3 -20 21 -19
right_child=1 16 -4 4 5 13 7 9 -10 10 -12 14 -14 -15 -16 -17 -18 20 19 -21 -22 -23
leaf_value=0.034622050354912393 0.0018234815693213748 -0.2117996393169306 -0.0048472943413575189 0.083674552655388285 0.073285236209269716 0.022613581196686699 0.17901988141511591 0.0046147880558745748 -0.1684356481796655 0.13901696860259982 -0.0035687221449374768 0.022777017726431537 -0.20733856144220911 -0.039463303112706453 -0.09407476933115351 0.41017835063019875 0.052484517746842242 0.41340658198511698 0.012349624836731321 1.2053310601778995 -0.45390132696377977 -0.29366200915846985
leaf_weight=1888 334636 3800 234260 9568 141 4764 520 308 1224 224 3556 513 752 1588 418 488 9428 1552 8192 1080 6644 4184
leaf_count=1888 334636 3800 234260 9568 141 4764 520 308 1224 224 3556 513 752 1588 418 488 9428 1552 8192 1080 6644 4184
internal_value=-3.45148e-05 0.000157206 -0.00035404 0.000300709 0.0017558 -0.00215437 0.00376698 0.00024913 -0.00543814 0.00241809 0.000523533 -0.0102766 -0.0164162 0.000177054 -0.00436495 0.011391 -0.00131845 -0.00207021 -0.000326985 0.00116329 -0.00391052 -0.00152144
internal_weight=629728 393580 236148 358700 24064 8176 15888 6320 1744 4576 3780 1824 893 6352 931 796 34880 25452 13072 9272 12380 5736
internal_count=629728 393580 236148 358700 24064 8176 15888 6320 1744 4576 3780 1824 893 6352 931 796 34880 25452 13072 9272 12380 5736
cat_boundaries=0 1 2 3 4 5
cat_threshold=137 15 4 24 80
is_linear=0
shrinkage=0.045


Tree=166
num_leaves=23
num_cat=3
split_feature=0 14 17 2 4 2 4 2 2 2 7 16 16 2 2 10 4 2 2 7 2 8
split_gain=18.4509 51.3762 41.711 39.6273 87.0334 52.6575 174.296 98.5908 99.4926 98.0593 92.9948 70.902 63.6125 61.249 74.9699 74.3412 55.1041 52.1489 75.651 68.3827 51.9274 51.8016
threshold=0.38492386043071752 3151.5450000000005 4.2600000000000007 343.50000000000006 0 294.50000000000006 1 326.50000000000006 332.50000000000006 290.50000000000006 13.445000000000002 14.905000000000003 15.505000000000001 289.50000000000006 286.50000000000006 17.383566920247748 2 349.50000000000006 350.50000000000006 13.665000000000001 291.50000000000006 38.155000000000008
decision_type=2 2 10 2 1 2 1 2 2 2 2 8 8 2 2 2 1 2 2 2 2 2
left_child=1 2 3 5 -5 9 7 10 -9 13 -7 -10 -11 14 -1 16 -16 -6 -19 -20 -14 -8
right_child=-2 -3 -4 4 17 6 21 8 11 12 -12 -13 20 -15 15 -17 -18 18 19 -21 -22 -23
leaf_value=0.0040526698053055428 -0.0030185202819385504 -0.13578157021686071 -0.051059839897784426 0.036526690642512842 -0.088838921767202844 0.15797564846621506 0.074222319912265883 -0.086825259316258063 -0.098330109068308399 -0.11629467912629675 -0.00065748165284645757 0.1235126881507967 -0.14110273515267013 0.10134695228968085 0.11519959149004028 0.0057329988380233291 -0.25530491672335176 0.12307526826951509 -0.033543661190237425 0.040492620681909106 0.020672708483411077 -0.013061296232126571
leaf_weight=190000 383852 240 7484 4532 2848 3912 2996 1328 576 1772 1044 1184 340 884 160 964 1024 408 6972 1608 1292 14308
leaf_count=190000 383852 240 7484 4532 2848 3912 2996 1328 576 1772 1044 1184 340 884 160 964 1024 408 6972 1608 1292 14308
internal_value=-3.49435e-05 0.000269402 0.000289817 0.000393779 -0.00174282 0.000551478 0.00248166 0.00794873 0.00164563 0.000302385 0.0118899 0.00865778 -0.00726659 0.000435934 0.000381499 -0.00797442 -0.0155185 -0.00377152 -0.00209232 -0.00299406 -0.000853733 -6.49688e-05
internal_weight=629728 245876 245636 238152 16368 221784 25348 8044 3088 196436 4956 1760 3404 193032 192148 2148 1184 11836 8988 8580 1632 17304
internal_count=629728 245876 245636 238152 16368 221784 25348 8044 3088 196436 4956 1760 3404 193032 192148 2148 1184 11836 8988 8580 1632 17304
cat_boundaries=0 1 2 3
cat_threshold=48 72 2
is_linear=0
shrinkage=0.045


Tree=167
num_leaves=23
num_cat=1
split_feature=15 16 7 2 2 2 12 12 2 2 7 2 4 2 14 8 2 1 14 11 12 2
split_gain=18.282 37.9725 43.2923 43.733 45.784 35.5215 36.9654 59.7106 35.2165 50.1501 32.5023 49.2631 50.8759 49.2908 34.0412 31.2853 30.6766 39.7343 28.1061 29.28 45.291 33.9998
threshold=8.8950000000000014 15.395000000000001 -4.21 364.50000000000006 361.50000000000006 6.5000000000000009 8.5000000000000018 -4.4999999999999991 324.50000000000006 317.50000000000006 3.0250000000000004 12.500000000000002 0 6.5000000000000009 30.225000000000005 45.175000000000004 4.5000000000000009 8.7500000000000018 57.475000000000016 0.10416666666666667 -17.499999999999996 328.50000000000006
decision_type=8 10 2 2 2 2 2 2 2 2 2 2 1 2 2 2 2 2 2 2 2 2
left_child=1 2 -1 4 5 6 7 -4 9 -7 11 13 15 16 -15 -13 17 -2 19 20 -14 -22
right_child=10 -3 3 -5 -6 8 -8 -9 -10 -11 -12 12 18 14 -16 -17 -18 -19 -20 -21 21 -23
leaf_value=0.071424300065712695 0.27562897506566525 -0.078528734710995224 -0.34039518503022159 -0.12945755494885883 0.35286521190320896 -0.002739287792247806 -0.88038478354009164 0.094266203279192287 -0.074085932764288737 0.17461290110821778 -0.00055597322225107147 -0.076621602925863508 -0.17452098133733743 0.21833331321348384 -0.21124187910801398 -0.024390327939039554 -0.14262022023142934 -0.11761789263034966 -0.053985398724526415 -0.045933024443182854 0.070152924034537573 -0.12129418057454569
leaf_weight=1372 164 4616 248 276 192 21968 520 372 1436 380 571680 1096 296 1988 212 2432 276 212 2336 3016 13736 904
leaf_count=1372 164 4616 248 276 192 21968 520 372 1436 380 571680 1096 296 1988 212 2432 276 212 2336 3016 13736 904
internal_value=-3.53723e-05 -0.0010941 -0.000443847 -0.000864771 -0.000668246 -0.00083768 -0.00859019 -0.00115756 -0.0004654 -2.61745e-05 2.01554e-05 0.00155568 0.000886095 0.00714261 0.010361 -0.00409322 -0.0037156 0.00464286 0.00175345 0.00235853 0.00317512 0.00352821
internal_weight=629728 31380 26764 25392 25116 24924 1140 620 23784 22348 598348 26668 23816 2852 2200 3528 652 376 20288 17952 14936 14640
internal_count=629728 31380 26764 25392 25116 24924 1140 620 23784 22348 598348 26668 23816 2852 2200 3528 652 376 20288 17952 14936 14640
cat_boundaries=0 1
cat_threshold=1
is_linear=0
shrinkage=0.045


Tree=168
num_leaves=23
num_cat=4
split_feature=17 5 17 5 18 1 17 18 5 10 17 17 5 1 18 2 7 15 1 15 17 2
split_gain=17.956 87.298 84.4134 63.8418 59.9716 55.2441 62.175 38.7248 64.2317 33.5353 31.0026 30.2451 27.6818 27.3892 38.5809 27.1248 29.2797 24.4866 23.4625 23.3422 23.1611 35.0713
threshold=0.46499999999999991 0 10.495000000000001 1 -0.22000000000000039 20.250000000000004 -8.2149999999999999 2.2300000000000018 2 5.7258828959067705 11.020000000000003 -57.42499999999999 3 16.000000000000004 -0.80000000000000016 29.500000000000004 21.765000000000004 37.095000000000006 19.000000000000004 1049.3950000000002 41.384999999999998 119.50000000000001
decision_type=8 1 10 1 10 2 10 10 1 2 10 10 1 2 10 2 2 10 2 10 10 2
left_child=3 2 -2 11 5 6 -5 9 10 15 -9 18 -8 -4 -15 -3 -17 -12 -1 -10 -11 -22
right_child=1 7 13 4 -6 -7 12 8 19 20 17 -13 -14 14 -16 16 -18 -19 -20 -21 21 -23
leaf_value=-0.23328499178177106 -0.0089170572719101185 0.035158105816948865 -0.076964846364991818 -0.057633336704708459 0.007423418543141473 0.0037911307720188392 -0.001862203245461229 0.020783922606647312 0.0006538332075770373 -0.0040457930322531366 0.50263173018889118 0.011571009365459023 -0.016816767097908216 -0.18044666040636939 -0.27131499380606083 -0.036047310699829083 -0.18121408739358227 0.24644151397249209 0.80470226751231821 -25.018933687685735 1.0922766676823239 0.12987009267822905
leaf_weight=498 58169 1296 5355 18369 86220 68034 55204 27673 69920 96258 3129 82698 27602 4651 4114 7974 339 4339 1947 362 1185 4392
leaf_count=498 58169 1296 5355 18369 86220 68034 55204 27673 69920 96258 3129 82698 27602 4651 4114 7974 339 4339 1947 362 1185 4392
internal_value=-3.10133e-05 -0.000291795 -0.00164593 0.000190399 -0.000165332 -0.000657537 -0.00132429 0.000159663 0.000777923 -0.000425183 0.00234838 0.00125744 -0.000798836 -0.00476703 -0.00631601 -0.00296613 -0.0039101 0.00492169 0.00618819 -7.68202e-06 -0.00018537 0.00263354
internal_weight=629728 289156 72289 340572 255429 169209 101175 216867 105423 111444 35141 85143 82806 14120 8765 9609 8313 7468 2445 70282 101835 5577
internal_count=629728 289156 72289 340572 255429 169209 101175 216867 105423 111444 35141 85143 82806 14120 8765 9609 8313 7468 2445 70282 101835 5577
cat_boundaries=0 1 2 3 4
cat_threshold=1 1 8 6
is_linear=0
shrinkage=0.045


Tree=169
num_leaves=23
num_cat=5
split_feature=7 2 2 2 2 2 2 4 2 4 4 0 2 12 2 2 2 2 4 4 2 12
split_gain=17.7188 65.7044 81.7344 165.674 123.224 119.948 121.108 87.5544 85.953 83.3485 70.5451 69.3488 66.0856 81.1107 63.3858 68.5562 117.408 127.994 142.546 109.742 150.501 89.0353
threshold=15.145000000000001 359.50000000000006 269.50000000000006 263.50000000000006 260.50000000000006 308.50000000000006 301.50000000000006 0 317.50000000000006 1 2 0.43303845822811132 275.50000000000006 2.5000000000000004 127.50000000000001 169.50000000000003 195.50000000000003 185.50000000000003 3 4 328.50000000000006 14.500000000000002
decision_type=2 2 2 2 2 2 2 1 2 1 1 2 2 2 2 2 2 2 1 1 2 2
left_child=14 2 3 4 9 6 12 -5 -7 -2 -8 -9 13 -4 -1 -16 17 -17 -19 20 21 -18
right_child=1 -3 5 7 -6 8 10 11 -10 -11 -12 -13 -14 -15 15 16 19 18 -20 -21 -22 -23
leaf_value=-0.0055626655609556253 -0.016689880778678192 0.23700564505618657 -0.25566457635406953 0.11152679034553868 -0.083680410269829586 0.11821732148623509 -0.033842458335800345 -0.038946532412801549 -0.0090405158404292633 0.0054752909030215827 -0.12125916393416951 0.1074816345661356 -0.012113221134240947 -0.029703051058173419 0.030606927914149783 0.0023915168516347824 0.054443144700618618 0.0054988729496451968 -0.11548734088475358 -0.00080528364525405739 -0.014648807726239447 -0.0062811590980998882
leaf_weight=186860 51412 960 1032 2016 1536 4128 2400 1104 25056 139968 4224 3504 15648 2040 34464 9120 24528 2592 4608 94176 12960 5392
leaf_count=186860 51412 960 1032 2016 1536 4128 2400 1104 25056 139968 4224 3504 15648 2040 34464 9120 24528 2592 4608 94176 12960 5392
internal_value=-3.51579e-05 -0.000324491 -0.000368934 5.29964e-05 -0.000187308 -0.00191289 -0.00417758 0.0070495 5.39642e-05 -8.53529e-05 -0.00940613 0.00359416 -0.00232667 -0.00835882 0.000161769 0.00074552 0.000337988 -0.00326982 -0.0077541 0.000767631 0.00265434 0.00440946
internal_weight=629728 255028 254068 199540 192916 54528 25344 6624 29184 191380 6624 4608 18720 3072 374700 187840 153376 16320 7200 137056 42880 29920
internal_count=629728 255028 254068 199540 192916 54528 25344 6624 29184 191380 6624 4608 18720 3072 374700 187840 153376 16320 7200 137056 42880 29920
cat_boundaries=0 1 2 3 4 5
cat_threshold=104 80 20 12 65
is_linear=0
shrinkage=0.045


Tree=170
num_leaves=23
num_cat=3
split_feature=10 8 2 4 8 1 9 12 1 2 8 4 1 13 2 9 2 4 7 12 2 7
split_gain=18.6688 47.6002 66.3798 84.5836 98.5263 90.8826 90.2794 80.2404 109.994 72.955 85.8402 85.5522 65.8202 63.7779 58.4075 70.0587 54.9175 71.9902 54.0632 53.7791 75.4397 124.076
threshold=9.8273971060640513 56.140000000000008 66.500000000000014 0 66.100000000000009 12.000000000000002 28.346875000000004 2.5000000000000004 18.500000000000004 47.500000000000007 103.90500000000002 1 7.5000000000000009 10.865000000000004 29.500000000000004 67.106250000000003 61.500000000000007 2 10.335000000000003 -3.4999999999999996 57.500000000000007 8.6100000000000012
decision_type=2 2 2 1 2 2 2 2 2 2 2 1 2 2 2 2 2 1 2 2 2 2
left_child=-1 19 3 5 -5 12 -6 8 -4 10 11 -8 -3 -12 15 -15 17 -11 -7 -2 21 -21
right_child=1 2 7 4 6 18 9 -9 -10 16 13 -13 -14 14 -16 -17 -18 -19 -20 20 -22 -23
leaf_value=0.0031066082580807398 0.014742209361690314 0.1514962855648056 -0.077340746309070021 0.06043448472079805 -0.084048574696790793 -0.11757910027490955 -0.066198695386894435 0.0024866748007636311 -0.0030771946875517739 1.2724722171019394 -0.13743968956082914 0.085335445835898388 -0.10781973031202371 -0.12857709318258864 -0.41199722530687571 0.26203637543256514 0.0083484946101930625 0.084248568104624152 0.22699650210158703 -0.019887465494762113 -0.010936975741456391 -0.13202181023222101
leaf_weight=224748 10476 1290 35992 11808 3648 336 3264 190952 67428 1152 2436 7872 774 2452 1380 2948 4320 2976 1728 8328 37516 5904
leaf_count=224748 10476 1290 35992 11808 3648 336 3264 190952 67428 1152 2436 7872 774 2452 1380 2948 4320 2976 1728 8328 37516 5904
internal_value=-3.63727e-05 -0.000218899 -1.10282e-05 0.0015336 0.000957577 0.00768478 -0.000323112 -0.000264918 -0.00127444 0.000521839 -0.000937408 0.00172113 0.00102372 -0.00414949 -0.00190431 0.000208256 0.00403669 0.00774697 0.0143756 -0.0013639 -0.00195913 -0.00474849
internal_weight=629728 404980 342756 48384 44256 4128 32448 294372 103420 28800 20352 11136 2064 9216 6780 5400 8448 4128 2064 62224 51748 14232
internal_count=629728 404980 342756 48384 44256 4128 32448 294372 103420 28800 20352 11136 2064 9216 6780 5400 8448 4128 2064 62224 51748 14232
cat_boundaries=0 1 2 3
cat_threshold=32 20 68
is_linear=0
shrinkage=0.045


Tree=171
num_leaves=23
num_cat=2
split_feature=10 9 2 2 4 10 2 4 13 13 2 2 2 2 17 7 2 16 15 7 7 2
split_gain=17.9013 48.8546 67.2876 67.6555 64.5363 44.1028 50.6062 49.8454 67.3469 44.9624 42.4817 39.4064 81.9956 62.2603 44.6928 38.4335 37.8291 39.0289 37.523 58.9745 37.1654 36.8073
threshold=85.123579179629644 122.39708333333336 219.50000000000003 121.50000000000001 0 59.52727226097258 302.50000000000006 1 1.5399999999999998 13.915000000000004 303.50000000000006 223.50000000000003 221.50000000000003 231.50000000000003 -129.61499999999998 23.835000000000004 229.50000000000003 12.485000000000001 17.975000000000005 17.995000000000001 23.015000000000004 175.50000000000003
decision_type=2 2 2 2 1 2 2 1 2 2 2 2 2 2 8 2 2 8 8 2 2 2
left_child=5 2 3 -2 -5 -1 7 9 -9 -7 -8 12 -3 18 -14 16 -4 -18 -13 -20 21 -6
right_child=1 11 15 4 20 6 10 8 -10 -11 -12 13 14 -15 -16 -17 17 -19 19 -21 -22 -23
leaf_value=-0.00032238726901868964 0.13243636327415606 0.011253185835940356 0.051766831640061392 -0.10535743032852114 0.0097159252687673333 -0.070364190885362679 -0.41207954251719475 0.048926853500485229 0.030508402381043968 0.17840134072399344 0.41190051053918558 -0.1162084123664468 -0.80972114034959508 0.011319258726575196 0.1568702193955917 0.34010558495630799 0.051197644832422749 -0.01848838188667665 0.02862447732088131 -0.09398652852383671 -0.16682336236557338 -0.042045908920113936
leaf_weight=563876 1248 10656 1536 2208 2784 1160 384 2368 11068 1240 192 388 124 8736 1316 576 228 8988 1436 2688 768 5760
leaf_count=563876 1248 10656 1536 2208 2784 1160 384 2368 11068 1240 192 388 124 8736 1316 576 228 8988 1436 2688 768 5760
internal_value=-3.35858e-05 -0.000855548 -0.00230621 -0.00454581 -0.00562402 3.64473e-05 0.00233581 0.00281286 0.00387827 -0.00315299 -0.0107439 0.000523751 0.00238056 -0.0011717 0.0124515 0.000218447 -0.000389158 -0.00147917 -0.005463 -0.00419898 -0.00396718 -0.00311725
internal_weight=629728 49440 24096 12768 11520 580288 16412 15836 13436 2400 576 25344 12096 13248 1440 11328 10752 9216 4512 4124 9312 8544
internal_count=629728 49440 24096 12768 11520 580288 16412 15836 13436 2400 576 25344 12096 13248 1440 11328 10752 9216 4512 4124 9312 8544
cat_boundaries=0 1 2
cat_threshold=34 12
is_linear=0
shrinkage=0.045


Tree=172
num_leaves=23
num_cat=3
split_feature=2 12 7 4 16 12 3 4 2 15 13 10 13 7 1 2 7 15 1 2 18 16
split_gain=17.5728 64.3262 60.1892 87.6613 63.6948 62.4969 54.6375 47.6161 80.6992 58.0811 57.9378 45.3594 39.7766 38.9948 36.585 36.0595 49.9736 83.6808 63.2926 38.4687 43.0394 36.36
threshold=8.5000000000000018 8.5000000000000018 18.195000000000004 0 4.6750000000000007 1.0000000180025095e-35 1 2 2.5000000000000004 26.335000000000004 13.460000000000004 8.085383969363054 2.5200000000000014 15.325000000000001 11.250000000000002 6.5000000000000009 13.105000000000002 15.275 5.2500000000000009 4.5000000000000009 -0.65999999999999981 55.305000000000007
decision_type=2 2 2 1 10 2 1 1 2 10 2 2 2 2 2 2 2 10 2 2 10 10
left_child=1 2 3 5 -5 11 -4 8 -3 -9 -10 14 -13 -7 -1 16 18 -18 -6 20 -20 -19
right_child=-2 7 6 4 15 13 -8 9 10 -11 -12 12 -14 -15 -16 -17 17 21 19 -21 -22 -23
leaf_value=-0.069936436595983711 -0.00076763891655998726 -0.088867202580910534 0.072443315613308024 -0.035595431820733256 0.26194596264086811 -0.10561769410426246 -0.066981027380372482 -0.18680188248576429 0.19300664974309437 0.12496913498594729 -0.042163560415673325 0.058116399760551045 -0.044451721735599456 0.051108395249100672 0.14824514691675444 0.30573505352242331 -0.059422188630826225 0.13770336368223765 -0.05630407545335378 -0.1592563041024066 0.14733818039946597 -0.12243704569907107
leaf_weight=102 611296 1152 1104 980 315 1240 2040 1480 884 328 492 144 1044 232 614 1064 248 2260 1187 327 1055 140
leaf_count=102 611296 1152 1104 980 315 1240 2040 1480 884 328 492 144 1044 232 614 1064 248 2260 1187 327 1055 140
internal_value=-3.11562e-05 0.00133775 0.0028121 0.00438744 0.00706906 -0.00164699 -0.00267483 -0.00345436 0.000549213 -0.009 0.00790276 0.00373033 -0.00166387 -0.00860923 0.0126602 0.00866854 0.00720455 0.011666 0.00310291 0.000761377 0.00286765 0.0142381
internal_weight=629728 18432 14096 10952 7576 3376 3144 4336 2528 1808 1376 1904 1188 1472 716 6596 5532 2648 2884 2569 2242 2400
internal_count=629728 18432 14096 10952 7576 3376 3144 4336 2528 1808 1376 1904 1188 1472 716 6596 5532 2648 2884 2569 2242 2400
cat_boundaries=0 1 2 3
cat_threshold=20 193 29
is_linear=0
shrinkage=0.045


Tree=173
num_leaves=23
num_cat=6
split_feature=17 5 17 5 18 1 18 4 2 18 5 4 2 2 7 2 8 2 4 14 2 2
split_gain=17.4462 104.415 68.4539 64.2546 65.4103 42.2177 50.0718 33.002 40.3741 32.8097 55.0249 31.8891 38.6832 38.0586 30.441 46.8175 46.601 44.5508 33.1456 30.8749 28.6751 27.6561
threshold=0.46499999999999991 0 19.845000000000002 1 -0.020000000000000902 21.500000000000004 -7.9499999999999966 2 257.50000000000006 3.6299999999999977 3 4 339.50000000000006 359.50000000000006 5.9350000000000014 258.50000000000006 28.925000000000004 273.50000000000006 5 2.9099999999999988 243.50000000000003 332.50000000000006
decision_type=10 1 10 1 10 2 10 1 2 10 1 1 2 2 2 2 2 2 1 2 2 2
left_child=3 2 -2 -1 5 6 -5 8 -7 11 -11 12 21 -14 16 20 -13 18 -17 -19 -16 -3
right_child=1 9 -4 4 -6 7 -8 -9 -10 10 -12 14 13 -15 15 17 -18 19 -20 -21 -22 -23
leaf_value=0.0078273325188817945 -0.015140087705438485 0.0099530618955074052 -0.33898442237135179 -0.09635566674186978 0.0086206360197390048 0.010208461650172168 -0.0088356060995842742 -0.0044670941829341492 0.077437648744441256 0.044684241484423473 0.0010748850297882721 -0.064207253005686887 -0.064798528691743504 0.12596788434072581 -0.023616339958411937 0.06477647438698253 0.033886008193595843 0.22666834779834225 0.009066888922071142 -0.012670453951986339 -0.049090864521874403 0.12689930386424711
leaf_weight=183406 57839 45099 7890 14530 52950 7120 80666 25758 2382 27643 55286 2100 1977 633 36933 1398 8112 2493 1437 11100 2121 855
leaf_count=183406 57839 45099 7890 14530 52950 7120 80666 25758 2382 27643 55286 2100 1977 633 36933 1398 8112 2493 1437 11100 2121 855
internal_value=-2.86551e-05 -0.000308423 -0.00186151 0.000171872 -0.000423704 -0.000965138 -0.0014578 0.000364982 0.00262981 0.00020937 0.00089071 -0.000285139 0.00058918 -0.00473775 -0.000931422 -0.00134715 0.00132612 0.00066829 0.0057975 -0.00040217 -0.00219493 0.000892049
internal_weight=629728 262916 65729 366812 183406 130456 95196 35260 9502 197187 82929 114258 48564 2610 65694 55482 10212 16428 2835 13593 39054 45954
internal_count=629728 262916 65729 366812 183406 130456 95196 35260 9502 197187 82929 114258 48564 2610 65694 55482 10212 16428 2835 13593 39054 45954
cat_boundaries=0 1 2 3 4 5 6
cat_threshold=1 3 48 8 14 65
is_linear=0
shrinkage=0.045


Tree=174
num_leaves=23
num_cat=4
split_feature=3 0 16 12 2 9 9 2 4 2 7 7 2 2 7 2 2 2 10 9 4 4
split_gain=17.2144 35.9917 31.4901 26.3644 30.0768 67.3579 49.3814 39.4893 51.1273 27.9756 25.0289 28.943 27.9553 52.2573 53.6221 52.5731 35.8097 29.7412 26.4056 42.6328 38.9042 25.4969
threshold=0 0.97309172153472911 -1.0000000180025095e-35 -9.4999999999999982 31.500000000000004 14.463958333333334 14.6525 41.500000000000007 1 39.500000000000007 9.5850000000000026 35.860000000000007 205.50000000000003 175.50000000000003 19.745000000000001 159.50000000000003 167.50000000000003 157.50000000000003 39.850298386553753 62.506250000000016 2 3
decision_type=1 2 8 2 2 2 2 2 1 2 2 2 2 2 2 2 2 2 2 2 1 1
left_child=2 3 -1 4 6 -6 -2 8 -7 -10 -3 12 13 15 -15 17 -17 18 -12 21 -21 -20
right_child=1 10 -4 -5 5 7 -8 -9 9 -11 11 -13 -14 14 -16 16 -18 -19 19 20 -22 -23
leaf_value=0.029299023679887366 -0.18018374726787814 0.22047952839699875 -0.0045250874618701538 0.0019223910160939351 0.18092178189701269 -0.21112258584482246 0.085211532402744705 0.0096811375727347045 0.03296442620535147 -0.24640197886614182 -0.065147122679682742 0.18106279360047342 -0.060469461400712493 -0.38527481479852949 0.83274834487567395 0.68687327851630631 -0.079280681705299838 -0.55341401764368581 -0.30925266573107163 1.0997507897449277 -0.5864030553806826 -0.88967860411901123
leaf_weight=1888 432 2904 234260 341292 804 504 5584 9120 744 220 5668 2212 14608 3852 448 1216 1356 456 436 652 344 728
leaf_count=1888 432 2904 234260 341292 804 504 5584 9120 744 220 5668 2212 14608 3852 448 1216 1356 456 436 652 344 728
internal_value=-2.91554e-05 0.00015309 -0.000332889 0.000287286 0.0019954 0.000635861 0.00456879 -0.000318697 -0.00716327 -0.000968238 -0.00122685 -0.00159016 -0.00195928 -0.0033131 -0.00751046 -0.00164948 0.00396853 -0.00339428 -0.00274138 -0.00697271 -0.000135271 -0.012813
internal_weight=629728 393580 236148 358700 17408 11392 6016 10588 1468 964 34880 31976 29764 15156 4300 10856 2572 8284 7828 2160 996 1164
internal_count=629728 393580 236148 358700 17408 11392 6016 10588 1468 964 34880 31976 29764 15156 4300 10856 2572 8284 7828 2160 996 1164
cat_boundaries=0 1 2 3 4
cat_threshold=137 96 69 17
is_linear=0
shrinkage=0.045


Tree=175
num_leaves=23
num_cat=4
split_feature=17 14 4 1 2 16 2 2 4 10 2 15 7 2 4 3 12 2 12 14 7 7
split_gain=17.0435 24.976 33.2558 17.3607 31.3544 16.9443 42.9048 45.6585 40.6714 41.7484 40.0683 40.0312 49.2788 62.3072 53.7659 39.1466 49.1717 48.9964 36.6526 50.3728 39.3209 36.5442
threshold=383.40000000000015 913.22500000000014 0 18.500000000000004 231.50000000000003 8.9850000000000012 364.50000000000006 16.500000000000004 1 6.8238256323979671 361.50000000000006 5.9850000000000012 3.0250000000000004 8.5000000000000018 2 3 -17.499999999999996 328.50000000000006 4.5000000000000009 57.475000000000016 2.5450000000000004 2.2050000000000005
decision_type=10 2 1 2 2 8 2 2 1 2 2 8 2 2 1 1 2 2 2 2 2 2
left_child=5 3 -3 -2 -5 6 7 8 9 -1 -9 -7 13 -13 -15 21 -17 18 19 20 -18 -16
right_child=1 2 -4 4 -6 11 -8 10 -10 -11 -12 12 -14 14 15 16 17 -19 -20 -21 -22 -23
leaf_value=-0.27286620860322852 -12.04819616325061 13.886323771554411 -5.5810212925300844 -7.1934039915938941 13.787075704632565 -0.056083944856705911 -0.17192265982770222 -0.0043552362895299384 -0.1883569531493621 0.054210484944090996 0.26279267193993244 0.22987118006386198 -0.00012444931788924306 -0.044004518298401518 0.018144783473307596 -0.15561044173081476 0.031005978366238231 -0.20134758033228567 0.09291731489074187 -0.18063487453102811 0.17975950614381658 -0.64054009962215785
leaf_weight=660 676 400 324 510 362 4832 396 27392 1768 856 268 1384 567304 3144 5756 144 6744 248 4176 344 1500 540
leaf_count=660 676 400 324 510 362 4832 396 27392 1768 856 268 1384 567304 3144 5756 144 6744 248 4176 344 1500 540
internal_value=-2.94412e-05 -0.00391821 0.00297521 -0.00714194 -0.00293478 -1.53476e-05 -0.00103519 -0.000846313 -0.00586123 -0.000412304 -0.000250524 3.82726e-05 7.16151e-05 0.00206968 0.00150146 0.00238363 0.00377962 0.00407331 0.00445911 0.00277648 0.00348169 -0.000535035
internal_weight=629728 2272 724 1548 872 627456 31340 30944 3284 1516 27660 596116 591284 23980 22596 19452 13156 13012 12764 8588 8244 6296
internal_count=629728 2272 724 1548 872 627456 31340 30944 3284 1516 27660 596116 591284 23980 22596 19452 13156 13012 12764 8588 8244 6296
cat_boundaries=0 1 2 3 4
cat_threshold=105 37 1 128
is_linear=0
shrinkage=0.045


Tree=176
num_leaves=23
num_cat=4
split_feature=17 14 4 3 18 7 9 14 2 2 4 9 1 10 9 2 2 12 4 10 1 2
split_gain=17.5698 19.4548 25.8824 15.939 29.3896 33.074 41.2574 36.9865 36.324 34.7005 33.2341 58.0232 49.7612 47.3442 49.173 45.8312 69.7755 44.1766 40.6878 40.5144 39.3676 39.1254
threshold=383.40000000000015 913.22500000000014 0 1 -2.6399999999999988 19.675000000000004 38.965045289855077 121.18000000000002 6.5000000000000009 109.50000000000001 2 89.106666666666669 7.7500000000000009 10.769110823565429 25.985000000000003 89.500000000000014 177.50000000000003 15.500000000000002 3 5.5788980343238519 11.000000000000002 247.50000000000003
decision_type=10 2 1 1 8 2 2 2 2 2 1 2 2 2 2 2 2 2 1 2 2 2
left_child=3 -2 -3 -1 -5 6 -6 -8 -7 -9 11 -10 -13 14 -12 -15 17 -17 19 -16 -20 -14
right_child=1 2 -4 4 5 8 7 9 10 -11 13 12 21 15 18 16 -18 -19 20 -21 -22 -23
leaf_value=-0.0035792273918630745 -6.212174589081001 13.261439201834467 -5.329875334366232 -0.0085962311073944347 0.00430558064438912 -0.093182153189451777 -0.046568397644473659 -0.089516926801360044 0.051807473410232001 -0.00051124255349758725 0.55482723748855389 0.024342811585515597 -0.19729427737186345 0.082710694991947525 -0.065162875891779298 -0.18360751138444892 0.016415262651219786 0.055410995066654173 -0.12559196509802636 0.020964698322980556 -0.019303273776238798 1.5774414509099652
leaf_weight=235268 1548 400 324 88960 234372 268 7608 1912 13192 28452 164 1011 1318 4116 448 844 4460 136 1276 2200 1316 135
leaf_count=235268 1548 400 324 88960 234372 268 7608 1912 13192 28452 164 1011 1318 4116 448 844 4460 136 1276 2200 1316 135
internal_value=-2.92268e-05 -0.00397757 0.00210744 -1.49173e-05 0.000160747 0.000371748 0.000213478 -0.00116251 0.00176731 -0.000459395 0.00191211 0.00336035 -0.00297445 0.000393735 -0.0029717 0.00229755 -0.000413451 -0.0112729 -0.00373426 0.000203008 -0.00772465 -0.00830412
internal_weight=629728 2272 724 627456 392188 303228 272344 37972 30884 30364 30616 15656 2464 14960 5404 9556 5440 980 5240 2648 2592 1453
internal_count=629728 2272 724 627456 392188 303228 272344 37972 30884 30364 30616 15656 2464 14960 5404 9556 5440 980 5240 2648 2592 1453
cat_boundaries=0 1 2 3 4
cat_threshold=105 137 7 24
is_linear=0
shrinkage=0.045


Tree=177
num_leaves=23
num_cat=4
split_feature=0 4 7 7 15 2 2 2 2 13 2 4 8 8 2 4 2 2 14 16 4 9
split_gain=18.0681 22.5963 18.9807 23.3364 20.2458 16.9576 181.893 104.762 251.206 122.868 113.512 114.929 120.775 93.8531 92.4265 129.251 83.6364 121.801 94.376 79.6603 78.157 74.3784
threshold=3.7263551950454716 0 16.815000000000001 16.125000000000004 1049.3950000000002 205.50000000000003 207.50000000000003 169.50000000000003 159.50000000000003 80.15000000000002 151.50000000000003 1 46.445000000000007 30.805000000000003 177.50000000000003 2 183.50000000000003 191.50000000000003 17.415000000000006 18.915000000000003 3 20.935000000000006
decision_type=2 1 2 2 10 2 2 2 2 2 2 1 2 2 2 1 2 2 2 8 1 2
left_child=5 -2 3 -3 -4 7 -7 8 10 13 -1 19 -13 -9 -15 16 -16 -18 -19 -12 -8 -17
right_child=1 2 4 -5 -6 6 20 9 -10 -11 11 12 -14 14 15 21 17 18 -20 -21 -22 -23
leaf_value=3.7835254065854415e-06 -0.21175607799988994 -8.6923319243293946 1.6169862974812133 80.9489795761979 -28.671623671696025 0.089939954470032502 0.008019886643811926 -0.1114585806190969 0.064419322257040584 -0.59413374486886283 0.033801569058390615 -0.0019025478543876985 -0.14494210303137353 -0.039146167917624937 0.02498968650943274 0.088824262124516065 -0.095335253499209877 0.41611610929693915 -0.028532867595865631 -0.052670117752919118 -0.0071139658280954315 0.0095857876017060081
leaf_weight=299952 1420 196 140 160 472 3072 139156 1056 15360 4684 2164 1920 3456 10476 1948 960 3816 816 4816 4748 102480 26460
leaf_count=299952 1420 196 140 160 472 3072 139156 1056 15360 4684 2164 1920 3456 10476 1948 960 3816 816 4816 4748 102480 26460
internal_value=-2.99414e-05 -0.00393515 -0.00918367 -0.00100559 -0.0140717 -1.50636e-05 0.000277492 -0.000202164 0.000103021 -0.00201884 -0.000173375 -0.00441212 -0.00933742 -0.00137011 -0.00108543 -7.30331e-05 -0.00409844 -0.00585238 -0.00164537 -0.000565425 0.000139113 0.00160105
internal_weight=629728 2388 968 356 612 627340 244708 382632 327600 55032 312240 12288 5376 50348 49292 38816 11396 9448 5632 6912 241636 27420
internal_count=629728 2388 968 356 612 627340 244708 382632 327600 55032 312240 12288 5376 50348 49292 38816 11396 9448 5632 6912 241636 27420
cat_boundaries=0 1 2 3 4
cat_threshold=29 23 66 99
is_linear=0
shrinkage=0.045


Tree=178
num_leaves=23
num_cat=5
split_feature=7 8 2 4 8 7 12 7 15 1 16 14 2 2 4 4 8 4 2 4 7 13
split_gain=16.374 54.0476 53.166 70.0242 43.7806 40.6632 39.5615 42.1408 35.0816 39.2071 33.5727 32.2815 38.127 30.4311 37.2961 30.1964 29.2262 29.2092 29.1003 49.6806 47.8949 46.2762
threshold=2.5450000000000004 28.645000000000003 16.500000000000004 0 23.105 0.91500000000000015 -15.499999999999998 -0.93499999999999994 7.6550000000000011 12.500000000000002 1.4750000000000003 58.205000000000013 63.500000000000007 38.500000000000007 1 2 48.335000000000008 3 358.50000000000006 4 16.625000000000004 2.2500000000000009
decision_type=2 2 2 1 2 2 2 2 8 2 8 2 2 2 1 1 2 1 2 1 2 2
left_child=1 4 15 10 17 -6 7 -5 9 13 -4 -8 -13 14 -2 -3 -12 -1 -10 21 -21 -20
right_child=8 2 3 6 5 -7 11 -9 18 -11 16 12 -14 -15 -16 -17 -18 -19 19 20 -22 -23
leaf_value=0.045833078382078875 0.17316843693976741 0.16821933534833153 0.03142374757214364 0.21122929420070205 -0.11386195629005115 0.00098127030352108784 0.054871969050118256 -0.1820955248236433 -0.00092691086148916394 -0.065250166361918105 -0.057977329852813946 0.073843061005763974 -0.016717529791751631 0.008913582585644373 -0.20651102394205875 -0.039167152776785896 -0.018742696629741321 -0.074150248048419368 -0.024307877263838509 -0.01210550381829318 0.05924483806749533 0.10902516118767464
leaf_weight=2400 148 2112 832 232 3456 2304 15028 492 570888 3888 2980 296 3348 5712 940 384 3292 576 716 5328 1440 2936
leaf_count=2400 148 2112 832 232 3456 2304 15028 492 570888 3888 2980 296 3348 5712 940 384 3292 576 716 5328 1440 2936
internal_value=-3.11562e-05 0.000877723 0.00181254 0.00122085 -0.00222477 -0.00451406 0.00262005 -0.00768595 -8.90881e-05 -0.00264359 -0.00259907 0.00302185 -0.000777564 -0.000582182 -0.00747248 0.00808847 -0.00372968 0.00220618 -4.21118e-05 0.00231434 2.65487e-05 0.00653384
internal_weight=629728 37732 28996 26500 8736 5760 19396 724 591996 10688 7104 18672 3644 6800 1088 2496 6272 2976 581308 10420 6768 3652
internal_count=629728 37732 28996 26500 8736 5760 19396 724 591996 10688 7104 18672 3644 6800 1088 2496 6272 2976 581308 10420 6768 3652
cat_boundaries=0 1 2 3 4 5
cat_threshold=5 36 97 54 37
is_linear=0
shrinkage=0.045


Tree=179
num_leaves=23
num_cat=4
split_feature=17 14 4 16 2 2 15 2 4 10 15 7 2 4 0 2 3 12 2 12 14 7
split_gain=16.3322 17.0607 19.998 16.227 41.7007 40.3767 36.4335 39.2686 35.6804 38.8359 33.311 43.5204 54.2548 45.3248 35.1424 42.0232 34.3863 48.2327 45.1412 34.1561 46.0978 38.2607
threshold=383.40000000000015 913.22500000000014 0 8.9850000000000012 364.50000000000006 16.500000000000004 18.745000000000001 361.50000000000006 1 6.8238256323979671 5.9850000000000012 3.0250000000000004 8.5000000000000018 2 0.36663097143173223 6.5000000000000009 3 -17.499999999999996 328.50000000000006 4.5000000000000009 57.475000000000016 2.5450000000000004
decision_type=10 2 1 8 2 2 10 2 1 2 8 2 2 1 2 2 1 2 2 2 2 2
left_child=3 -2 -3 4 5 8 7 -7 9 -1 -5 12 14 -14 -12 -16 -15 -18 19 20 21 -19
right_child=1 2 -4 10 -6 6 -8 -9 -10 -11 11 -13 13 16 15 -17 17 18 -20 -21 -22 -23
leaf_value=-0.26156908085546576 -5.8094059217439176 -4.9980807410020436 9.6168508218609485 -0.053784507702695238 -0.16332144914025676 -0.00019621919559234202 -0.11560669803706615 0.26767061398609338 -0.17931488279246499 0.047253930392254929 0.2461479473317566 -0.0001709198054851755 -0.040583692701488462 -0.022043343009630397 -0.089745414760870917 0.43666032605049654 -0.14043018644268929 0.027185112702884762 -0.19279987425653483 0.087372029968777451 -0.17165764695972868 0.17162804641272206
leaf_weight=660 1548 264 460 4832 396 25744 1680 236 1768 856 724 567304 3144 6296 248 412 144 6744 248 4176 344 1500
leaf_count=660 1548 264 460 4832 396 25744 1680 236 1768 856 724 567304 3144 6296 248 412 144 6744 248 4176 344 1500
internal_value=-3.22996e-05 -0.00383905 0.0018595 -1.85032e-05 -0.00101653 -0.000830317 -0.000270046 0.000145485 -0.00554626 -0.000441754 3.39698e-05 6.43851e-05 0.00194208 0.00141185 0.0105844 0.00305891 0.00222179 0.00353015 0.00382089 0.00419121 0.00256694 0.00324157
internal_weight=629728 2272 724 627456 31340 30944 27660 25980 3284 1516 596116 591284 23980 22596 1384 660 19452 13156 13012 12764 8588 8244
internal_count=629728 2272 724 627456 31340 30944 27660 25980 3284 1516 596116 591284 23980 22596 1384 660 19452 13156 13012 12764 8588 8244
cat_boundaries=0 1 2 3 4
cat_threshold=18 37 1 128
is_linear=0
shrinkage=0.045


Tree=180
num_leaves=23
num_cat=3
split_feature=17 16 2 2 0 12 1 7 2 10 2 10 2 7 2 4 3 18 1 4 7 10
split_gain=17.3739 15.7105 39.8661 40.4768 36.2707 80.1288 40.5282 40.5034 36.4296 34.8343 31.658 31.4503 30.2431 55.9029 73.7635 78.4664 69.4249 38.5209 34.7788 58.53 48.605 32.781
threshold=383.40000000000015 8.9850000000000012 364.50000000000006 14.500000000000002 0.094758123159408583 11.500000000000002 11.750000000000002 0.91500000000000015 361.50000000000006 7.976118823153139 103.50000000000001 4.1304393559524266 8.5000000000000018 18.195000000000004 6.5000000000000009 0 1 3.8149999999999999 11.000000000000002 2 25.405000000000005 5.1539799495395107
decision_type=10 8 2 2 2 2 2 2 2 2 2 2 2 2 2 1 1 8 2 1 2 2
left_child=1 2 3 -1 6 8 7 9 11 -5 -11 -6 13 14 15 17 -15 -3 19 -18 -20 -17
right_child=-2 12 -4 4 5 -7 -8 -9 -10 10 -12 -13 -14 16 -16 21 18 -19 20 -21 -22 -23
leaf_value=-0.10657615442981756 -3.2288140711021365 0.073934771128100513 -0.15597198392894521 -0.030919810820528585 0.13874357502817536 0.032965722821139132 0.019844431604607381 -0.042414614256819236 0.20766589236606531 0.13140503128145489 -3.0483468968040409e-05 -0.061365531138788253 -0.00021267898691264067 0.14771627829789238 0.26768644819638748 0.067327937122961312 0.0014836437043968087 -0.015735921367866154 -0.044947600697092048 -0.16069237761088068 0.18588586049960767 -0.015486212550476873
leaf_weight=2828 2272 3640 396 951 172 6924 4146 3011 212 1151 841 10708 579484 960 1172 360 528 1008 1248 792 312 6612
leaf_count=2828 2272 3640 396 951 172 6924 4146 3011 212 1151 841 10708 579484 960 1172 360 528 1008 1248 792 312 6612
internal_value=-3.15135e-05 -1.7284e-05 -0.000999298 -0.00081723 -0.000300875 -0.00151099 0.00185755 -0.000521323 -0.00388183 0.00323175 0.00661234 -0.00424279 3.43472e-05 0.00192618 0.00335548 0.00226897 -0.00283446 0.00678863 -0.00631743 -0.0117095 -0.00178617 -0.000753866
internal_weight=629728 627456 31340 30944 28116 18016 10100 5954 11092 2943 1992 10880 596116 16632 12792 11620 3840 4648 2880 1320 1560 6972
internal_count=629728 627456 31340 30944 28116 18016 10100 5954 11092 2943 1992 10880 596116 16632 12792 11620 3840 4648 2880 1320 1560 6972
cat_boundaries=0 1 2 3
cat_threshold=42 192 66
is_linear=0
shrinkage=0.045


Tree=181
num_leaves=23
num_cat=5
split_feature=17 5 17 5 18 5 18 17 18 5 4 7 2 2 2 1 1 2 2 14 2 8
split_gain=16.1542 98.3474 59.6762 45.296 49.7304 46.0785 43.9934 39.0643 35.8904 43.1342 37.0554 51.3776 43.2661 45.7074 42.4827 44.6499 31.1613 29.6907 41.5116 31.3087 30.3511 28.137
threshold=1.1400000000000017 0 23.025000000000002 1 1.6299999999999997 2 -24.94499999999999 -1.5050000000000006 6.8400000000000016 3 4 6.8050000000000006 339.50000000000006 113.50000000000001 105.50000000000001 17.500000000000004 15.250000000000002 257.50000000000006 243.50000000000003 1.5349999999999968 32.500000000000007 48.335000000000008
decision_type=10 1 10 1 10 1 8 10 10 1 1 2 2 2 2 2 2 2 2 2 2 2
left_child=3 2 -2 7 5 -5 -7 -1 10 -10 12 -12 13 14 15 -3 -11 18 20 -19 21 -13
right_child=1 8 -4 4 -6 6 -8 -9 9 16 11 17 -14 -15 -16 -17 -18 19 -20 -21 -22 -23
leaf_value=0.021417566438429181 -0.017984463560451174 -0.024061756706389211 -0.41067798404491868 0.00044926096478390131 0.01272089904425272 -0.37834160202375322 -0.0091268815040832906 -0.00015812715825085975 0.080405483109230375 0.0288083410783148 0.024526166193259247 0.12679576221944983 -0.0514021216348821 0.021818450822141813 -0.12506851310950512 0.09968127948445589 -0.023904844533128404 0.27562691889117591 -0.078340721532244764 -0.0087215354469991659 -0.035856608981329773 -0.051455590938696005
leaf_weight=56662 48492 16626 6787 174508 44697 2861 84393 45491 17116 16314 8538 1593 3453 39255 1521 5427 17918 2067 1050 9360 24285 1314
leaf_count=56662 48492 16626 6787 174508 44697 2861 84393 45491 17116 16314 8538 1593 3453 39255 1521 5427 17918 2067 1050 9360 24285 1314
internal_value=-3.04416e-05 -0.000340271 -0.00198382 0.00013722 -0.000136334 -0.000373218 -0.00121748 0.000957789 0.000207704 0.0011962 -0.00023563 -0.00118475 0.000454792 0.000724443 -0.000841746 -0.000339719 0.000273333 -0.00186654 -0.00264959 6.89037e-05 -0.00231007 0.0020342
internal_weight=629728 221116 55279 408612 306459 261762 87254 102153 165837 51348 114489 48207 66282 62829 23574 22053 34232 39669 28242 11427 27192 2907
internal_count=629728 221116 55279 408612 306459 261762 87254 102153 165837 51348 114489 48207 66282 62829 23574 22053 34232 39669 28242 11427 27192 2907
cat_boundaries=0 1 2 3 4 5
cat_threshold=1 1 6 8 15
is_linear=0
shrinkage=0.045


Tree=182
num_leaves=23
num_cat=2
split_feature=10 8 2 4 2 2 2 7 13 4 1 7 10 7 2 2 2 8 2 2 2 2
split_gain=15.1745 52.3438 44.6929 39.2906 57.4451 54.8841 66.7599 56.9855 53.5225 52.4758 70.7212 50.7724 101.578 81.6845 78.1532 155.743 89.1072 83.7357 73.7993 102.28 67.4665 90.1911
threshold=11.549442035894929 54.295000000000009 12.500000000000002 0 8.5000000000000018 14.500000000000002 24.500000000000004 8.3050000000000015 11.735000000000005 1 8.5000000000000018 17.795000000000005 345.98309967211878 16.415000000000003 336.50000000000006 269.50000000000006 205.50000000000003 146.14000000000001 245.50000000000003 273.50000000000006 205.50000000000003 189.50000000000003
decision_type=2 2 2 1 2 2 2 2 2 1 2 2 2 2 2 2 2 2 2 2 2 2
left_child=1 -1 -3 11 -5 -6 7 8 -7 -9 -11 13 14 -2 15 16 17 -13 20 -20 21 -15
right_child=3 2 -4 4 5 6 -8 9 -10 10 -12 12 -14 18 -16 -17 -18 -19 19 -21 -22 -23
leaf_value=-0.00037519218112329014 0.0021828966499039901 -0.034599758507992733 0.02250662494199825 0.1044336177256002 -0.11304336849054787 -0.023620081340189305 -0.010155640156057813 0.12211593043136874 0.52188961524425281 0.09755936989590322 -0.16147435747154351 0.061989180541028033 -0.11657833155292932 -0.0063918564312636815 0.12245360063126817 -0.040602306245580359 0.051841694534465188 -0.034271195833376872 -0.090114564588808094 -0.017116422736302553 0.040314077373261585 -0.09015755461103378
leaf_weight=246532 125512 2784 37948 1248 2592 424 130368 768 1304 442 806 16124 3168 10556 2304 9312 14784 10080 3552 3456 3072 2592
leaf_count=246532 125512 2784 37948 1248 2592 424 130368 768 1304 442 806 16124 3168 10556 2304 9312 14784 10080 3552 3456 3072 2592
internal_value=-2.98699e-05 0.00021132 0.0017057 -0.000232184 -0.000819018 -0.000906873 -0.000781462 0.00514148 0.0111329 0 -0.00567857 0.000163697 0.00132158 -0.000270468 0.00179295 0.00142151 0.00261503 0.00103888 -0.0027217 -0.00657989 -0.00105412 -0.00245703
internal_weight=629728 287264 40732 342464 137952 136704 134112 3744 1728 2016 1248 204512 55772 148740 52604 50300 40988 26204 23228 7008 16220 13148
internal_count=629728 287264 40732 342464 137952 136704 134112 3744 1728 2016 1248 204512 55772 148740 52604 50300 40988 26204 23228 7008 16220 13148
cat_boundaries=0 1 2
cat_threshold=71 32
is_linear=0
shrinkage=0.045


Tree=183
num_leaves=23
num_cat=5
split_feature=17 5 1 5 18 5 18 18 18 5 4 17 2 1 17 17 18 2 2 17 1 17
split_gain=16.0527 91.1521 61.9892 55.7483 47.0294 48.447 46.8414 36.701 30.9635 48.2793 35.2811 32.3633 31.1652 30.1628 29.8098 28.4304 27.3659 26.7502 29.6231 26.0293 22.5688 36.0835
threshold=0.46499999999999991 0 16.000000000000004 1 -0.19999999999999749 2 13.710000000000001 -46.554999999999993 2.2300000000000018 3 4 48.900000000000013 123.50000000000001 20.750000000000004 11.020000000000003 -57.42499999999999 -4.8299999999999992 339.50000000000006 359.50000000000006 23.025000000000002 20.250000000000004 -8.2149999999999999
decision_type=10 1 2 1 10 1 10 8 10 1 1 10 2 2 10 8 10 2 2 10 2 8
left_child=3 2 -2 15 5 20 19 -7 10 14 17 -12 -13 16 -10 -1 -9 -3 -19 -4 21 -5
right_child=1 8 6 4 -6 7 -8 13 9 -11 11 12 -14 -15 -16 -17 -18 18 -20 -21 -22 -23
leaf_value=0.51304487626619899 -0.0081905315694718022 0.020697748960432211 -0.028925826150645848 -0.043841974939007156 0.0062877060157188218 -0.61217752781783308 -0.14811642169269681 -0.072309261872903291 0.017732861961907469 0.00043334007611800507 -0.014589991917908282 2.5530172370640063 0.20339026228009019 -0.00048946281829900123 0.3530183176108338 0.010114454308489881 -0.013100500093297324 -0.076865883476932129 0.19187452815066622 -0.41622738562160738 0.0092716918649590682 -0.00080402840744260963
leaf_weight=2445 45582 24537 11720 12250 87432 1581 5278 7371 27577 70090 62493 666 2820 21673 7468 89258 31934 1143 393 3149 45400 67468
leaf_count=2445 45582 24537 11720 12250 87432 1581 5278 7371 27577 70090 62493 666 2820 21673 7468 89258 31934 1143 393 3149 45400 67468
internal_value=-2.63684e-05 -0.000294731 -0.00174583 0.000165983 -0.000154323 -0.000555909 -0.00382463 -0.00157825 0.00018906 0.000716708 -0.000413562 -0.000967291 0.00325115 -0.00140284 0.00208011 0.00112678 -0.00214599 0.000987637 -0.00476918 -0.00253127 -4.45936e-05 -0.00050069
internal_weight=629728 262916 65729 366812 275109 187677 20147 62559 197187 105135 92052 65979 3486 60978 35045 91703 39305 26073 1536 14869 125118 79718
internal_count=629728 262916 65729 366812 275109 187677 20147 62559 197187 105135 92052 65979 3486 60978 35045 91703 39305 26073 1536 14869 125118 79718
cat_boundaries=0 1 2 3 4 5
cat_threshold=1 1 6 8 10
is_linear=0
shrinkage=0.045


Tree=184
num_leaves=23
num_cat=3
split_feature=11 16 2 2 12 1 2 12 0 2 10 12 4 4 2 8 2 15 7 2 4 0
split_gain=15.1158 16.8039 35.2425 36.59 34.2025 40.1084 33.9485 34.2301 84.4605 41.6444 45.8499 41.029 38.376 34.88 37.8828 60.8751 37.3222 31.2198 40.8213 48.4322 41.7315 34.6728
threshold=0.43750000000000006 8.9850000000000012 364.50000000000006 6.5000000000000009 8.5000000000000018 9.2500000000000018 361.50000000000006 11.500000000000002 0.094758123159408583 167.50000000000003 5.1539799495395107 -13.499999999999998 0 1 41.500000000000007 48.070000000000007 10.500000000000002 5.9850000000000012 3.0250000000000004 8.5000000000000018 2 0.3566883653402329
decision_type=2 8 2 2 2 2 2 2 2 2 2 2 1 1 2 2 2 8 2 2 1 2
left_child=1 2 3 4 5 -1 7 8 9 10 -5 12 -10 -9 16 -16 -15 -3 19 21 -21 -19
right_child=-2 17 -4 6 -6 -7 -8 13 11 -11 -12 -13 -14 14 15 -17 -18 18 -20 20 -22 -23
leaf_value=0.56524588166252587 0.12664116886324411 -0.051898627172797147 -0.14870641179746844 -0.11882682682937704 -0.67360287141579467 -0.092036339066248821 0.22564952584268244 0.064231210106458214 -0.07252308493677459 -0.024196620303602461 0.018131926506516471 -0.06448850110167352 0.21822521867861946 0.2633471799279144 0.080163700244302569 -0.052546626277668755 -0.18197629014549513 0.22742741867675506 -0.00029778860368744433 -0.038723351603429948 0.037310247418631544 0.02861153879967239
leaf_weight=126 288 4808 396 256 628 586 268 3728 156 1248 5404 11064 360 128 3020 2760 984 704 569568 3144 19424 680
leaf_count=126 288 4808 396 256 628 586 268 3728 156 1248 5404 11064 360 128 3020 2760 984 704 569568 3144 19424 680
internal_value=-3.00129e-05 -3.47451e-05 -0.00105435 -0.000881893 -0.00814829 -0.00138655 -0.000549901 -0.000697183 -0.00186668 0.00207091 0.00371159 -0.00421559 0.00816602 0.00133873 -0.000560545 0.000902802 -0.00815978 1.82759e-05 4.75383e-05 0.00186733 0.00136575 0.0100325
internal_weight=629728 629440 31112 30716 1340 712 29376 29108 18488 6908 5660 11580 516 10620 6892 5780 1112 598328 593520 23952 22568 1384
internal_count=629728 629440 31112 30716 1340 712 29376 29108 18488 6908 5660 11580 516 10620 6892 5780 1112 598328 593520 23952 22568 1384
cat_boundaries=0 1 2 3
cat_threshold=10 44 1
is_linear=0
shrinkage=0.045


Tree=185
num_leaves=23
num_cat=3
split_feature=0 14 17 16 4 2 2 2 2 4 2 2 7 8 9 10 1 8 8 9 2 4
split_gain=15.5334 45.6656 42.5108 36.0931 54.557 52.4443 49.7829 70.9752 69.4611 71.1916 61.2234 84.7613 63.1088 55.1359 63.8489 57.0025 55.494 52.7582 49.8398 50.2045 44.3789 71.8416
threshold=0.36663097143173223 3151.5450000000005 4.1449999999999969 13.515000000000002 0 4.5000000000000009 22.500000000000004 31.500000000000004 41.500000000000007 1 145.50000000000003 149.50000000000003 16.915000000000003 63.595000000000006 25.146666666666668 8.2359027219180856 6.2500000000000009 72.745000000000019 28.245000000000001 22.701666666666672 335.50000000000006 2
decision_type=2 2 10 8 1 2 2 2 2 1 2 2 2 2 2 2 2 2 2 2 2 1
left_child=1 2 3 20 5 -5 -7 -8 9 -9 -10 -12 13 15 -15 18 17 -16 -13 -20 -1 -22
right_child=-2 -3 -4 4 -6 6 7 8 10 -11 11 12 -14 14 16 -17 -18 -19 19 -21 21 -23
leaf_value=-0.00055058408739899561 -0.0024131140362441458 -0.12543901119682604 -0.058155724927567931 0.063929597373899735 -0.0014333492379815693 -0.056234555035893946 0.075181483157804624 0.093677158848755229 0.043642342267499259 -0.12314533728767582 -0.14214670589103964 0.097405201888840595 0.033474205982394103 -0.051085231914718102 0.049362957465710094 0.034246500143498032 0.013836674289980181 -0.020905489363788034 -0.013762714222512327 0.034179851795534115 0.0091757211536930075 -0.11050421102882682
leaf_weight=75048 412340 228 6712 1080 56564 3620 2172 560 22180 2732 844 1476 4128 2372 679 7896 6487 6338 8208 2668 2880 2516
leaf_count=75048 412340 228 6712 1080 56564 3620 2172 560 22180 2732 844 1476 4128 2372 679 7896 6487 6338 8208 2668 2880 2516
internal_value=-2.79405e-05 0.000279866 0.000301089 0.000413542 0.000877113 0.001686 0.00153914 0.00181003 0.00154867 -0.0048224 0.00188027 0.000851866 0.00114808 0.00054559 -0.00143973 0.00210222 -0.000243225 -0.00301646 0.000193055 -0.000860452 -0.000335629 -0.00427658
internal_weight=629728 217388 217160 210448 130004 73440 72360 68740 66568 3292 63276 41096 40252 36124 15876 20248 13504 7017 12352 10876 80444 5396
internal_count=629728 217388 217160 210448 130004 73440 72360 68740 66568 3292 63276 41096 40252 36124 15876 20248 13504 7017 12352 10876 80444 5396
cat_boundaries=0 1 2 3
cat_threshold=58 2 112
is_linear=0
shrinkage=0.045


Tree=186
num_leaves=23
num_cat=2
split_feature=7 7 2 2 2 10 4 2 12 12 2 4 9 10 2 2 2 15 2 2 18 2
split_gain=15.7981 63.9473 62.5973 143.192 78.1158 97.3392 81.7594 75.2496 72.8894 65.3846 63.8632 65.9732 115.555 97.3398 74.3526 172.708 117.951 79.415 70.5021 110.168 70.9648 62.443
threshold=15.145000000000001 17.265000000000004 269.50000000000006 308.50000000000006 339.50000000000006 7.0336027543087267 0 299.50000000000006 12.500000000000002 3.5000000000000004 266.50000000000006 1 25.511666666666674 5.9282302860299367 89.500000000000014 201.50000000000003 50.500000000000007 41.715000000000011 61.500000000000007 86.500000000000014 -3.7999999999999896 347.50000000000006
decision_type=2 2 2 2 2 2 1 2 2 2 2 1 2 2 2 2 2 10 2 2 8 2
left_child=-1 21 10 7 5 -5 9 -4 -8 -6 11 -3 -13 -14 16 -16 17 -15 20 -20 -18 -2
right_child=1 2 3 4 6 -7 8 -9 -10 -11 -12 12 13 14 15 -17 18 -19 19 -21 -22 -23
leaf_value=0.0017567103652113656 -0.013430350802284269 0.01724134152387222 -0.029676315778548189 0.20285225275459365 0.38423697947534802 0.026850228046769786 -0.085280377785777753 -0.10215617603205161 0.042681237332557333 -0.06639531937411311 0.053683593835428235 0.070608840003342777 -0.078141208975981438 -0.066668722106970543 -0.051716702011123043 0.011466898675956147 -0.0063766651137534269 0.16512806254896392 -0.039584790268250007 0.22430441693732245 0.24947397198026536 0.048193866090933506
leaf_weight=374700 92792 75072 9408 672 676 12096 3168 4992 576 572 4416 3264 2304 4348 14112 12192 904 1604 4508 2016 2360 2976
leaf_count=374700 92792 75072 9408 672 676 12096 3168 4992 576 572 4416 3264 2304 4348 14112 12192 904 1604 4508 2016 2360 2976
internal_value=-2.39388e-05 -0.000297142 0.000255428 -0.0015181 0.00118568 0.00305168 -0.0035863 -0.00485245 -0.00690096 0.00635714 0.000704198 0.000512772 -0.000797497 -0.00139921 -0.000905437 -0.00236923 0.00154078 -0.00345398 0.00457814 0.00187557 0.00997551 -0.00121604
internal_weight=629728 255028 159260 32160 17760 12768 4992 14400 3744 1248 127100 122684 47612 44348 42044 26304 15740 5952 9788 6524 3264 95768
internal_count=629728 255028 159260 32160 17760 12768 4992 14400 3744 1248 127100 122684 47612 44348 42044 26304 15740 5952 9788 6524 3264 95768
cat_boundaries=0 1 2
cat_threshold=97 15
is_linear=0
shrinkage=0.045


Tree=187
num_leaves=23
num_cat=2
split_feature=2 2 4 7 17 17 13 12 13 14 4 9 15 1 0 16 7 8 0 14 17 16
split_gain=16.3245 53.1868 42.4158 45.3265 40.2529 42.612 39.0707 37.5722 39.5042 26.1632 65.5574 30.6599 36.0682 34.2617 25.7568 26.6611 23.0933 21.918 21.8198 45.9787 36.0611 32.0999
threshold=358.50000000000006 356.50000000000006 0 16.625000000000004 -0.020000000000000902 -2.1000000000000001 2.2500000000000009 2.5000000000000004 17.015000000000004 18.82500000000001 1 16.865833333333338 13.075000000000001 16.500000000000004 0.25860780477523809 10.095000000000001 9.1250000000000018 42.310000000000009 0.36663097143173223 3151.5450000000005 4.1449999999999969 21.395000000000003
decision_type=2 2 1 2 10 8 2 2 2 2 1 2 8 2 2 8 2 2 2 2 10 8
left_child=1 18 6 9 5 -3 14 8 -5 10 16 13 17 -11 15 -2 -4 -13 19 20 -1 -20
right_child=2 4 3 7 -6 -7 -8 -9 -10 11 -12 12 -14 -15 -16 -17 -18 -19 21 -21 -22 -23
leaf_value=0.0041690294567446398 0.15269411298352858 -0.11191678377384745 -0.0085242962296205992 -0.076096649483646736 -0.12867628300538955 0.030377314539156253 0.11098872042093855 0.069387408357855215 1.7104550576125233 -0.18432061059978777 -0.038326842792789258 -0.014307488843059794 -0.025955157392291092 0.034146352160418204 0.19156957627944232 -0.08899258617269995 0.61198412607799868 0.056704034250286799 -0.0080503146867212903 -0.11966287657405604 -0.053678860439048764 -0.00032652877632232817
leaf_weight=203572 100 648 196 372 1312 1112 2568 940 128 506 1236 328 3292 138 100 304 616 696 76972 228 6276 328088
leaf_count=203572 100 648 196 372 1312 1112 2568 940 128 506 1236 328 3292 138 100 304 616 696 76972 228 6276 328088
internal_value=-2.22953e-05 -5.3574e-05 0.00165596 5.31915e-06 -0.00595804 -0.00150681 0.00617218 0.00727115 -0.00268924 -0.0014893 0.0027878 -0.00325574 -0.00188629 -0.0123994 -0.00524704 -0.0103079 0.0126153 0.00548246 -2.40678e-05 0.000348085 0.000370122 -0.000217078
internal_weight=629728 618208 11520 8448 3072 1760 3072 1440 500 7008 2048 4960 4316 644 504 404 812 1024 615136 210076 209848 405060
internal_count=629728 618208 11520 8448 3072 1760 3072 1440 500 7008 2048 4960 4316 644 504 404 812 1024 615136 210076 209848 405060
cat_boundaries=0 1 2
cat_threshold=36 17
is_linear=0
shrinkage=0.045


Tree=188
num_leaves=23
num_cat=2
split_feature=7 8 2 4 8 12 7 7 15 2 8 2 2 2 2 2 2 7 14 4 2 2
split_gain=15.1339 45.9275 47.9627 56.1747 40.1818 39.8103 39.3848 34.7257 29.6377 58.0101 55.4468 50.2731 83.156 49.9463 67.9078 49.3022 37.5801 35.5265 34.8606 38.9739 34.6468 44.2789
threshold=2.5450000000000004 28.645000000000003 16.500000000000004 0 23.105 -15.499999999999998 -0.93499999999999994 0.91500000000000015 10.305000000000001 105.50000000000001 154.35000000000005 117.50000000000001 123.50000000000001 103.50000000000001 93.500000000000014 91.500000000000014 113.50000000000001 3.4000000000000008 31.615000000000006 1 82.500000000000014 80.500000000000014
decision_type=2 2 2 1 2 2 2 2 8 2 2 2 2 2 2 2 2 2 2 1 2 2
left_child=1 4 -3 -4 -1 6 -5 -6 9 10 13 16 -13 14 15 20 -11 -14 19 -19 21 -2
right_child=8 2 3 5 7 -7 -8 -9 -10 11 -12 12 17 -15 -16 -17 -18 18 -20 -21 -22 -23
leaf_value=0.021066930537405017 -0.040913170337672292 0.11356160167995691 -0.022734145900361866 0.19425420702855239 -0.10610843482584352 0.031547861795279644 -0.1705672827753604 0.0005878412000363464 -9.4568129120364825e-05 0.038041521987951098 -0.11783271958292524 -0.13763725673032859 -0.058001329337817716 -0.28960233508199956 0.07847221277798011 -0.19354149101045987 0.24513850813636029 0.083019884576514658 0.038464775367041577 -0.13875810747809414 0.071898730835409597 -0.20657624918661963
leaf_weight=2976 12624 2496 7104 232 3456 18672 492 2304 564864 1568 464 564 524 388 868 336 316 932 5668 1380 1144 356
leaf_count=2976 12624 2496 7104 232 3456 18672 492 2304 564864 1568 464 564 524 388 868 336 316 932 5668 1380 1144 356
internal_value=-2.22953e-05 0.000851487 0.00171322 0.00115123 -0.00200847 0.00240442 -0.00793388 -0.00420167 -7.79901e-05 -0.00153074 -0.00324249 0.000998265 -0.000391951 -0.00278852 -0.00238356 -0.00311783 0.00768293 0.000719492 0.0014658 -0.00318928 -0.00271096 -0.00337275
internal_weight=629728 37732 28996 26500 8736 19396 724 5760 591996 27132 16180 10952 9068 15716 15328 14460 1884 8504 7980 2312 14124 12980
internal_count=629728 37732 28996 26500 8736 19396 724 5760 591996 27132 16180 10952 9068 15716 15328 14460 1884 8504 7980 2312 14124 12980
cat_boundaries=0 1 2
cat_threshold=5 49
is_linear=0
shrinkage=0.045


Tree=189
num_leaves=23
num_cat=1
split_feature=12 2 0 1 15 2 2 7 2 8 9 8 12 2 2 2 7 14 7 4 2 10
split_gain=14.9295 54.1635 71.7547 50.303 72.1517 54.0694 92.8233 70.698 72.2603 60.213 52.2939 50.2928 49.9286 47.6995 47.3358 73.1975 66.6049 65.9978 44.2748 51.8185 73.5372 49.7664
threshold=3.5000000000000004 2.5000000000000004 0.32191133499145513 18.500000000000004 35.545000000000009 195.50000000000003 88.500000000000014 12.765000000000002 351.50000000000006 33.630000000000003 19.032083333333336 33.630000000000003 -9.4999999999999982 348.50000000000006 141.50000000000003 181.50000000000003 16.625000000000004 25.875000000000007 15.875000000000002 0 151.50000000000003 7.8771906944880312
decision_type=2 2 2 2 10 2 2 2 2 2 2 2 2 2 2 2 2 2 2 1 2 2
left_child=1 2 -1 4 10 6 -5 -7 12 -10 -3 -12 -9 -6 -8 18 -17 -18 19 -16 -21 -20
right_child=-2 3 -4 5 13 7 14 8 9 -11 11 -13 -14 -15 15 16 17 -19 21 20 -22 -23
leaf_value=-0.074937914178875645 0.0015218952626051719 -0.023120924401642307 0.26077941088617501 0.015058088086302478 -0.086994502034201823 0.041579292829676644 -0.066405684906335735 -0.04403638002051647 0.10805582604300885 -0.092311260260827518 0.057064476084124988 0.0013094683430235005 0.014532994808930345 0.12663897681282227 0.10385296750314103 -0.11000650086796955 0.95728195996220833 -0.051938039081962803 -0.086616100805833346 -0.1527087655828594 0.044666758402559431 -0.0042600467794789154
leaf_weight=344 352484 23130 1576 45380 43372 20570 18826 2898 132 1800 4046 60724 34604 842 2706 3072 656 1192 748 1122 3828 5676
leaf_count=344 352484 23130 1576 45380 43372 20570 18826 2898 132 1800 4046 60724 34604 842 2706 3072 656 1192 748 1122 3828 5676
internal_value=-2.28669e-05 -0.000269923 0.00725806 -0.000322472 -0.000955751 0.000261745 -0.000480783 0.00129137 0.000175728 -0.00830662 -0.000209893 0.000446026 0.000613135 -0.00243848 -0.002127 -0.000542311 -0.00526615 0.00148378 0.00110886 0.00341995 0.0006711 -0.00164566
internal_weight=629728 277244 1920 275324 132114 143210 83206 60004 39434 1932 87900 64770 37502 44214 37826 19000 4920 1848 14080 7656 4950 6424
internal_count=629728 277244 1920 275324 132114 143210 83206 60004 39434 1932 87900 64770 37502 44214 37826 19000 4920 1848 14080 7656 4950 6424
cat_boundaries=0 1
cat_threshold=14
is_linear=0
shrinkage=0.045


Tree=190
num_leaves=23
num_cat=2
split_feature=10 7 10 10 9 2 4 14 8 16 2 9 2 7 2 2 9 8 2 4 1 12
split_gain=14.7605 81.2689 45.7514 37.3805 112.295 79.6855 94.433 61.8712 61.6283 65.9718 56.6774 116.967 68.4425 60.0804 85.5457 60.265 68.5642 73.2296 94.3011 54.9107 59.9374 58.016
threshold=5.7258828959067705 21.275000000000002 5.0743159002927483 7.2365569622594146 24.766250000000003 61.500000000000007 0 20.735000000000007 45.335000000000008 10.605000000000002 347.50000000000006 20.581041666666671 354.50000000000006 15.085000000000003 241.50000000000003 297.50000000000006 19.032083333333336 33.630000000000003 39.500000000000007 1 6.5000000000000009 -10.499999999999998
decision_type=2 2 2 2 2 2 1 2 2 8 2 2 2 2 2 2 2 2 2 1 2 2
left_child=1 2 -1 4 8 -6 7 -7 9 -2 13 -12 -13 15 -15 16 -11 -18 -19 21 -21 -17
right_child=3 -3 -4 -5 5 6 -8 -9 -10 10 11 12 -14 14 -16 19 17 18 -20 20 -22 -23
leaf_value=0.0071058626376776981 -0.033480895801919194 -0.067030954920141966 -0.022908716171619981 -0.0010280123809808706 0.27356680160885782 0.041103787217553471 -0.047526370048116551 0.12052507625761759 -0.05258215464271019 -0.0019936037499607719 -0.0398536609976596 -0.020941394368739409 0.072644040111243924 0.021251821404688766 -0.059950231019477267 0.25769953738575685 0.12029158122377055 0.098634940051759282 0.00073971130584874444 0.17072096539616699 0.078719026893629571 -0.058798545868332122
leaf_weight=28800 8800 2592 16704 516068 2112 3120 1920 1776 3648 13752 4636 960 1632 2968 1920 184 1960 4276 7964 944 2392 600
leaf_count=28800 8800 2592 16704 516068 2112 3120 1920 1776 3648 13752 4636 960 1632 2968 1920 184 1960 4276 7964 944 2392 600
internal_value=-3.01558e-05 -0.000787767 -0.000346108 3.24947e-05 0.0010446 0.0057346 0.00336609 0.00667482 0.000305096 0.000694659 0.00140326 -0.00224066 0.00541249 0.00211596 -0.00253067 0.00282425 0.00207502 0.00426806 0.00297378 0.00790393 0.0104032 -0.00282663
internal_weight=629728 48096 45504 581632 65564 8928 6816 4896 56636 52988 44188 7228 2592 36960 4888 32072 27952 14200 12240 4120 3336 784
internal_count=629728 48096 45504 581632 65564 8928 6816 4896 56636 52988 44188 7228 2592 36960 4888 32072 27952 14200 12240 4120 3336 784
cat_boundaries=0 1 2
cat_threshold=57 6
is_linear=0
shrinkage=0.045


Tree=191
num_leaves=23
num_cat=4
split_feature=12 1 2 9 4 2 8 7 4 8 2 7 1 9 7 9 9 10 12 4 1 4
split_gain=14.9443 62.14 75.1727 116.768 126.121 105.123 96.5486 69.3649 68.4136 114.325 101.042 84.4692 65.6414 65.0995 61.2997 58.8037 57.9743 62.5996 53.0913 51.5354 49.3021 57.0673
threshold=2.5000000000000004 10.000000000000002 67.500000000000014 19.495833333333337 0 195.50000000000003 39.685000000000009 12.965000000000002 1 38.155000000000008 41.500000000000007 2.7750000000000004 16.500000000000004 13.363958333333334 3.0250000000000004 20.755416666666672 24.96145833333334 10.567040910553875 -7.4999999999999991 2 7.5000000000000009 3
decision_type=2 2 2 2 1 2 2 2 1 2 2 2 2 2 2 2 2 2 2 1 2 1
left_child=1 20 3 4 13 -4 -6 12 10 15 16 -12 -7 -3 -11 -10 -5 -18 19 -9 21 -1
right_child=-2 2 5 8 6 7 -8 18 9 14 11 -13 -14 -15 -16 -17 17 -19 -20 -21 -22 -23
leaf_value=0.28435263745495809 0.0014116705691395819 0.092778925837033704 -0.032055090632425703 -0.017434894090948887 -0.083113474079171426 -0.027642520432740673 0.10196953392828793 0.029813660575939548 -1.34399615207903e-05 0.20723415147428287 -0.075656196547039409 0.20182665025754232 0.039247553369813372 -0.0017455428446373521 -0.013118989175231473 0.18921249112620545 0.1388572660080731 0.037559969320907161 -0.0010201889329517369 -0.072537601158253959 -0.05377900075429614 -0.028905673369376172
leaf_weight=1046 378516 2892 69656 4888 9448 4688 1888 1464 1224 892 512 6308 28340 7024 21116 2584 2632 5888 52716 4132 10256 11618
leaf_count=1046 378516 2892 69656 4888 9448 4688 1888 1464 1224 892 512 6308 28340 7024 21116 2584 2632 5888 52716 4132 10256 11618
internal_value=-2.59397e-05 -0.000295027 -7.0764e-05 0.00119223 -0.00156676 -0.000598703 -0.00480613 0.000405454 0.00246569 0.000928643 0.00442441 0.00888522 0.00205313 0.0021394 -0.000316901 0.00812598 0.00215772 0.00439862 -0.000527832 -0.00469453 -0.00252858 -0.000650166
internal_weight=629728 251212 228292 67296 21252 160996 11336 91340 46044 25816 20228 6820 33028 9916 22008 3808 13408 8520 58312 5596 22920 12664
internal_count=629728 251212 228292 67296 21252 160996 11336 91340 46044 25816 20228 6820 33028 9916 22008 3808 13408 8520 58312 5596 22920 12664
cat_boundaries=0 1 2 3 4
cat_threshold=23 37 65 64
is_linear=0
shrinkage=0.045


Tree=192
num_leaves=23
num_cat=3
split_feature=7 8 2 12 4 8 9 14 2 2 2 17 17 4 12 15 7 7 8 16 4 2
split_gain=15.4125 37.6832 44.3538 52.6729 51.7774 36.5331 32.862 31.0572 31.5174 28.9703 55.2029 33.7379 48.4418 33.1277 37.9552 37.0464 42.6226 36.8012 31.8965 32.8376 30.4754 37.5799
threshold=2.5450000000000004 28.645000000000003 16.500000000000004 -15.499999999999998 0 23.105 14.6525 60.455000000000013 63.500000000000007 358.50000000000006 356.50000000000006 -0.020000000000000902 -1.9999999999999989 1 -1.4999999999999998 14.805000000000001 9.9350000000000005 16.625000000000004 44.210000000000008 24.005000000000006 2 362.50000000000006
decision_type=2 2 2 2 1 2 2 2 2 2 2 10 8 1 2 10 2 2 2 10 1 2
left_child=1 5 -3 -4 -5 -1 -7 -6 -9 10 -2 12 -12 15 20 16 -11 -16 19 -19 -15 -22
right_child=9 2 3 4 7 6 -8 8 -10 13 11 -13 -14 14 17 -17 -18 18 -20 -21 21 -23
leaf_value=0.020696418032536149 -0.0010156665769686718 0.10836707065170546 -0.12152405189797021 -0.018557276781117182 0.047762400521145075 -0.059788925726939918 0.10029553541949042 0.067926690954626709 -0.020219727952548644 0.13596843657557273 -0.1178693636760085 -0.12448238038382139 0.032796735736935936 -0.12058001672458409 0.0013762917267280828 0.11172538734280446 -0.040168802521851739 0.027839467488435021 0.27945937194882503 -0.063474413859269274 -0.076793650940313693 0.10098983352668769
leaf_weight=2976 578556 2496 908 6920 15256 5376 384 272 3144 436 600 1200 984 388 3940 2456 852 304 724 152 1040 364
leaf_count=2976 578556 2496 908 6920 15256 5376 384 272 3144 436 600 1200 984 388 3940 2456 852 304 724 152 1040 364
internal_value=-2.67257e-05 0.000855064 0.00163563 0.0010952 0.00147339 -0.00173552 -0.0038268 0.00270472 -0.00117174 -8.2931e-05 -0.000125554 -0.00644472 -0.00212799 0.00224198 0.000389948 0.00564297 -0.000523256 0.00236333 0.00932741 0 -0.00524247 -0.00206568
internal_weight=629728 37732 28996 26500 25592 8736 5760 18672 3416 591996 581340 2784 1584 10656 6912 3744 1288 5120 1180 456 1792 1404
internal_count=629728 37732 28996 26500 25592 8736 5760 18672 3416 591996 581340 2784 1584 10656 6912 3744 1288 5120 1180 456 1792 1404
cat_boundaries=0 1 2 3
cat_threshold=5 37 64
is_linear=0
shrinkage=0.045


Tree=193
num_leaves=23
num_cat=5
split_feature=3 0 17 5 8 10 17 7 16 2 8 8 8 8 4 2 14 7 7 4 3 2
split_gain=14.8202 34.9584 26.5726 41.1923 38.3164 28.3444 26.7747 26.22 31.5086 36.4901 27.4111 31.4291 44.5637 29.2315 26.0873 21.727 21.2406 21.2394 23.8342 21.7971 27.3694 20.8971
threshold=0 1.0731353759765627 1.1800000000000008 1 88.27500000000002 16.234600233403693 23.025000000000002 3.0250000000000004 9.3050000000000015 105.50000000000001 124.19500000000001 27.965000000000003 23.105 202.78500000000003 2 103.50000000000001 15.480000000000004 9.7450000000000028 35.860000000000007 3 4 205.50000000000003
decision_type=1 2 10 1 2 2 10 2 8 2 2 2 2 2 1 2 2 2 2 1 1 2
left_child=1 -1 7 6 5 -5 -4 10 9 15 11 12 16 -12 -7 -9 -2 -3 21 -20 -21 -19
right_child=2 17 3 4 -6 14 -8 8 -10 -11 13 -13 -14 -15 -16 -17 -18 18 19 20 -22 -23
leaf_value=0.0030992870440243181 -3.8588235011109969e-05 0.2678687010578486 -0.022596757242476173 -0.0099664413499908951 0.014275673645088994 0.017207641809267208 -0.40626411858477013 -0.077049577703607722 0.00023917437561808697 0.011211157472171208 -0.17614798530528097 0.030643643356179379 -0.077182353263373929 0.37535344190574071 -0.10277106390858767 -0.31639079776149509 0.062291696652011147 -0.2512560460078419 0.63687725788101279 1.7322178723019106 -0.34722657121683553 -0.10846351354141756
leaf_weight=292204 876 1940 24121 40983 35271 1869 3673 4212 179140 2856 484 13716 1700 100 5259 152 452 9264 608 244 756 9848
leaf_count=292204 876 1940 24121 40983 35271 1869 3673 4212 179140 2856 484 13716 1700 100 5259 152 452 9264 608 244 756 9848
internal_value=-2.67972e-05 0.000191504 -0.000245096 -0.000804656 -0.000304338 -0.00113031 -0.00230454 6.03122e-05 -9.53789e-05 -0.00300955 0.00173456 0.00206915 -0.00207921 -0.00783276 -0.00374895 -0.00559666 0.00409398 -0.00151112 -0.00193273 0.00332609 -0.000800395 -0.00237548
internal_weight=629728 314864 314864 111176 83382 48111 27794 203688 186360 7220 17328 16744 3028 584 7128 4364 1328 22660 20720 1608 1000 19112
internal_count=629728 314864 314864 111176 83382 48111 27794 203688 186360 7220 17328 16744 3028 584 7128 4364 1328 22660 20720 1608 1000 19112
cat_boundaries=0 1 2 3 4 5
cat_threshold=116 1 12 88 64
is_linear=0
shrinkage=0.045


Tree=194
num_leaves=23
num_cat=3
split_feature=11 16 2 2 15 2 12 12 7 1 2 4 4 8 2 2 2 2 4 2 15 7
split_gain=14.6532 16.1092 32.9704 33.6974 32.1673 34.3178 33.2165 35.0948 48.5895 37.367 43.4278 33.29 31.0691 30.5109 46.1016 29.0806 28.1698 36.8229 47.1577 31.7263 26.7393 37.8239
threshold=0.43750000000000006 8.9850000000000012 14.500000000000002 364.50000000000006 18.745000000000001 361.50000000000006 -6.4999999999999991 11.500000000000002 3.6800000000000002 9.0000000000000018 139.50000000000003 0 1 57.170000000000009 41.500000000000007 34.500000000000007 53.500000000000007 93.500000000000014 2 341.50000000000006 5.9850000000000012 5.5150000000000006
decision_type=2 8 2 2 10 2 2 2 2 2 2 1 1 2 2 2 2 2 1 2 8 2
left_child=1 2 -1 4 5 6 -4 8 9 -8 -11 16 15 14 -13 -10 -9 18 -18 -19 -3 -22
right_child=-2 20 3 -5 -6 -7 7 11 12 10 -12 13 -14 -15 -16 -17 17 19 -20 -21 21 -23
leaf_value=-0.099823193313840888 0.11703515190897273 -0.048437243661710198 0.027307173000219304 -0.13227169415400847 -0.10287111762043435 0.22629788640180001 -0.10466472648984813 0.16325690307654867 -0.17181552742996456 0.015829536170940049 -0.027488213789809039 -0.15657771082302543 -0.10801443299823706 -0.062747719284107731 0.060375279415190386 -0.011265657121757446 0.15753937153692613 0.069505663023805175 -0.099653874998859054 -0.27414336662417188 0.018684452706283879 -0.00057876679263142987
leaf_weight=2828 288 4808 2376 396 1684 236 868 840 204 5472 1312 688 2664 1880 2764 2956 356 2628 796 164 46696 546824
leaf_count=2828 288 4808 2376 396 1684 236 868 840 204 5472 1312 688 2664 1880 2764 2956 356 2628 796 164 46696 546824
internal_value=-2.67972e-05 -3.14564e-05 -0.00102976 -0.000566358 -0.000380782 6.86866e-06 -0.000149018 -0.000659914 -0.00216353 0.000194016 0.00131963 0.00134315 -0.00526004 -0.00110311 0.00140706 -0.00221311 0.00406276 0.00247466 -0.00428943 0.00526664 2.04569e-05 4.75383e-05
internal_weight=629728 629440 31112 28284 27888 26204 25968 23592 13476 7652 6784 10116 5824 5332 3452 3160 4784 3944 1152 2792 598328 593520
internal_count=629728 629440 31112 28284 27888 26204 25968 23592 13476 7652 6784 10116 5824 5332 3452 3160 4784 3944 1152 2792 598328 593520
cat_boundaries=0 1 2 3
cat_threshold=60 77 16
is_linear=0
shrinkage=0.045


Tree=195
num_leaves=23
num_cat=6
split_feature=15 12 4 2 4 1 2 2 2 2 13 2 4 8 4 9 2 7 8 4 4 2
split_gain=14.4816 33.7311 25.0872 27.5963 18.4 17.5365 16.2044 165.758 96.0121 234.76 120.433 101.825 106.359 91.9534 85.0849 100.04 76.6747 95.6779 75.3647 74.5231 71.5363 68.7994
threshold=1049.3950000000002 -1.4999999999999998 0 175.50000000000003 1 16.500000000000004 205.50000000000003 207.50000000000003 169.50000000000003 159.50000000000003 80.15000000000002 151.50000000000003 2 30.805000000000003 3 22.005833333333335 177.50000000000003 18.245000000000001 46.445000000000007 4 5 187.50000000000003
decision_type=10 2 1 2 1 2 2 2 2 2 2 2 1 2 1 2 2 2 2 1 1 2
left_child=6 4 -3 5 -2 -4 8 -8 9 11 13 -1 -13 -10 21 -16 19 -18 -14 -17 -9 -15
right_child=1 2 3 -5 -6 -7 7 20 10 -11 -12 12 18 14 15 16 17 -19 -20 -21 -22 -23
leaf_value=-9.2643375083062415e-05 4.5925311167043947 0.16229983612907273 -7.4533908365323223 -15.144070001915372 -0.16634598480956844 57.321182195397391 0.084987097123287766 0.020359777618510152 -0.10288686418437262 0.06184302997970411 -0.55452448117004427 0.0069834585970826243 -0.0016933887718162399 0.0018780275407641021 0.07382960750473784 -0.083675863239480605 -0.0064371134325603048 0.046925845076475736 -0.12326581981535635 -0.020609439777691543 -0.0015449615335255864 -0.06839891510593446
leaf_weight=299964 204 776 104 964 188 100 3072 35076 1056 15360 4684 5376 1920 2560 2112 1496 25700 5448 4992 7732 206600 4244
leaf_count=299964 204 776 104 964 188 100 3072 35076 1056 15360 4684 5376 1920 2560 2112 1496 25700 5448 4992 7732 206600 4244
internal_value=-2.57253e-05 -0.00356074 -0.00598921 -0.0101059 0.00845178 0.00480583 -1.25519e-05 0.000273401 -0.000195455 9.66992e-05 -0.00193462 -0.000170486 -0.00418511 -0.00129235 -0.00101057 -0.000261529 -0.000761182 0.00030626 -0.00787045 -0.00436349 0.000141324 -0.00567782
internal_weight=629728 2336 1944 1168 392 204 627392 244748 382644 327612 55032 312252 12288 50348 49292 42488 40376 31148 6912 9228 241676 6804
internal_count=629728 2336 1944 1168 392 204 627392 244748 382644 327612 55032 312252 12288 50348 49292 42488 40376 31148 6912 9228 241676 6804
cat_boundaries=0 1 2 3 4 5 6
cat_threshold=12 82 19 64 16 64
is_linear=0
shrinkage=0.045


Tree=196
num_leaves=23
num_cat=5
split_feature=15 12 4 4 9 7 0 16 4 12 7 16 1 10 2 2 4 12 1 10 2 4
split_gain=17.9806 36.0357 29.0766 18.4 15.724 37.7154 48.2524 43.3013 42.6662 35.3564 25.5848 20.6105 22.5868 19.8972 44.9987 95.6306 45.0963 44.6165 46.8322 42.5306 49.0946 44.7999
threshold=1049.3950000000002 -1.4999999999999998 0 1 426.7600000000001 16.125000000000004 0.51026669144630443 25.055000000000003 2 14.500000000000002 23.835000000000004 26.585000000000004 15.750000000000002 85.123579179629644 133.50000000000003 143.50000000000003 3 -10.499999999999998 8.7500000000000018 59.52727226097258 302.50000000000006 4
decision_type=10 2 1 1 2 2 2 10 1 2 2 10 2 2 2 2 1 2 2 2 2 1
left_child=4 3 -3 -2 13 6 -6 -7 11 -10 -11 -9 -13 19 16 -16 17 -15 -19 -1 21 -21
right_child=1 2 -4 -5 5 7 -8 8 9 10 -12 12 -14 14 15 -17 -18 18 -20 20 -22 -23
leaf_value=-0.00028699816712859705 4.3858672164526959 0.15499634350326541 -9.726914444410113 -0.15886041549313792 -0.084142924617321299 0.048107843432595006 0.36818936945500436 0.077312389422467168 0.10467832538708147 0.031125145705389011 -0.071632965088503642 -0.27196006628979474 0.23410977166022895 0.86605844712022328 -0.15457471563276562 -0.0084978976522273805 0.17520868987452298 0.087219925602219611 -0.17429978346999231 -0.037666248648534302 -0.22019324167905133 0.034421846225469781
leaf_weight=563876 204 776 1168 188 452 1468 284 100 1656 208 216 565 195 328 1728 35492 2504 798 1110 2400 576 13436
leaf_count=563876 204 776 1168 188 452 1468 284 100 1656 208 216 565 195 328 1728 35492 2504 798 1110 2400 576 13436
internal_value=-2.59397e-05 -0.00396493 -0.00647482 0.00845178 -1.12609e-05 0.00246599 -0.00695122 0.00404082 0.000887152 0.00436663 -0.0071831 -0.0074828 -0.0100984 -3.17477e-05 -0.000978028 -0.00150395 0.00315057 -0.00150133 -0.0041466 3.66799e-05 0.00229469 0.00276455
internal_weight=629728 2336 1944 392 627392 5144 736 4408 2940 2080 424 860 760 622248 41960 37220 4740 2236 1908 580288 16412 15836
internal_count=629728 2336 1944 392 627392 5144 736 4408 2940 2080 424 860 760 622248 41960 37220 4740 2236 1908 580288 16412 15836
cat_boundaries=0 1 2 3 4 5
cat_threshold=12 82 2 10 12
is_linear=0
shrinkage=0.045


Tree=197
num_leaves=23
num_cat=3
split_feature=15 12 4 4 10 7 10 4 2 8 2 1 13 10 9 2 2 9 7 16 2 10
split_gain=16.2713 35.585 27.3308 17.9369 14.7301 75.9479 43.0093 38.0154 49.0159 39.9097 35.2814 59.5642 48.022 34.5847 101.916 75.2986 55.5791 98.3603 72.1795 78.8741 67.1446 70.9862
threshold=1049.3950000000002 -1.4999999999999998 0 1 5.7258828959067705 21.275000000000002 5.0743159002927483 2 34.500000000000007 32.390000000000008 39.500000000000007 10.750000000000002 2.2500000000000009 7.2365569622594146 24.766250000000003 339.50000000000006 347.50000000000006 21.629791666666669 15.085000000000003 10.605000000000002 247.50000000000003 6.505580664378015
decision_type=10 2 1 1 2 2 2 1 2 2 2 2 2 2 2 2 2 2 2 8 2 2
left_child=4 3 -3 -2 5 6 -1 8 -8 -10 -7 -12 -13 14 16 -16 18 -18 19 -6 21 -20
right_child=1 2 -4 -5 13 10 7 -9 9 -11 11 12 -14 -15 15 -17 17 -19 20 -21 -22 -23
leaf_value=0.0070386782178895957 4.1885031917123259 0.14802150804561789 -9.2892032944116583 -0.15171169679594673 -0.025823716897467472 0.044615552078873973 0.054992911836952173 -0.010424545227897583 -0.10656757720563378 -0.017626853913980212 -0.19163137197109723 0.092616750516554172 -0.054242735273031251 -0.00076668544135311131 0.10206332351506767 -0.031893300043950058 -0.040222521668383221 0.026843035202536579 0.040701557589786441 0.031635813819234811 -0.064931546842423624 -0.055561844618390845
leaf_weight=28800 204 776 1168 188 8448 384 768 12384 1824 1728 989 270 949 513732 7392 1536 5952 2496 2400 33028 2304 2008
leaf_count=28800 204 776 1168 188 8448 384 768 12384 1824 1728 989 270 949 513732 7392 1536 5952 2496 2400 33028 2304 2008
internal_value=-2.5368e-05 -0.00377246 -0.0062667 0.00856599 -1.14043e-05 -0.000768119 -0.000341164 -0.00215761 -0.00578601 -0.00802757 -0.00825752 -0.0104457 -0.00377764 5.14243e-05 0.00102469 0.00549272 0.000320191 -0.00304615 0.000910459 0.0016111 -0.00341823 -0.000163265
internal_weight=629728 2336 1944 392 627392 48096 45504 16704 4320 3552 2592 2208 1219 579296 65564 8928 56636 8448 48188 41476 6712 4408
internal_count=629728 2336 1944 392 627392 48096 45504 16704 4320 3552 2592 2208 1219 579296 65564 8928 56636 8448 48188 41476 6712 4408
cat_boundaries=0 1 2 3
cat_threshold=12 82 33
is_linear=0
shrinkage=0.045


Tree=198
num_leaves=23
num_cat=4
split_feature=0 14 16 1 2 13 17 4 2 4 7 7 7 4 2 2 1 2 8 4 10 2
split_gain=14.8507 48.5531 38.2825 42.5751 46.2628 49.5051 42.9365 42.5399 39.0012 42.5141 41.0827 37.3134 68.0257 54.5415 53.0773 66.5238 50.5949 50.0311 44.8526 41.7119 61.1855 43.5327
threshold=0.38492386043071752 3151.5450000000005 21.605000000000004 19.750000000000004 294.50000000000006 15.485000000000005 -20.004999999999995 0 195.50000000000003 1 12.905000000000003 17.265000000000004 15.085000000000003 2 127.50000000000001 125.50000000000001 7.7500000000000009 6.5000000000000009 84.415000000000006 3 18.304895969604456 193.50000000000003
decision_type=2 2 10 2 2 2 8 1 2 1 2 2 2 1 2 2 2 2 2 1 2 2
left_child=1 -1 -2 6 8 -6 -4 -7 -5 10 -10 12 14 -14 15 16 -8 -18 -15 21 -21 -16
right_child=2 -3 3 4 5 7 11 -9 9 -11 -12 -13 13 18 19 -17 17 -19 -20 20 -22 -23
leaf_value=0.0023080250763936536 -0.0090847739812096109 -0.11156527701447974 -0.09301133966553872 0.016305697477435981 -0.054479741418713472 -0.10194183589190073 0.016690935854415608 0.098551845093749355 0.25136602598181468 0.028835186055261388 0.098667056362449254 0.0072664444965654341 -0.062877685432401423 0.0054952969964515794 0.062966782343070016 -0.38168516599766539 0.12312588031208478 -0.048475017213483004 -0.055597136797111278 0.0012712759079622341 0.065018304736539884 -0.047442516939376657
leaf_weight=245636 77752 240 8002 30948 3326 1396 16866 3381 879 11490 3708 99935 12640 18005 1944 811 1374 24892 12010 27552 20611 6330
leaf_count=245636 77752 240 8002 30948 3326 1396 16866 3381 879 11490 3708 99935 12640 18005 1944 811 1374 24892 12010 27552 20611 6330
internal_value=-2.32242e-05 0.000249819 -0.000198122 2.83729e-05 0.00116071 -0.00197933 -0.000220361 0.000955744 0.00170184 0.00349975 0.00715753 -0.000113532 -0.000579658 -0.00208506 6.00705e-05 -0.00111258 -0.000872166 -0.00210713 -0.00103931 0.00097313 0.00148007 -0.00197683
internal_weight=629728 245876 383852 306100 55128 8103 250972 4777 47025 16077 4587 242970 143035 42655 100380 43943 43132 26266 30015 56437 48163 8274
internal_count=629728 245876 383852 306100 55128 8103 250972 4777 47025 16077 4587 242970 143035 42655 100380 43943 43132 26266 30015 56437 48163 8274
cat_boundaries=0 1 2 3 4
cat_threshold=9 3 80 32
is_linear=0
shrinkage=0.045


Tree=199
num_leaves=23
num_cat=6
split_feature=15 12 4 7 4 11 16 2 12 1 7 4 4 8 3 2 2 7 12 4 7 1
split_gain=14.8253 32.6718 25.2207 24.0517 16.7923 14.1568 14.7075 31.8211 36.2275 35.9752 30.4055 36.2094 34.0876 33.6452 32.4997 30.235 43.3863 37.8183 34.8482 33.0397 30.6923 38.5821
threshold=1049.3950000000002 -1.4999999999999998 0 17.360000000000003 1 0.43750000000000006 8.9850000000000012 6.5000000000000009 9.5000000000000018 8.0000000000000018 0.91500000000000015 2 3 25.575000000000003 4 38.500000000000007 50.500000000000007 4.0550000000000006 17.500000000000004 5 3.0250000000000004 14.000000000000002
decision_type=10 2 1 2 1 2 8 2 2 2 2 1 1 2 1 2 2 2 2 1 2 2
left_child=5 4 3 -3 -2 6 7 8 9 -1 11 14 13 -12 -9 17 -17 -14 20 -19 21 -18
right_child=1 2 -4 -5 -6 -7 -8 10 -10 -11 12 -13 15 -15 -16 16 18 19 -20 -21 -22 -23
leaf_value=0.54672929898025835 3.9971517476308711 68.533192106881714 -9.6094085013692023 -3.7693503903310539 -0.14618225381261576 0.11171629365889166 0.00038025543606283452 0.1848739933266077 -0.69699450044482159 -0.082215591077997585 -0.16383708974271163 -0.0077203126273879324 -0.00034349152769685309 -0.032241592396027495 0.030250788493119969 0.044864010180419266 -0.053996991752256057 0.059421496141261271 0.059248064485927773 -0.15335155890767399 0.0056894763842804631 0.11335162346341957
leaf_weight=112 204 252 872 820 188 288 595992 256 588 640 608 4160 1624 6220 3164 1344 2708 220 1480 992 6632 364
leaf_count=112 204 252 872 820 188 288 595992 256 588 640 608 4160 1624 6220 3164 1344 2708 220 1480 992 6632 364
internal_value=-2.25096e-05 -0.00359923 -0.00598921 -0.0012869 0.00822335 -9.18083e-06 -1.37776e-05 -0.000967571 -0.0077459 -0.00119363 -0.000661987 0.00179834 -0.00150243 -0.00414474 0.00521853 -0.000324857 0.0006249 -0.00451903 -0.000293671 -0.0105272 -0.00127498 -0.00499187
internal_weight=629728 2336 1944 1072 392 627392 627104 31112 1340 752 29772 7580 22192 6828 3420 15364 12528 2836 11184 1212 9704 3072
internal_count=629728 2336 1944 1072 392 627392 627104 31112 1340 752 29772 7580 22192 6828 3420 15364 12528 2836 11184 1212 9704 3072
cat_boundaries=0 1 2 3 4 5 6
cat_threshold=14 82 38 34 15 4
is_linear=0
shrinkage=0.045


Tree=200
num_leaves=23
num_cat=3
split_feature=7 8 2 4 8 10 4 1 10 8 8 1 1 10 18 8 18 15 2 4 2 2
split_gain=14.4107 31.5665 42.6372 43.7652 30.292 31.8775 30.1801 53.3639 42.1211 36.4681 28.9982 40.6715 28.6283 35.1079 28.171 28.6155 28.1415 27.6763 32.8633 34.5236 31.5246 36.7397
threshold=2.5450000000000004 28.645000000000003 8.5000000000000018 0 23.105 9.5636058292928912 1 7.7500000000000009 6.7339142242959715 26.165000000000003 48.335000000000008 10.000000000000002 8.5000000000000018 8.4748452706580242 -1.73 27.495000000000001 10.995000000000003 7.6550000000000011 14.500000000000002 2 18.500000000000004 105.50000000000001
decision_type=2 2 2 1 2 2 1 2 2 2 2 2 2 2 10 2 8 8 2 1 2 2
left_child=1 4 -3 10 -1 6 12 8 -8 -9 11 -4 13 -6 15 -14 -5 18 -2 20 -20 -22
right_child=17 2 3 16 5 -7 7 9 -10 -11 -12 -13 14 -15 -16 -17 -18 -19 19 -21 21 -23
leaf_value=0.018381582606852846 -0.23009876450060135 0.20336251580208092 -0.13148996221905171 0.030404483975035271 -0.15109176464669841 -0.32868761717378669 0.20494567184278531 -0.20758272953151963 -0.18245819814376293 -0.026761115162352991 0.0099957128867571923 -0.0024515764996299936 0.019986591052098726 1.4829356092573527 0.059853923337975797 -0.14771884184218503 -0.043694579184338209 -0.00038539873257831925 0.67188376829206298 -0.059965371810757034 -0.029048504953594474 0.06214384919464435
leaf_weight=2976 684 1152 1360 18256 884 576 372 910 403 715 4224 1904 480 102 1188 130 2100 581308 136 5020 3124 1724
leaf_count=2976 684 1152 1360 18256 884 576 372 910 403 715 4224 1904 480 102 1188 130 2100 581308 136 5020 3124 1724
internal_value=-2.14378e-05 0.000831213 0.00154562 0.00119425 -0.00153983 -0.00344412 -0.00232549 -0.00600746 0.00367761 -0.0106623 -0.001746 -0.00493264 0.000869099 -0.0052834 0.00425 -0.00360294 0.00227563 -7.57857e-05 -0.00234471 -0.00169099 0.000963771 0.000361856
internal_weight=629728 37732 28996 27844 8736 5760 5184 2400 775 1625 7488 3264 2784 986 1798 610 20356 591996 10688 10004 4984 4848
internal_count=629728 37732 28996 27844 8736 5760 5184 2400 775 1625 7488 3264 2784 986 1798 610 20356 591996 10688 10004 4984 4848
cat_boundaries=0 1 2 3
cat_threshold=5 78 29
is_linear=0
shrinkage=0.045


Tree=201
num_leaves=23
num_cat=4
split_feature=10 8 2 2 2 12 9 1 9 10 10 8 9 14 9 4 1 4 4 7 2 4
split_gain=14.9762 46.8833 39.7691 38.1266 84.4251 63.7583 71.1509 55.2518 55.0254 39.3476 56.7386 72.5196 48.7887 53.7079 46.9978 38.0768 37.7558 40.4847 39.9558 37.3894 70.2718 72.4438
threshold=11.549442035894929 54.295000000000009 12.500000000000002 321.50000000000006 297.50000000000006 6.5000000000000009 29.788750000000004 9.0000000000000018 25.585833333333337 10.425803092438356 10.641094598836409 58.695000000000007 19.813958333333336 44.685000000000009 29.239791666666669 0 10.250000000000002 1 2 19.895000000000003 6.5000000000000009 3
decision_type=2 2 2 2 2 2 2 2 2 2 2 2 2 2 2 1 2 1 1 2 2 1
left_child=1 -1 16 4 9 6 15 -6 -7 12 11 -11 -4 -14 -13 -5 18 -18 -3 -2 -21 -22
right_child=19 2 3 5 7 8 -8 -9 -10 10 -12 14 13 -15 -16 -17 17 -19 -20 20 21 -23
leaf_value=-0.0001124548081185056 -0.0044588152397716831 0.026883443730319964 0.67211460961126335 0.059032500170190953 0.015329689467377269 0.14613531344807695 0.27464619670631696 0.3235766807836391 0.0090912111094384324 -0.017102652161526705 0.026800218286209449 0.52550154228403401 0.0052097468277403124 -0.094687307907871485 0.057649791618265306 -0.055645435464042325 0.10875144058327915 -0.048736136898647468 -0.099402101490296962 -0.11713349169339049 0.049136512321159113 -0.0062386116358271043
leaf_weight=246532 289764 369 288 364 1000 748 452 1620 1952 672 11424 1056 13596 516 480 3780 605 990 820 672 22172 29856
leaf_count=246532 289764 369 288 364 1000 748 452 1620 1952 672 11424 1056 13596 516 480 3780 605 990 820 672 22172 29856
internal_value=-1.77933e-05 0.000221815 0.0016361 0.002017 0.00271286 -0.000906413 -0.00413006 0.0104348 0.00457994 0.00199044 0.00372305 0.0103235 0.000349951 -2.55066e-05 0.015712 -0.00598046 -0.00355348 0.000972135 -0.00961587 -0.000218781 0.000883743 0.00107073
internal_weight=629728 287264 40732 37948 30652 7296 4596 2620 2700 28032 13632 2208 14400 14112 1536 4144 2784 1595 1189 342464 52700 52028
internal_count=629728 287264 40732 37948 30652 7296 4596 2620 2700 28032 13632 2208 14400 14112 1536 4144 2784 1595 1189 342464 52700 52028
cat_boundaries=0 1 2 3 4
cat_threshold=16 52 72 69
is_linear=0
shrinkage=0.045


Tree=202
num_leaves=23
num_cat=1
split_feature=7 2 1 8 2 12 9 4 14 9 12 2 7 10 2 15 2 8 2 2 2 2
split_gain=14.5577 27.2017 64.3439 29.6062 35.4236 37.1411 34.6194 29.3491 29.2517 25.1572 35.5607 69.0238 30.9283 30.9043 24.8974 24.5494 48.0238 54.7068 51.7256 63.0728 49.5829 49.249
threshold=2.5450000000000004 364.50000000000006 16.500000000000004 28.645000000000003 8.5000000000000018 -15.499999999999998 21.337291666666669 0 17.885000000000009 14.6525 -5.4999999999999991 4.5000000000000009 0.43500000000000005 8.024441111665638 139.50000000000003 10.305000000000001 105.50000000000001 154.35000000000005 103.50000000000001 93.500000000000014 91.500000000000014 117.50000000000001
decision_type=2 2 2 2 2 2 2 1 2 2 2 2 2 2 2 8 2 2 2 2 2 2
left_child=1 3 -3 7 -5 6 -6 -1 -8 10 12 -12 -9 14 -13 16 17 18 19 20 -2 -18
right_child=15 2 -4 4 5 -7 8 9 -10 -11 11 13 -14 -15 -16 -17 21 -19 -20 -21 -22 -23
leaf_value=0.022473958472663418 -0.032555611159808276 -0.1990107232829369 0.059338627536794614 0.19421626305735262 -0.12859818704336545 0.017948439826957634 0.23133910050717327 -0.035364918733300076 -0.16104439918280344 0.094504476902094459 0.20949784470286503 -0.0075728468751507013 -0.38677884729813028 -0.32238344979360972 -0.13790115531556246 -0.00016587065530836609 0.066684869598080412 -0.11093923485385908 -0.2703422276842497 0.075195320203499241 -0.18257525501685817 -0.0069702491021310705
leaf_weight=2112 14124 528 240 1152 516 26100 132 380 328 384 436 3512 432 956 524 564864 1884 464 388 868 336 9068
leaf_count=2112 14124 528 240 1152 516 26100 132 380 328 384 436 3512 432 956 524 564864 1884 464 388 868 336 9068
internal_value=-2.4582e-05 0.000832406 -0.00753896 0.00100674 0.0017152 0.001386 -0.00722393 -0.00128233 0.00175325 -0.00275316 -0.00344601 -0.00212983 -0.0122174 -0.00363136 -0.00190565 -7.92063e-05 -0.00140138 -0.00295884 -0.00250795 -0.00209589 -0.00280355 0.000899671
internal_weight=629728 37732 768 36964 28228 27076 976 8736 460 6624 6240 5428 812 4992 4036 591996 27132 16180 15716 15328 14460 10952
internal_count=629728 37732 768 36964 28228 27076 976 8736 460 6624 6240 5428 812 4992 4036 591996 27132 16180 15716 15328 14460 10952
cat_boundaries=0 1
cat_threshold=6
is_linear=0
shrinkage=0.045


Tree=203
num_leaves=23
num_cat=3
split_feature=0 14 17 16 17 4 12 2 2 2 7 8 7 1 3 9 4 8 2 2 1 12
split_gain=14.4612 45.6411 35.7392 32.4945 33.0366 30.7475 72.2057 58.8622 170.254 66.5475 68.3738 55.518 53.9444 69.7103 74.0702 64.1552 51.8116 52.0508 50.9701 92.8144 58.6437 92.1484
threshold=0.36663097143173223 3151.5450000000005 4.2600000000000007 17.195000000000004 -10.055000000000001 0 13.500000000000002 296.50000000000006 308.50000000000006 191.50000000000003 14.885000000000003 119.26500000000001 5.9350000000000014 8.2500000000000018 1 18.492083333333337 2 32.390000000000008 308.50000000000006 301.50000000000006 11.500000000000002 -2.4999999999999996
decision_type=2 2 10 8 10 1 2 2 2 2 2 2 2 2 1 2 1 2 2 2 2 2
left_child=1 2 -1 4 -2 6 7 9 11 -5 -11 -9 13 14 -7 -16 17 -15 19 -14 -20 -22
right_child=3 -3 -4 5 -6 12 -8 8 -10 10 -12 -13 18 16 15 -17 -18 -19 20 -21 21 -23
leaf_value=0.0032156221375544622 -0.068566145921011831 -0.10547430877019284 -0.053736323766087356 0.0083047585865184508 -0.01103386094696324 -0.0044709081061948186 -0.020101968859524904 -0.021797284238623687 0.0040531985387696878 0.08007363417729832 0.021667613190906411 -0.21476894479060607 -0.0078227341301133312 -0.067605019220249335 0.022982117256593323 0.18581376834198166 -0.06781929104339883 0.10690827131487114 -0.0084838375881106515 -0.068460728046789793 -0.010540848956808417 0.076593071786875799
leaf_weight=210868 2996 228 6292 57356 8384 2518 13060 820 15064 8068 20372 1880 225500 1059 1467 2265 5081 5606 16480 5324 8210 10830
leaf_count=210868 2996 228 6292 57356 8384 2518 13060 820 15064 8068 20372 1880 225500 1059 1467 2265 5081 5606 16480 5324 8210 10830
internal_value=-2.25096e-05 0.000274484 0.000295701 -0.000179087 -0.00255008 -0.000111781 0.000503507 0.000901199 -0.00145643 0.00138937 0.00316908 -0.0118579 -0.000364144 0.00202022 0.00585893 0.00986779 -2.29826e-05 0.00258462 -0.000525275 -0.000769476 0.0010616 0.00276258
internal_weight=629728 217388 217160 412340 11380 400960 116620 103560 17764 85796 28440 2700 284340 17996 6250 3732 11746 6665 266344 230824 35520 19040
internal_count=629728 217388 217160 412340 11380 400960 116620 103560 17764 85796 28440 2700 284340 17996 6250 3732 11746 6665 266344 230824 35520 19040
cat_boundaries=0 1 2 3
cat_threshold=3 128 88
is_linear=0
shrinkage=0.045


Tree=204
num_leaves=23
num_cat=6
split_feature=17 5 1 5 18 16 18 17 5 18 18 15 18 18 3 2 2 2 4 18 4 2
split_gain=14.6421 79.9731 55.4462 52.6794 57.0456 45.8522 39.1219 31.4181 51.0765 31.9709 29.5563 28.6785 33.4539 24.4971 22.1625 25.1033 38.5852 29.0699 35.5081 22.7061 32.8221 22.0341
threshold=0.46499999999999991 0 16.000000000000004 1 0.74000000000000121 49.425000000000004 -16.204999999999998 12.960000000000004 2 -14.979999999999997 -59.254999999999988 55.205000000000005 41.965000000000003 105.53000000000002 3 95.500000000000014 99.500000000000014 91.500000000000014 4 1.7899999999999998 5 8.5000000000000018
decision_type=10 1 2 1 10 10 8 10 1 10 8 10 10 10 1 2 2 2 1 10 1 2
left_child=3 2 -2 10 6 -4 -5 9 11 -3 -1 12 -9 -7 15 17 -17 -11 -19 20 -18 -8
right_child=1 7 5 4 -6 13 21 8 -10 14 -12 -13 -14 -15 -16 16 19 18 -20 -21 -22 -23
leaf_value=0.75999130437186468 -0.0077752954854162538 -0.14604221479556062 -0.029983500338890818 -0.14496041466929027 0.012488587410987753 -0.17570292514231745 0.019227777763333627 0.16121721365395567 -0.056068151898363811 -0.005125450666106245 0.0060689339272313441 0.076682991281152399 0.64295592140787416 -0.98791166971047562 -0.0061227108404838335 0.13162485847320529 0.014272416448012075 0.17722162657842369 -0.14275413736565754 0.016235880931924011 -0.016186714634696436 -0.0059637401318544704
leaf_weight=2472 45582 4269 11766 9164 33490 7595 5232 11710 11844 24408 180934 9716 2262 786 78117 819 11850 111 798 31563 9720 135520
leaf_count=2472 45582 4269 11766 9164 33490 7595 5232 11710 11844 24408 180934 9716 2262 786 78117 819 11850 111 798 31563 9720 135520
internal_value=-2.42247e-05 -0.000280525 -0.00163973 0.000159481 -0.000379788 -0.00360576 -0.000754913 0.00017263 0.00138417 -9.36705e-05 0.000698732 0.00258987 0.00389652 -0.00614905 1.0579e-05 0.00054064 0.00108926 -0.000628283 -0.00852086 0.000939635 -0.000185657 -0.000569398
internal_weight=629728 262916 65729 366812 183406 20147 149916 197187 35532 161655 183406 23688 13972 8381 157386 79269 53952 25317 909 53133 21570 140752
internal_count=629728 262916 65729 366812 183406 20147 149916 197187 35532 161655 183406 23688 13972 8381 157386 79269 53952 25317 909 53133 21570 140752
cat_boundaries=0 1 2 3 4 5 6
cat_threshold=1 3 12 116 8 15
is_linear=0
shrinkage=0.045


Tree=205
num_leaves=23
num_cat=5
split_feature=17 5 17 5 18 5 18 18 5 17 12 1 4 2 17 8 2 2 13 2 2 8
split_gain=13.7183 72.255 53.3546 50.2541 41.9455 42.0852 35.7057 29.6231 40.1049 28.3351 24.6181 25.2552 24.5419 30.7717 25.0189 24.8742 26.2451 33.1771 28.8141 28.9232 69.7885 32.4149
threshold=0.46499999999999991 0 14.5 1 -0.149999999999995 2 -46.554999999999993 3.6299999999999977 3 -20.004999999999995 1.5000000000000002 14.750000000000002 4 339.50000000000006 48.900000000000013 88.27500000000002 65.500000000000014 45.500000000000007 14.435000000000004 239.50000000000003 263.50000000000006 42.310000000000009
decision_type=10 1 10 1 10 1 8 10 1 8 2 2 1 2 10 2 2 2 2 2 2 2
left_child=3 2 -2 9 5 -5 -7 12 10 -1 -9 -12 13 15 -14 16 17 -3 19 -18 -21 -22
right_child=1 7 -4 4 -6 6 -8 8 -10 -11 11 -13 14 -15 -16 -17 18 -19 -20 20 21 -23
leaf_value=0.15401016091146144 -0.010719590478714871 0.027149425092364208 -0.18920309238900374 -0.00049934022826634672 0.0055182088041072427 -0.56952971111397022 -0.012398252028191932 0.17109081860366615 0.001454118429703432 0.008203741989068614 0.034554271544699845 -0.01403554342617336 -0.010029723528708651 -0.04278877785558699 0.52796753980385092 -0.010564247461964927 0.075079358795316006 -0.11443551259850181 0.013159319829160751 -0.044832209147529709 -0.054280830411875508 0.072694534034059108
leaf_weight=6649 55032 4029 10697 126626 85170 1581 61732 6836 55286 85054 13085 7722 77856 1872 3516 9489 6075 2124 5844 1296 333 1824
leaf_count=6649 55032 4029 10697 126626 85170 1581 61732 6836 55286 85054 13085 7722 77856 1872 3516 9489 6075 2124 5844 1296 333 1824
internal_value=-2.50822e-05 -0.000273165 -0.00156512 0.000152734 -0.000151379 -0.000523465 -0.00147063 0.000157569 0.000804976 0.00106496 0.00220403 0.00143484 -0.000312314 0.000724968 -0.000731532 0.00106348 0.00190958 -0.000573924 0.0029036 0.00442917 0.00113965 0.00609657
internal_weight=629728 262916 65729 366812 275109 189939 63313 197187 82929 91703 27643 20807 114258 32886 81372 31014 21525 6153 15372 9528 3453 2157
internal_count=629728 262916 65729 366812 275109 189939 63313 197187 82929 91703 27643 20807 114258 32886 81372 31014 21525 6153 15372 9528 3453 2157
cat_boundaries=0 1 2 3 4 5
cat_threshold=1 1 6 8 10
is_linear=0
shrinkage=0.045


Tree=206
num_leaves=23
num_cat=4
split_feature=10 8 2 10 4 1 1 12 1 2 4 17 4 8 9 2 2 8 4 13 10 2
split_gain=14.0474 48.1299 54.275 76.4265 75.1886 76.3082 66.3783 64.1199 91.7985 64.6152 55.7995 51.8534 49.0401 47.7691 83.2752 55.9294 93.1906 79.9377 67.6254 58.016 54.0107 49.5787
threshold=9.8273971060640513 56.140000000000008 68.500000000000014 10.567040910553875 0 11.750000000000002 7.5000000000000009 2.5000000000000004 18.750000000000004 81.500000000000014 1 -17.294999999999995 2 66.100000000000009 28.346875000000004 49.500000000000007 50.500000000000007 103.90500000000002 3 10.865000000000004 15.603345492913276 29.500000000000004
decision_type=2 2 2 2 1 2 2 2 2 2 1 10 1 2 2 2 2 2 1 2 2 2
left_child=-1 -2 3 10 5 6 -5 8 9 12 -3 -10 -4 -6 20 17 -17 18 -16 -19 -15 -21
right_child=1 2 7 4 13 -7 -8 -9 11 -11 -12 -13 -14 14 15 16 -18 19 -20 21 -22 -23
leaf_value=0.0025092386969247692 -0.01541959693236019 0.53574259059355434 -0.015470661273202423 0.15584250834923816 0.039809461254594364 0.17325974298076449 -0.11767025673532949 0.002296549497308661 0.041495468474001332 -0.054149904138657168 0.015330144366607625 -0.012873205148784391 -0.1949480179478256 -0.10480186407740055 -0.045200224581433621 2.4322211663659781 0.043757051681795639 -0.12111225621598892 0.077140824384774001 0.006341899741149919 0.0029366950645048017 -0.36990510859939257
leaf_weight=224748 62224 960 991 1260 10752 2058 714 189636 19701 35660 672 44223 2081 2304 3840 768 8416 2464 7968 5400 1440 1448
leaf_count=224748 62224 960 991 1260 10752 2058 714 189636 19701 35660 672 44223 2081 2304 3840 768 8416 2464 7968 5400 1440 1448
internal_value=-2.60111e-05 -0.000184342 2.46821e-05 0.00138747 0.00106708 0.00694362 0.000637652 -0.00021061 -0.00111647 -0.00284517 0.0109608 -6.8986e-05 -0.0091054 0.00053624 -0.000289427 0.000492972 0.00342423 -0.000781886 0.00167655 -0.00389897 -0.00661906 -0.00176715
internal_weight=629728 404980 342756 50464 48832 4032 1974 292292 102656 38732 1632 63924 3072 44800 34048 30304 9184 21120 11808 9312 3744 6848
internal_count=629728 404980 342756 50464 48832 4032 1974 292292 102656 38732 1632 63924 3072 44800 34048 30304 9184 21120 11808 9312 3744 6848
cat_boundaries=0 1 2 3 4
cat_threshold=32 69 7 20
is_linear=0
shrinkage=0.045


Tree=207
num_leaves=23
num_cat=2
split_feature=7 2 2 12 4 15 7 18 7 1 17 17 17 17 8 4 2 1 14 10 10 7
split_gain=13.535 24.8888 53.668 32.5217 41.6589 47.6685 45.6503 32.1588 37.024 38.6041 28.5101 25.8743 37.2739 24.4916 23.9921 104.969 56.7558 59.2759 54.5548 51.8639 47.9761 55.1815
threshold=2.5450000000000004 358.50000000000006 356.50000000000006 -11.499999999999998 0 15.025 9.1250000000000018 0.7800000000000008 6.6650000000000009 4.0000000000000009 -0.34999999999999604 -1.9999999999999989 0.75999999999999901 -9.0399999999999991 26.490000000000006 1 43.500000000000007 10.000000000000002 14.205000000000004 3.9880628083990763 5.7258828959067705 22.665000000000003
decision_type=2 2 2 2 1 10 2 10 2 2 8 10 10 8 2 1 2 2 2 2 2 2
left_child=-1 2 14 -3 5 6 -5 8 9 -4 -8 -10 -13 -6 15 18 17 -17 -2 -18 21 -16
right_child=1 3 7 4 13 -7 10 -9 11 -11 -12 12 -14 -15 20 16 19 -19 -20 -21 -22 -23
leaf_value=0.0083645141404869675 0.09744449572302831 -0.086648099535854298 0.027325602057102792 0.20468038991607379 -0.12918806560221499 0.10318671166090826 -0.090962842716642636 -0.19258586497155206 -0.10146183263216056 -0.14671624727510704 -0.0039254420175339191 0.13247680000815401 -0.072303062893480513 0.0023428469493542632 -0.012022719094364085 -0.32004841975363096 0.1303493572076608 -0.020177916914532329 -0.074221222224703648 -0.010948391240468562 -0.00022958676982557933 -0.083082274179292773
leaf_weight=37732 3352 416 104 324 332 3488 320 844 452 420 804 668 296 4972 32448 840 768 1176 680 3264 534396 1632
leaf_count=37732 3352 416 104 324 332 3488 320 844 452 420 804 668 296 4972 32448 840 768 1176 680 3264 534396 1632
internal_value=-2.49393e-05 -7.76101e-05 -0.000117117 0.00207731 0.00257909 0.0055477 -0.00130345 -0.00634781 -0.00315139 -0.013346 -0.00559503 0.000634697 0.00479814 -0.000194695 -8.71131e-05 0.00208887 -0.00166337 -0.00782706 0.0077003 0.00141671 -0.000125704 -0.00176266
internal_weight=629728 591996 581340 10656 10240 4936 1448 2784 1940 524 1124 1416 964 5304 578556 10080 6048 2016 4032 4032 568476 34080
internal_count=629728 591996 581340 10656 10240 4936 1448 2784 1940 524 1124 1416 964 5304 578556 10080 6048 2016 4032 4032 568476 34080
cat_boundaries=0 1 2
cat_threshold=45 74
is_linear=0
shrinkage=0.045


Tree=208
num_leaves=23
num_cat=6
split_feature=2 12 8 4 12 7 2 0 4 3 10 4 13 12 16 2 4 7 14 0 12 4
split_gain=13.6902 57.0727 52.7493 77.2677 67.3814 46.5522 81.2765 45.0988 63.076 37.3239 35.4068 38.6298 33.9426 47.4075 41.2546 32.6628 76.6634 61.756 55.1162 51.2028 44.8098 76.3374
threshold=8.5000000000000018 8.5000000000000018 85.975000000000009 0 -15.499999999999998 6.8050000000000006 6.5000000000000009 0.37952321767807012 1 2 9.1784673649152051 3 6.2500000000000018 -4.4999999999999991 20.085000000000004 12.500000000000002 4 24.685000000000006 22.27000000000001 0.72742789983749401 1.5000000000000002 5
decision_type=2 2 2 1 2 2 2 2 1 1 2 1 2 2 10 2 1 2 2 2 2 1
left_child=1 2 3 12 -5 6 -3 8 -7 -4 11 -9 13 -1 -15 16 17 -2 20 -19 21 -18
right_child=15 5 9 4 -6 7 -8 10 -10 -11 -12 -13 -14 14 -16 -17 18 19 -20 -21 -22 -23
leaf_value=-0.053214369740091937 -0.19678528044028623 -0.44039563857306674 0.035280379626561449 0.31267186500664501 -0.012689070103299194 -0.055750713262933953 0.16459657858095242 0.035845528557280237 0.11395933800263539 -0.079212334975794163 0.060495818063389918 -0.10079595379561634 0.13633758860332473 0.078055097871016235 -0.015991430816116585 -0.00020710012616479394 0.14386757132249783 0.14482833226643291 -0.027099352263086192 -0.078849282796410652 0.2295735601366064 -0.3032557005975714
leaf_weight=768 2208 976 940 324 5316 464 280 324 668 1152 648 976 4340 812 444 602080 948 264 4016 600 792 388
leaf_count=768 2208 976 940 324 5316 464 280 324 668 1152 648 976 4340 812 444 602080 948 264 4016 600 792 388
internal_value=-2.42961e-05 0.00118395 0.00257271 0.00372189 -0.000119427 -0.00332988 -0.010624 -0.000350422 0.00678571 -0.00401862 -0.0045 -0.0087788 0.00711418 0.00230997 0.00769078 -6.07314e-05 -0.00271914 -0.00850681 0.000190058 0.00166282 0.00604225 0.00100897
internal_weight=629728 18432 14096 12004 5640 4336 1256 3080 1132 2092 1948 1300 6364 2024 1256 611296 9216 3072 6144 864 2128 1336
internal_count=629728 18432 14096 12004 5640 4336 1256 3080 1132 2092 1948 1300 6364 2024 1256 611296 9216 3072 6144 864 2128 1336
cat_boundaries=0 1 2 3 4 5 6
cat_threshold=43 97 129 3 9 50
is_linear=0
shrinkage=0.045


Tree=209
num_leaves=23
num_cat=4
split_feature=15 12 4 7 4 9 7 0 16 4 12 7 16 1 14 7 4 16 2 9 2 9
split_gain=13.2503 29.7815 24.2771 19.2618 14.902 14.121 33.8393 40.8826 40.4086 38.0304 32.2872 23.6845 19.8312 20.4388 19.7106 74.9813 34.1884 25.2451 22.5181 21.2193 60.5233 59.4671
threshold=1049.3950000000002 -1.4999999999999998 0 17.360000000000003 1 426.7600000000001 16.125000000000004 0.51026669144630443 25.055000000000003 2 14.500000000000002 23.835000000000004 26.585000000000004 15.750000000000002 1770.9850000000004 13.735000000000001 3 16.055000000000003 241.50000000000003 130.82979166666669 247.50000000000003 89.106666666666669
decision_type=10 2 1 2 1 2 2 2 10 1 2 2 10 2 2 2 1 8 2 2 2 2
left_child=5 4 3 -3 -2 14 7 -7 -8 12 -11 -12 -10 -14 19 -16 -17 -18 -19 21 -21 -1
right_child=1 2 -4 -5 -6 6 8 -9 9 10 11 -13 13 -15 15 16 17 18 -20 20 -22 -23
leaf_value=0.00018705300671259778 3.818573837310641 65.456371127164829 -9.1504542479760822 -3.6041677990988545 -0.14987754978489651 -0.074091496825022904 0.04587112936533834 0.33990911032076593 0.07540108379764536 0.10091985160383839 0.030132997327368252 -0.06859165951310893 -0.26673034495489822 0.21692589924711775 0.091766813711198714 0.0083652209143351731 0.054580215666939116 -0.13975972764736264 -0.030031586346690106 0.0091640409335970122 0.32864769802902011 -0.025493853331635126
leaf_weight=592480 204 252 872 820 188 452 1468 284 100 1656 208 216 565 195 608 836 176 1068 1040 10996 836 14208
leaf_count=592480 204 252 872 820 188 452 1468 284 100 1656 208 216 565 195 608 836 176 1068 1040 10996 836 14208
internal_value=-2.5368e-05 -0.00340676 -0.00568859 -0.00107934 0.00788071 -1.27671e-05 0.00233482 -0.00658537 0.00382653 0.000780082 0.00406549 -0.00697183 -0.00712156 -0.00968504 -3.21816e-05 -0.00329357 -0.00611147 -0.00893728 -0.0103436 -1.25137e-05 0.00187468 -4.9325e-05
internal_weight=629728 2336 1944 1072 392 627392 5144 736 4408 2940 2080 424 860 760 622248 3728 3120 2284 2108 618520 11832 606688
internal_count=629728 2336 1944 1072 392 627392 5144 736 4408 2940 2080 424 860 760 622248 3728 3120 2284 2108 618520 11832 606688
cat_boundaries=0 1 2 3 4
cat_threshold=14 82 2 9
is_linear=0
shrinkage=0.045


Tree=210
num_leaves=23
num_cat=4
split_feature=0 14 17 16 17 17 15 9 4 13 2 2 4 2 4 2 2 10 2 2 2 4
split_gain=13.0497 40.381 33.3114 30.124 30.2416 29.6766 34.885 47.604 58.2809 43.8775 67.0121 58.9108 74.0035 51.904 49.3153 45.7994 65.428 42.9292 90.8527 83.6932 75.9398 71.9488
threshold=0.36663097143173223 3151.5450000000005 4.1449999999999969 17.195000000000004 -10.055000000000001 -7.8399999999999972 16.665000000000003 40.770416666666669 0 7.7450000000000028 8.5000000000000018 20.500000000000004 1 2.5000000000000004 2 327.50000000000006 325.50000000000006 9.7003721270747363 294.50000000000006 290.50000000000006 282.50000000000006 3
decision_type=2 2 10 8 10 8 10 2 1 2 2 2 1 2 1 2 2 2 2 2 2 1
left_child=1 2 5 4 -2 -1 9 -8 -9 11 -11 12 -7 -14 -15 16 17 18 19 20 -13 -20
right_child=3 -3 -4 -5 -6 6 7 8 -10 10 -12 15 13 14 -16 -17 -18 -19 21 -21 -22 -23
leaf_value=-0.036743556654751916 -0.065905571820025474 -0.097772319749199588 -0.04868335663352262 -0.0012907665227290927 -0.010412163749420078 -0.15975721395628217 0.014778260010601819 0.0078436647476891625 -0.026127917461672322 0.14833039088826463 0.017792193796755069 0.0078506330501242842 -0.10089223219057111 0.15489146000897483 -0.031844582341385763 -0.020170703664935147 0.14535151387321973 -0.0043002765389231982 -0.12058460817855206 -0.074998260089655114 0.13970521351812007 0.11261900703854315
leaf_weight=4772 2996 228 6712 400960 8384 2440 55056 4004 5288 1108 16016 38536 508 1248 3220 11428 364 61224 468 1132 460 3176
leaf_count=4772 2996 228 6712 400960 8384 2440 55056 4004 5288 1108 16016 38536 508 1248 3220 11428 364 61224 468 1132 460 3176
internal_value=-2.35815e-05 0.000258545 0.000278502 -0.000172321 -0.00245519 0.000378047 0.000459456 0.00132797 -0.00165107 6.39992e-05 0.00219929 -0.000230424 -0.00411903 -0.000956295 0.00059396 1.65682e-05 0.000310074 0.000243862 0.00131996 0.000701969 0.00105236 0.00812123
internal_weight=629728 217388 217160 412340 11380 210448 205676 64348 9292 141328 17124 124204 7416 4976 4468 116788 105360 104996 43772 40128 38996 3644
internal_count=629728 217388 217160 412340 11380 210448 205676 64348 9292 141328 17124 124204 7416 4976 4468 116788 105360 104996 43772 40128 38996 3644
cat_boundaries=0 1 2 3 4
cat_threshold=50 72 5 2
is_linear=0
shrinkage=0.045


Tree=211
num_leaves=23
num_cat=2
split_feature=10 7 4 8 9 2 1 2 14 2 12 0 7 2 10 2 7 7 12 4 14 1
split_gain=12.8086 65.5191 39.522 68.6827 67.8721 55.1063 163.237 70.5795 69.2183 40.8997 58.3462 59.3478 42.5725 37.3837 47.6396 57.7351 61.8408 47.9948 49.4135 49.5504 40.6344 36.7149
threshold=5.7258828959067705 21.275000000000002 0 27.090000000000003 15.187916666666668 347.50000000000006 10.000000000000002 169.50000000000003 9.1700000000000017 49.500000000000007 -6.4999999999999991 0.28982542455196386 17.265000000000004 131.50000000000003 3.7489656525387995 74.500000000000014 14.535000000000002 18.785000000000004 12.500000000000002 1 13.115000000000002 14.000000000000002
decision_type=2 2 1 2 2 2 2 2 2 2 2 2 2 2 2 2 2 2 2 1 2 2
left_child=1 2 3 4 -1 7 8 13 -7 12 -11 -12 -5 14 -4 17 -17 18 -16 -20 -15 -14
right_child=-2 -3 5 9 -6 6 -8 -9 -10 10 11 -13 21 20 15 16 -18 -19 19 -21 -22 -23
leaf_value=0.027257876109994656 0.0003477252548788697 -0.058515656849150638 -0.093825972756778286 -0.095810333364778968 0.14253070977977347 0.095531909295318782 0.18060667242763809 -0.03878822611702927 -0.15828949009800433 0.22418702283740058 0.063083791105514 -0.011435495231873422 -0.013236487867078046 0.21273053362171668 -0.0088194538018880539 -0.033243715409497041 -0.15131045050278438 0.19336461201678179 0.31276172686032572 0.020676647200898058 -0.014121843252497861 0.17321442774701487
leaf_weight=2496 581632 2592 768 2880 1536 360 1288 7200 560 428 992 3956 504 832 13560 4032 480 960 476 1228 608 360
leaf_count=2496 581632 2592 768 2880 1536 360 1288 7200 560 428 992 3956 504 832 13560 4032 480 960 476 1228 608 360
internal_value=-2.30813e-05 -0.000728824 -0.000332264 0.00174681 0.00663733 -0.0011777 0.005681 -0.00168082 -0.00878525 -0.000414383 0.00210022 0.000718182 -0.00402429 -0.000460865 -0.000931135 -0.000522953 -0.00502437 0.000729385 0.000114961 0.00733294 0.0065534 0.00472864
internal_weight=629728 48096 45504 13152 4032 32352 2208 30144 920 9120 5376 4948 3744 22944 21504 20736 4512 16224 15264 1704 1440 864
internal_count=629728 48096 45504 13152 4032 32352 2208 30144 920 9120 5376 4948 3744 22944 21504 20736 4512 16224 15264 1704 1440 864
cat_boundaries=0 1 2
cat_threshold=66 32
is_linear=0
shrinkage=0.045


Tree=212
num_leaves=23
num_cat=5
split_feature=2 12 8 4 12 7 2 15 3 4 2 4 7 14 0 12 4 14 9 10 15 1
split_gain=12.8354 53.8332 51.1912 71.3653 63.3189 44.1237 70.915 43.8214 34.4658 31.0593 30.6074 67.675 55.3528 50.3657 49.4595 43.2904 71.5753 37.4989 30.5943 42.9799 39.4395 29.8165
threshold=8.5000000000000018 8.5000000000000018 85.975000000000009 0 -15.499999999999998 6.8050000000000006 6.5000000000000009 17.885000000000002 1 2 12.500000000000002 3 24.685000000000006 22.045000000000005 0.82446840405464183 1.5000000000000002 4 13.664999999999997 19.032083333333336 9.962024296025751 10.985000000000001 17.250000000000004
decision_type=2 2 2 1 2 2 2 10 1 1 2 1 2 2 2 2 1 2 2 2 8 2
left_child=1 2 3 -1 -5 6 -3 9 -4 -7 11 12 17 15 -14 16 21 -2 -15 20 -20 -13
right_child=10 5 8 4 -6 7 -8 -9 -10 -11 -12 13 14 18 -16 -17 -18 -19 19 -21 -22 -23
leaf_value=0.077683608288157818 -0.032895091814479513 -0.4191587991074448 0.03372678201511739 0.29859049531997445 -0.01158252094849061 0.12106359586039503 0.15410493252526566 -0.04010749921194804 -0.075613760430132237 -0.019059873389476779 -0.00017391759015782048 -0.1011720998918698 0.12251158318074956 -0.31713416257874061 -0.11384802623059201 0.22689143789283453 -0.28957517459892951 -0.27246103411044637 0.31994316714313586 0.018296403085217551 -0.087050435581502425 0.19048107092930947
leaf_weight=6364 668 976 940 324 5316 648 280 1896 1152 536 602080 229 396 348 468 776 388 1540 120 2452 1116 715
leaf_count=6364 668 976 940 324 5316 648 280 1896 1152 536 602080 229 396 348 468 776 388 1540 120 2452 1116 715
internal_value=-2.25811e-05 0.00114734 0.0024961 0.00362819 -6.36943e-05 -0.00323651 -0.0103378 -0.000335821 -0.00399713 0.00645025 -5.78605e-05 -0.00263126 -0.00806907 0.000102339 0.00155889 0.00573697 0.000809595 -0.011871 -0.00284175 -0.00163415 -0.00846931 0.00748431
internal_weight=629728 18432 14096 12004 5640 4336 1256 3080 2092 1184 611296 9216 3072 6144 864 2108 1332 2208 4036 3688 1236 944
internal_count=629728 18432 14096 12004 5640 4336 1256 3080 2092 1184 611296 9216 3072 6144 864 2108 1332 2208 4036 3688 1236 944
cat_boundaries=0 1 2 3 4 5
cat_threshold=43 129 28 9 50
is_linear=0
shrinkage=0.045


Tree=213
num_leaves=23
num_cat=5
split_feature=17 5 17 5 18 5 18 18 5 12 17 1 18 12 18 1 2 4 7 1 2 12
split_gain=12.7281 67.2719 51.7178 46.6844 39.8631 40.13 31.6884 29.3305 34.5975 25.4702 25.1054 24.03 24.872 23.3958 23.9044 22.3419 22.3415 21.4224 52.2144 46.9571 31.9774 31.6241
threshold=0.46499999999999991 0 23.025000000000002 1 -0.149999999999995 2 -46.554999999999993 6.8400000000000016 3 2.5000000000000004 -57.42499999999999 20.750000000000004 -16.204999999999998 1.5000000000000002 -24.94499999999999 19.000000000000004 313.50000000000006 4 6.8050000000000006 5.5000000000000009 12.500000000000002 8.5000000000000018
decision_type=10 1 10 1 10 1 8 10 1 2 8 2 10 2 10 2 2 1 2 2 2 2
left_child=3 2 -2 10 5 -5 -7 17 16 -10 15 12 -8 14 -4 -1 -9 19 -19 -3 -21 -22
right_child=1 7 13 4 -6 6 11 8 9 -11 -12 -13 -14 -15 -16 -17 -18 18 -20 20 21 -23
leaf_value=-0.23891157183273837 -0.011942050418372903 -0.018135462633531146 -0.38634461285314536 -0.00039576402292904766 0.0053258533437282544 -0.53046235629100114 -0.24112981927498447 0.034799792790134031 -0.041650273686795178 0.019200667312781156 0.0090808603883963234 -0.0007068934719637631 -0.015263174395491269 -0.11469372528318453 -0.45131799296489339 0.75478374520246494 0.08560277941049281 0.022974875407090485 -0.015253062343212578 -0.063278364718269559 0.0062456721026403492 0.024566251161262792
leaf_weight=498 58942 14408 1622 126626 85170 1581 1401 31938 9187 8579 89258 21731 38600 2326 2839 1947 3594 11049 50295 2396 47211 18530
leaf_count=498 58942 14408 1622 126626 85170 1581 1401 31938 9187 8579 89258 21731 38600 2326 2839 1947 3594 11049 50295 2396 47211 18530
internal_value=-2.13663e-05 -0.000260328 -0.00150694 0.000149912 -0.000143201 -0.000505933 -0.00143083 0.000155287 0.00105704 -0.000564462 0.00102914 -0.0012698 -0.00192417 -0.00522647 -0.00713365 0.00552615 0.0018674 -0.000178729 -0.000815568 0.000294615 0.000788205 0.000974362
internal_weight=629728 262916 65729 366812 275109 189939 63313 197187 53298 17766 91703 61732 40001 6787 4461 2445 35532 143889 61344 82545 68137 65741
internal_count=629728 262916 65729 366812 275109 189939 63313 197187 53298 17766 91703 61732 40001 6787 4461 2445 35532 143889 61344 82545 68137 65741
cat_boundaries=0 1 2 3 4 5
cat_threshold=1 1 6 12 15
is_linear=0
shrinkage=0.045


Tree=214
num_leaves=23
num_cat=4
split_feature=2 12 9 7 4 12 15 3 10 13 7 1 1 2 2 4 7 0 14 12 12 4
split_gain=12.8085 46.1691 46.4278 46.0051 68.6233 62.2871 45.196 44.3529 39.7333 36.1349 34.2706 32.6536 30.3067 51.448 27.968 60.8452 49.7761 48.322 44.9431 39.1499 38.6142 68.9904
threshold=8.5000000000000018 8.5000000000000018 9.529791666666668 18.195000000000004 0 1.0000000180025095e-35 2.7250000000000005 1 8.085383969363054 2.5200000000000014 15.325000000000001 11.250000000000002 21.000000000000004 6.5000000000000009 12.500000000000002 2 24.685000000000006 0.72742789983749401 22.045000000000005 6.5000000000000009 1.5000000000000002 3
decision_type=2 2 2 2 1 2 8 1 2 2 2 2 2 2 2 1 2 2 2 2 2 1
left_child=1 3 -3 4 5 8 -6 -5 11 -10 -7 -1 -8 -14 15 16 19 -18 20 -2 21 -17
right_child=14 2 -4 7 6 10 12 -9 9 -11 -12 -13 13 -15 -16 18 17 -19 -20 -21 -22 -23
leaf_value=-0.069375802297117525 -0.084889872486787962 -0.7644365629895804 -0.01822822291044162 0.069794623592293187 -0.10440126449730251 -0.093652738601611052 0.093435066784272505 -0.058748685176843417 0.052778369308121388 -0.038781850920850146 0.053192521539405388 0.13451306144511571 -0.037113634991319457 0.30912302717102591 -0.0002079251264725157 0.13273184883614833 0.13308881316764043 -0.07078626299050432 -0.024815489814081174 -0.3364022517506165 0.21695919209084882 -0.27618496521495994
leaf_weight=102 1468 344 3992 1104 476 1240 5872 2040 144 1044 232 614 1028 200 602080 944 264 600 4036 740 776 388
leaf_count=102 1468 344 3992 1104 476 1240 5872 2040 144 1044 232 614 1028 200 602080 944 264 600 4036 740 776 388
internal_value=-2.37959e-05 0.0011449 -0.00291494 0.00239396 0.00377123 -0.0015673 0.00614391 -0.00240305 0.00380115 -0.0012479 -0.00851764 0.0121588 0.00705224 0.000621951 -5.90383e-05 -0.00251898 -0.0076751 0.00145497 7.30994e-05 -0.0112805 0.00539573 0.000742129
internal_weight=629728 18432 4336 14096 10952 3376 7576 3144 1904 1188 1472 716 7100 1228 611296 9216 3072 864 6144 2208 2108 1332
internal_count=629728 18432 4336 14096 10952 3376 7576 3144 1904 1188 1472 716 7100 1228 611296 9216 3072 864 6144 2208 2108 1332
cat_boundaries=0 1 2 3 4
cat_threshold=20 193 9 50
is_linear=0
shrinkage=0.045


Tree=215
num_leaves=23
num_cat=5
split_feature=10 7 10 4 2 10 2 9 4 7 7 2 10 4 15 10 2 14 13 2 4 4
split_gain=13.2908 60.1344 36.9182 40.2793 46.6544 35.8203 94.2387 105.131 70.3728 64.8577 71.4321 60.7207 65.3197 58.0467 62.9674 56.6431 44.1407 59.7478 42.3527 42.0914 41.6406 36.5993
threshold=5.7258828959067705 22.665000000000003 5.0743159002927483 0 34.500000000000007 7.2365569622594146 346.50000000000006 24.766250000000003 1 15.085000000000003 9.8350000000000026 247.50000000000003 6.505580664378015 2 26.485000000000003 7.0336027543087267 319.50000000000006 17.415000000000006 5.110000000000003 256.50000000000006 3 4
decision_type=2 2 2 1 2 2 2 2 1 2 2 2 2 1 10 2 2 2 2 2 1 1
left_child=1 2 -1 4 -4 6 7 9 -8 10 16 12 -11 -9 -15 -10 -2 -18 -13 20 -16 -12
right_child=5 -3 3 -5 -6 -7 8 13 15 11 21 18 -14 14 19 -17 17 -19 -20 -21 -22 -23
leaf_value=0.0046400985979721558 -0.0071424575964839955 -0.076649134170057601 0.04680583228336304 -0.0087381427791298188 -0.059759136059316938 -0.00094395689536883325 0.005192845205118697 0.13689541006152942 -0.054942912939331637 0.037241099221287259 0.0067910050599464993 -0.070880651485934518 -0.053333643728339535 0.072084853126627796 0.14034471825298989 0.044710008616707722 0.15461845380012595 -0.024239282753894489 -0.021691382425235158 -0.10694358407528994 -0.15635267754648691 0.060750777039961776
leaf_weight=29184 21700 1632 768 12864 3648 516068 4512 4416 4128 2400 5472 1316 2008 2028 564 672 840 600 988 680 376 12864
leaf_count=29184 21700 1632 768 12864 3648 516068 4512 4416 4128 2400 5472 1316 2008 2028 564 672 840 600 988 680 376 12864
internal_value=-2.20809e-05 -0.000740987 -0.000442582 -0.0020909 -0.00579268 3.73689e-05 0.00102812 0.00172228 -0.00316459 0.000926333 0.00159048 -0.00317694 -8.16327e-05 0.00647719 0.00225 -0.00694825 -7.19471e-05 0.00755201 -0.00909367 -0.00435573 0.00181529 0.00368824
internal_weight=629728 48096 46464 17280 4416 581632 65564 56252 9312 48188 41476 6712 4408 8064 3648 4800 23140 1440 2304 1620 940 18336
internal_count=629728 48096 46464 17280 4416 581632 65564 56252 9312 48188 41476 6712 4408 8064 3648 4800 23140 1440 2304 1620 940 18336
cat_boundaries=0 1 2 3 4 5
cat_threshold=33 49 52 10 34
is_linear=0
shrinkage=0.045


Tree=216
num_leaves=23
num_cat=3
split_feature=11 17 5 7 7 2 4 9 2 2 2 2 2 2 10 10 13 7 2 4 2 9
split_gain=12.8957 12.9294 58.6699 38.2894 49.7016 57.3848 62.555 61.9571 62.8939 93.6667 66.8839 63.365 74.4424 123.75 55.0539 54.8145 52.3677 52.163 51.5361 50.9949 60.8485 68.9399
threshold=0.43750000000000006 -1.5050000000000006 0 17.265000000000004 15.035000000000002 127.50000000000001 1 55.754583333333336 307.50000000000006 348.50000000000006 270.50000000000006 257.50000000000006 225.50000000000003 183.50000000000003 32.168148041210976 9.3916403182056136 5.4200000000000017 10.580000000000002 347.50000000000006 2 29.500000000000004 14.951250000000003
decision_type=2 8 1 2 2 2 1 2 2 2 2 2 2 2 2 2 2 2 2 1 2 2
left_child=1 2 -1 4 5 19 7 8 10 16 11 12 13 15 -14 -7 -10 -18 -6 -3 -21 -22
right_child=-2 3 -4 -5 18 6 -8 -9 9 -11 -12 -13 14 -15 -16 -17 17 -19 -20 20 21 -23
leaf_value=0.020487076553601585 0.10966922244555154 0.0094989598563272916 -0.0019248705553147479 0.0062023025272265452 -0.015694873919911582 -0.046878426237673645 0.011444000419551724 -0.074418137218962288 -0.10659910598705225 0.015717563085838403 0.038109671939654942 -0.041192803686736071 0.031669286864660938 -0.058605743225234402 0.18414251071012014 0.047699905740610025 0.0091197310955895162 -0.091249704161811843 0.039237872914459161 0.012823989729612451 0.0088716929949586992 -0.033569004335786051
leaf_weight=50086 288 34812 150258 105680 67564 2300 90404 1612 2392 3864 7468 1684 2720 4672 588 5480 2600 1872 2188 18736 13224 59236
leaf_count=50086 288 34812 150258 105680 67564 2300 90404 1612 2392 3864 7468 1684 2720 4672 588 5480 2600 1872 2188 18736 13224 59236
internal_value=-2.16521e-05 -2.6023e-05 0.000272454 -0.000165382 -0.000408372 -0.000115841 0.000556604 -0.000995062 -0.000604764 -0.00348509 0.000635787 -0.000889889 -2.85497e-06 -0.00159708 0.00599547 0.00187934 -0.00663924 -0.00376173 -0.00147217 -0.00079708 -0.0013563 -0.0019475
internal_weight=629728 629440 200344 429096 323416 253664 127656 37252 35640 10728 24912 17444 15760 12452 3308 7780 6864 4472 69752 126008 91196 72460
internal_count=629728 629440 200344 429096 323416 253664 127656 37252 35640 10728 24912 17444 15760 12452 3308 7780 6864 4472 69752 126008 91196 72460
cat_boundaries=0 1 2 3
cat_threshold=1 34 10
is_linear=0
shrinkage=0.045


Tree=217
num_leaves=23
num_cat=5
split_feature=12 7 9 4 4 9 0 7 8 4 9 2 7 10 9 14 4 2 2 2 4 7
split_gain=13.0669 51.441 61.8852 114.226 59.586 49.2709 46.7591 82.241 46.0402 65.5816 63.6218 57.0476 45.6645 45.3489 35.3006 34.9183 33.2948 47.993 31.5155 67.2384 31.9996 31.0509
threshold=-9.4999999999999982 11.205000000000002 18.391666666666669 0 1 16.519375000000004 0.86136361956596386 21.065000000000001 31.250000000000004 2 20.403750000000006 53.500000000000007 4.0550000000000006 9.5636058292928912 20.935000000000006 20.735000000000007 3 26.500000000000004 24.500000000000004 16.500000000000004 4 16.285000000000004
decision_type=2 2 2 1 1 2 2 2 2 1 2 2 2 2 2 2 1 2 2 2 1 2
left_child=1 2 3 12 6 15 7 -3 10 -10 -6 14 -1 -4 -11 -5 -15 -18 19 -16 -20 -22
right_child=-2 4 13 5 8 -7 -8 -9 9 11 -12 -13 -14 16 18 -17 17 -19 20 -21 21 -23
leaf_value=-0.16021294460816082 -0.0007041384375905868 0.018918455119529901 0.12680071834781217 0.17907243299183007 -0.085259220695596299 -0.038720912806337403 -0.21198253205142203 0.35869275840711318 -0.23346137403554779 -0.20419902492345676 0.27780456010395688 -0.07591479012915138 -0.025771419095613757 -0.17634044441354743 0.028702673490759858 -0.0010776152375896152 0.26749352121945597 0.02968983249302392 0.10376991387751541 -0.60724916873100532 0.089290315792315625 -0.063757526565842645
leaf_weight=1064 598152 6496 1880 1532 372 984 1316 1132 936 420 552 3980 1204 280 1388 592 828 3152 1788 452 424 804
leaf_count=1064 598152 6496 1880 1532 372 984 1316 1132 936 420 552 3980 1204 280 1388 592 828 3152 1788 452 424 804
internal_value=-2.28669e-05 0.000869276 0.00326619 -0.00025939 -0.000506929 0.00533654 0.00222588 0.00357995 -0.00270534 -0.00358005 0.00690065 -0.002418 -0.00791447 0.00635217 0.000647973 0.00920743 0.00377992 0.00483592 0.00173219 -0.00290717 0.00456262 -0.00105242
internal_weight=629728 31576 11516 5376 20060 3108 8944 7628 11116 10192 924 9256 2268 6140 5276 2124 4260 3980 4856 1840 3016 1228
internal_count=629728 31576 11516 5376 20060 3108 8944 7628 11116 10192 924 9256 2268 6140 5276 2124 4260 3980 4856 1840 3016 1228
cat_boundaries=0 1 2 3 4 5
cat_threshold=40 37 64 4 10
is_linear=0
shrinkage=0.045


Tree=218
num_leaves=23
num_cat=2
split_feature=0 14 4 1 2 2 15 9 16 13 8 2 7 2 7 2 4 12 2 2 2 2
split_gain=12.6733 38.3009 33.5271 57.5239 77.9174 132.823 60.8954 59.584 55.8208 47.3261 46.9481 45.8634 44.2924 52.6496 55.1794 76.8131 51.3797 69.7082 51.7056 44.165 64.2338 84.1509
threshold=0.38492386043071752 3151.5450000000005 0 5.7500000000000009 296.50000000000006 308.50000000000006 42.235000000000007 18.217916666666671 37.605000000000011 1.9849999999999997 119.26500000000001 195.50000000000003 6.8050000000000006 359.50000000000006 11.565000000000003 361.50000000000006 1 8.5000000000000018 32.500000000000007 36.500000000000007 12.500000000000002 2.5000000000000004
decision_type=2 2 1 2 2 2 10 2 8 2 2 2 2 2 2 2 1 2 2 2 2 2
left_child=1 -1 3 6 7 10 9 -5 11 -2 -6 19 16 -14 -15 -16 18 -18 -4 20 21 -9
right_child=2 -3 12 4 5 -7 -8 8 -10 -11 -12 -13 13 14 15 -17 17 -19 -20 -21 -22 -23
leaf_value=0.0020714430018597212 0.015563093008879231 -0.09514970006339904 0.19137153814027713 -0.074187748889733965 -0.020347733260359893 -0.0018609852356178446 0.29427719182222317 0.29582363347516261 0.011690936449592055 -0.034333253876361075 -0.23110453823514096 0.041436832872717343 -0.0086034655904208817 0.34560233653861822 0.29844603027406913 -0.065415283809202876 -0.048254762810426635 0.12690306751674402 0.028819079848411526 0.0087739299504683305 0.13218935019850453 -0.048482718866705403
leaf_weight=245636 2720 240 3148 3647 733 12745 1798 619 33592 13587 1635 13923 245908 1116 1016 1104 7712 2140 9292 20520 5041 1856
leaf_count=245636 2720 240 3148 3647 733 12745 1798 619 33592 13587 1635 13923 245908 1116 1016 1104 7712 2140 9292 20520 5041 1856
internal_value=-2.40103e-05 0.000228223 -0.000185578 0.000467899 0.000913951 -0.00204681 -0.00185522 0.00147898 0.0017502 -0.00272196 -0.0118291 0.00284461 -0.00045622 -0.000628186 0.00507258 0.000805844 0.00146542 -0.000962591 0.0033862 0.00179596 0.00474661 -0.00118995
internal_weight=629728 245876 383852 112416 94311 15113 18105 79198 75551 16307 2368 41959 271436 249144 3236 2120 22292 9852 12440 28036 7516 2475
internal_count=629728 245876 383852 112416 94311 15113 18105 79198 75551 16307 2368 41959 271436 249144 3236 2120 22292 9852 12440 28036 7516 2475
cat_boundaries=0 1 2
cat_threshold=3 88
is_linear=0
shrinkage=0.045


Tree=219
num_leaves=23
num_cat=4
split_feature=2 4 8 2 2 2 8 4 10 12 4 16 2 2 2 7 2 2 4 2 8 9
split_gain=13.8773 89.1675 79.2001 78.1011 74.2422 66.7163 80.0454 89.2295 51.0349 48.7438 47.6053 46.2996 45.4919 69.3386 49.7608 122.126 114.112 100.381 225.861 123.858 119.756 108.913
threshold=339.50000000000006 0 78.870000000000019 355.50000000000006 358.50000000000006 347.50000000000006 31.960000000000004 1 4.8877685971029914 -9.4999999999999982 2 11.685 312.50000000000006 316.50000000000006 283.50000000000006 17.695000000000004 282.50000000000006 294.50000000000006 3 302.50000000000006 42.07500000000001 22.701666666666672
decision_type=2 1 2 2 2 2 2 1 2 2 1 8 2 2 2 2 2 2 1 2 2 2
left_child=12 2 3 5 8 6 7 -2 -3 -10 -5 -6 14 -14 16 17 -1 -16 21 -20 -21 -19
right_child=1 4 -4 10 11 -7 -8 -9 9 -11 -12 -13 13 -15 15 -17 -18 18 19 20 -22 -23
leaf_value=0.00013324016074277715 0.25485879323898919 0.062744968565055001 -0.090609257581546906 0.034740528383364853 -0.12460089216033801 0.060881469545126778 -0.046025076490259248 -0.064963119698087213 0.0062326689382954928 -0.058559968277215504 -0.023788044758836467 0.012682356124490495 0.095061765081986577 0.0081995868975516684 -0.031069876975172078 -0.078584225959901624 0.088255787813046785 0.20250883338885886 0.035558606280738189 0.066274540097337978 -0.071028487024544604 0.024739575976654497
leaf_weight=501408 672 384 1824 2976 252 6720 3744 288 1860 9276 7584 5124 6144 35328 15264 7968 1536 2912 6432 1728 7968 2336
leaf_count=501408 672 384 1824 2976 252 6720 3744 288 1860 9276 7584 5124 6144 35328 15264 7968 1536 2912 6432 1728 7968 2336
internal_value=-2.4439e-05 -0.000828011 0.000946474 0.00169471 -0.00332683 0.00427315 0.000162558 0.0117412 -0.00536626 -0.00592297 -0.00109496 0.00103756 3.10937e-05 0.00146803 -7.77458e-05 -0.00151816 5.00153e-05 -0.00042001 0.00157031 -0.00107063 -0.00428284 0.0096673
internal_weight=629728 40704 23808 21984 16896 11424 4704 960 11520 11136 10560 5376 589024 41472 547552 44608 502944 36640 21376 16128 9696 5248
internal_count=629728 40704 23808 21984 16896 11424 4704 960 11520 11136 10560 5376 589024 41472 547552 44608 502944 36640 21376 16128 9696 5248
cat_boundaries=0 1 2 3 4
cat_threshold=113 64 32 72
is_linear=0
shrinkage=0.045


Tree=220
num_leaves=23
num_cat=3
split_feature=2 4 8 2 2 2 8 4 10 7 10 12 4 14 12 2 1 15 1 0 8 8
split_gain=12.6847 81.2399 70.8332 70.1606 68.1625 59.749 75.5821 83.9393 49.5611 45.394 47.7244 44.5732 43.5392 44.2778 60.2366 43.399 90.1354 38.5865 37.3674 35.5215 37.3985 53.4823
threshold=339.50000000000006 0 78.870000000000019 355.50000000000006 358.50000000000006 347.50000000000006 31.960000000000004 1 4.8877685971029914 14.005000000000001 4.5715845334704204 -9.4999999999999982 2 12.035 7.5000000000000009 338.50000000000006 5.7500000000000009 21.555000000000003 14.750000000000002 0.32893607020378118 31.625000000000004 47.165000000000006
decision_type=2 1 2 2 2 2 2 1 2 2 2 2 1 2 2 2 2 10 2 2 2 2
left_child=15 2 3 5 8 6 7 -2 -3 -6 17 -10 13 14 -5 -1 -17 -11 -15 -14 -21 -22
right_child=1 4 -4 12 9 -7 -8 -9 11 10 -12 -13 19 18 -16 16 -18 -19 -20 20 21 -23
leaf_value=0.00010078782205565296 0.24339014754323471 0.059921444979627508 -0.086531840990377293 0.06616905909524913 -0.015158333103487874 0.058141803415596084 -0.043953948048197571 -0.062039779311673295 0.0059521988360721981 0.030384480659760564 0.24347948060048208 -0.055924769704740807 -0.049446893087653147 0.083686659812521116 -0.21900169539089448 -0.060102654134239951 0.18926940324479943 -0.055809540855232577 -0.01128005384121776 -0.070306666814336616 0.061612823084288816 -0.034295748559723928
leaf_weight=587488 672 384 1824 604 3072 6720 3744 288 1860 664 1152 9276 3120 1381 336 368 1168 488 655 700 1840 1924
leaf_count=587488 672 384 1824 604 3072 6720 3744 288 1860 664 1152 9276 3120 1381 336 368 1168 488 655 700 1840 1924
internal_value=-2.43676e-05 -0.000792635 0.000901134 0.00160875 -0.00317779 0.0040526 0.000162558 0.0114137 -0.00513192 0.00100409 0.00577624 -0.00568055 -0.00103532 0.00356928 -0.00449045 2.87254e-05 0.00757802 -0.000701906 0.00730864 -0.0028436 -0.000272056 0.00150558
internal_weight=629728 40704 23808 21984 16896 11424 4704 960 11520 5376 2304 11136 10560 2976 940 589024 1536 1152 2036 7584 4464 3764
internal_count=629728 40704 23808 21984 16896 11424 4704 960 11520 5376 2304 11136 10560 2976 940 589024 1536 1152 2036 7584 4464 3764
cat_boundaries=0 1 2 3
cat_threshold=113 64 32
is_linear=0
shrinkage=0.045


Tree=221
num_leaves=23
num_cat=2
split_feature=10 7 1 1 4 8 9 2 12 16 2 1 13 2 2 10 2 7 12 4 14 0
split_gain=12.7307 55.3447 33.8923 42.5841 33.1212 66.6859 62.2267 40.5797 54.4291 58.7828 39.541 137.777 63.1098 58.3248 33.0371 43.742 49.6434 63.0326 44.6152 46.7238 37.1467 32.1616
threshold=5.7258828959067705 22.665000000000003 11.750000000000002 17.000000000000004 0 27.090000000000003 15.187916666666668 49.500000000000007 -6.4999999999999991 16.655000000000005 347.50000000000006 10.000000000000002 9.4150000000000045 169.50000000000003 131.50000000000003 3.7489656525387995 74.500000000000014 14.535000000000002 13.500000000000002 1 12.550000000000001 0.14360589534044269
decision_type=2 2 2 2 1 2 2 2 2 10 2 2 2 2 2 2 2 2 2 1 2 2
left_child=1 4 -3 -4 5 6 21 -7 -9 -10 13 12 -12 14 15 -6 18 -18 -17 -20 -16 -1
right_child=-2 2 3 -5 10 7 -8 8 9 -11 11 -13 -14 -15 20 16 17 -19 19 -21 -22 -23
leaf_value=-0.16393400230833083 0.00034481705703232036 -0.18425048379183553 0.072641543667846642 -0.083885116301620821 -0.088231182536176914 -0.045590261866061361 0.13203961995016877 0.18209720174720717 0.05336904973147092 -0.016756476472725979 -0.11393217487841277 0.16547482274423611 0.16081781870020256 -0.034771279036031506 0.21871210980325581 -0.0018401456121737625 -0.030870351600379257 -0.14276978060083945 0.30823498361891721 0.019788328101617007 -0.0092229968758700438 0.047315764178193567
leaf_weight=292 581632 799 357 476 768 4032 1536 428 1788 3256 744 1288 176 7200 784 15320 4032 480 392 1088 656 2204
leaf_count=292 581632 799 357 476 768 4032 1536 428 1788 3256 744 1288 176 7200 784 15320 4032 480 392 1088 656 2204
internal_value=-2.42961e-05 -0.000727889 -0.00886781 -0.00250599 -0.000441613 0.00143158 0.00628037 -0.000624869 0.00189898 0.000588585 -0.00121175 0.00460181 -0.00868764 -0.00163026 -0.000545234 -0.000976134 -0.000595383 -0.00478511 0.000530294 0.00798583 0.00605409 0.00189151
internal_weight=629728 48096 1632 833 46464 13536 4032 9504 5472 5044 32928 2208 920 30720 23520 22080 21312 4512 16800 1480 1440 2496
internal_count=629728 48096 1632 833 46464 13536 4032 9504 5472 5044 32928 2208 920 30720 23520 22080 21312 4512 16800 1480 1440 2496
cat_boundaries=0 1 2
cat_threshold=66 32
is_linear=0
shrinkage=0.045


Tree=222
num_leaves=23
num_cat=1
split_feature=2 4 8 9 8 2 12 12 2 1 16 10 14 1 8 14 7 1 14 8 12 8
split_gain=13.1385 72.2603 61.93 66.7268 92.8443 61.6097 43.281 42.932 41.3895 81.9046 39.8405 39.2889 42.6437 35.9494 68.1026 44.5107 33.7201 33.555 39.0021 38.006 33.1961 33.0705
threshold=339.50000000000006 0 78.870000000000019 18.391666666666669 31.960000000000004 358.50000000000006 -9.4999999999999982 14.500000000000002 338.50000000000006 5.7500000000000009 11.685 5.213652216696981 19.52000000000001 6.0000000000000009 60.985000000000007 23.405000000000005 13.025 14.750000000000002 36.535000000000011 47.165000000000006 -6.4999999999999991 27.495000000000001
decision_type=2 1 2 2 2 2 2 2 2 2 8 2 2 2 2 2 2 2 2 2 2 2
left_child=8 2 3 -2 7 6 -3 -5 -1 -10 -7 -6 16 14 15 -8 -13 18 -14 -19 -12 -15
right_child=1 5 -4 4 11 10 13 -9 9 -11 20 12 17 21 -16 -17 -18 19 -20 -21 -22 -23
leaf_value=0.00012582577086647561 -0.020238164511216961 0.010700072999448524 -0.082653424913376752 0.19495707958939382 -0.11916085913613718 -0.11832724379103228 0.000162045014028079 -0.06520875131498774 -0.057413551465765593 0.18073676333121702 -0.13789182546068113 0.16672725657729154 0.0014943453470703557 0.047139260277578171 0.39725377148429547 -0.09663992725088684 0.018700064367149681 0.020930113483222355 0.087975387576454886 -0.065674914574893287 0.017384808898893864 -0.079250957974923347
leaf_weight=587488 5952 1948 1824 1216 384 252 1524 128 368 1168 336 2512 5035 256 408 948 1992 1135 1897 1733 4788 6436
leaf_count=587488 5952 1948 1824 1216 384 252 1524 128 368 1168 336 2512 5035 256 408 948 1992 1135 1897 1733 4788 6436
internal_value=-2.40103e-05 -0.000805901 0.000791562 0.0014532 0.0029637 -0.00305536 -0.00491321 0.0142756 3.00241e-05 0.00740247 0.000920417 0.00192682 0.00230882 -0.0061573 -0.00195177 -0.00476556 0.00593209 0.000642726 0.00233631 -0.00344948 0.00178209 -0.00796609
internal_weight=629728 40704 23808 21984 16032 16896 11520 1344 589024 1536 5376 14688 14304 9572 2880 2472 4504 9800 6932 2868 5124 6692
internal_count=629728 40704 23808 21984 16032 16896 11520 1344 589024 1536 5376 14688 14304 9572 2880 2472 4504 9800 6932 2868 5124 6692
cat_boundaries=0 1
cat_threshold=113
is_linear=0
shrinkage=0.045


Tree=223
num_leaves=23
num_cat=4
split_feature=10 7 13 12 4 8 9 7 7 4 1 4 7 9 2 8 10 9 12 4 2 0
split_gain=12.4281 63.9894 36.2413 36.9365 34.8542 60.8956 49.2212 48.091 64.7105 58.298 39.8614 96.2923 69.942 51.6392 119.668 60.761 50.388 40.3835 37.1491 36.9506 33.6812 31.662
threshold=5.5788980343238519 21.275000000000002 2.3100000000000018 7.5000000000000009 0 27.090000000000003 15.187916666666668 18.705000000000002 14.945000000000002 1 13.000000000000002 2 8.6100000000000012 16.865833333333338 31.500000000000004 28.925000000000004 4.1304393559524266 19.359583333333337 14.500000000000002 3 117.50000000000001 0.21034544706344607
decision_type=2 2 2 2 1 2 2 2 2 1 2 1 2 2 2 2 2 2 2 1 2 2
left_child=1 4 3 -3 5 6 -1 8 10 -9 13 16 -13 14 -6 18 -12 -18 -16 -17 -20 -14
right_child=-2 2 -4 -5 7 -7 -8 9 -10 -11 11 12 21 -15 15 19 17 -19 20 -21 -22 -23
leaf_value=0.031119649324449161 0.00034312275533325716 0.081209600769534637 -0.072426389007652178 -0.077135287254215965 0.36793736787048692 -0.0033123825920387661 0.12556414933701956 -0.13462830210783674 -0.040094328221648663 0.3281033275304589 0.12950928720664021 -0.1009525863117105 0.22583576764144467 -0.037194767963339662 -0.060285836860393405 0.18841691233177563 0.007826341688317728 0.1392731274719767 0.099402976904326312 -0.12808466411084737 -0.17773191132942417 -0.010594758603094423
leaf_weight=2400 584320 292 1844 264 832 8448 1536 192 5472 768 1232 1188 164 7072 3480 676 3784 1452 672 156 216 3268
leaf_count=2400 584320 292 1844 264 832 8448 1536 192 5472 768 1232 1188 164 7072 3480 676 3784 1452 672 156 216 3268
internal_value=-2.21524e-05 -0.000739264 -0.00788718 0.00217742 -0.000340037 0.00167352 0.00629634 -0.00115452 -0.00147593 0.0087474 -0.000476151 0.00150947 -0.00344883 -0.00215626 0.000902386 -0.00163495 0.00504861 0.00312715 -0.00375858 0.0094964 0.00444944 -0.000196564
internal_weight=629728 45408 2400 556 43008 12384 3936 30624 29664 960 24192 11088 4620 13104 6032 5200 6468 5236 4368 832 888 3432
internal_count=629728 45408 2400 556 43008 12384 3936 30624 29664 960 24192 11088 4620 13104 6032 5200 6468 5236 4368 832 888 3432
cat_boundaries=0 1 2 3 4
cat_threshold=66 9 28 52
is_linear=0
shrinkage=0.045


Tree=224
num_leaves=23
num_cat=1
split_feature=0 8 17 7 16 4 12 8 2 8 2 2 2 2 10 8 16 16 10 2 7 1
split_gain=12.3627 34.1012 31.5897 28.8343 28.2293 28.9796 67.1227 59.1967 61.8802 71.8563 95.9685 90.1304 60.9747 60.2631 92.4132 54.2019 73.0598 49.9919 47.4791 44.4407 40.7034 62.4186
threshold=0.36663097143173223 2756.4200000000005 4.2600000000000007 9.4150000000000009 17.195000000000004 0 13.500000000000002 44.210000000000008 12.500000000000002 193.34500000000003 302.50000000000006 22.500000000000004 315.50000000000006 147.50000000000003 97.157973412293032 85.265000000000015 37.605000000000011 50.185000000000009 7.4886039574828294 323.50000000000006 5.9350000000000014 8.2500000000000018
decision_type=2 2 10 2 8 1 2 2 2 2 2 2 2 2 2 2 8 8 2 2 2 2
left_child=1 2 -1 -4 -2 6 7 18 -9 11 13 17 -12 -11 -15 16 -13 -10 -6 -20 21 -7
right_child=4 -3 3 -5 5 20 -8 8 9 10 12 15 -14 14 -16 -17 -18 -19 19 -21 -22 -23
leaf_value=0.0030115685236770679 -0.0226217582013713 -0.082705486809967088 -0.069405135681837829 0.034293132462170542 -0.0034726079682268012 0.081065211257266734 -0.018610214347972526 -0.043505184116815178 0.31857042091861554 -0.069608001056734342 -0.15222058605088815 0.023236934279461826 0.030554162337255681 0.12851813136595208 -0.010291078983377885 0.05811395575683137 -0.043580248303836153 0.018141528384166595 -0.12109743025974619 0.025491156957201225 -0.0056904019267598306 -0.0041435733055922228
leaf_weight=210788 11380 308 5252 1040 10192 6250 13060 3720 3188 6672 1636 25736 848 4064 6700 23668 12684 1216 2284 952 266344 11746
leaf_count=210788 11380 308 5252 1040 10192 6250 13060 3720 3188 6672 1636 25736 848 4064 6700 23668 12684 1216 2284 952 266344 11746
internal_value=-2.14378e-05 0.000253163 0.000274458 -0.00286702 -0.000166209 -0.000103476 0.000493861 0.000877301 0.00129258 0.00153725 -0.000833501 0.0022475 -0.00910499 0.000345797 0.00242848 0.00180609 0.000762454 0.00846686 -0.0019099 -0.00665689 -0.000348477 0.00172269
internal_weight=629728 217388 217080 6292 412340 400960 116620 103560 90132 86412 19920 66492 2484 17436 10764 62088 38420 4404 13428 3236 284340 17996
internal_count=629728 217388 217080 6292 412340 400960 116620 103560 90132 86412 19920 66492 2484 17436 10764 62088 38420 4404 13428 3236 284340 17996
cat_boundaries=0 1
cat_threshold=3
is_linear=0
shrinkage=0.045


Tree=225
num_leaves=23
num_cat=6
split_feature=17 15 4 8 7 10 12 4 8 4 7 3 2 4 2 2 4 2 0 1 2 10
split_gain=11.9867 15.186 16.1914 15.0216 12.3282 71.1127 45.0137 78.8266 55.1001 48.5181 58.6562 55.7307 45.3803 41.4396 63.8163 102.286 60.0465 54.4699 49.529 48.2014 61.6334 40.4801
threshold=383.40000000000015 357.34000000000009 0 561.5200000000001 20.785000000000004 5.4919725766895491 14.500000000000002 1 106.74500000000002 2 23.015000000000004 3 317.50000000000006 4 27.500000000000004 22.500000000000004 5 39.500000000000007 0.99109077453613292 6.0000000000000009 14.500000000000002 28.940976263698946
decision_type=10 10 1 2 2 2 2 1 2 1 2 1 2 1 2 2 1 2 2 2 2 2
left_child=4 3 -3 -2 -1 -6 8 12 13 10 11 -10 -8 14 15 18 -17 -16 19 20 -7 -11
right_child=1 2 -4 -5 5 6 7 -9 9 21 -12 -13 -14 -15 17 16 -18 -19 -20 -21 -22 -23
leaf_value=-0.00077311627524724244 -4.2757709831562751 -14.046376747342913 -3.5122437518322878 1.7089370021037906 -0.049075522442519601 -0.10555232172268116 0.022798670059216434 -0.057942447763240208 0.075240129011534318 -0.17486321049774894 0.18022004523929838 -0.1196096588750086 -0.08837787583279931 0.01775833214129182 0.28880443146705159 -0.0048709827156441536 -0.37140311562244072 0.087990518282420022 -0.1899484912809648 0.41238891752019657 0.45893780255021688 -0.0094806321434548965
leaf_weight=569996 100 440 1196 536 2496 304 3464 3252 840 2252 6088 1304 280 12164 1344 1136 752 5500 416 1560 272 14036
leaf_count=569996 100 440 1196 536 2496 304 3464 3252 840 2252 6088 1304 280 12164 1344 1136 752 5500 416 1560 272 14036
internal_value=-2.37245e-05 -0.00328496 -0.00557692 0.00260972 -1.19052e-05 0.00061632 0.000953771 -0.00241783 0.00144559 -4.58772e-05 0.00276747 -0.00362768 0.00203674 0.00300512 0.00496769 0.000769923 -0.00716667 0.0076972 0.00664252 0.00940833 -0.0017128 -0.00146871
internal_weight=629728 2272 1636 636 627456 57460 54964 6996 47968 24520 8232 2144 3744 23448 11284 4440 1888 6844 2552 2136 576 16288
internal_count=629728 2272 1636 636 627456 57460 54964 6996 47968 24520 8232 2144 3744 23448 11284 4440 1888 6844 2552 2136 576 16288
cat_boundaries=0 1 2 3 4 5 6
cat_threshold=3 14 97 78 7 5
is_linear=0
shrinkage=0.045


Tree=226
num_leaves=23
num_cat=5
split_feature=12 1 2 9 4 2 8 10 4 2 8 4 9 7 1 4 2 7 4 17 2 9
split_gain=12.3025 58.2366 61.8539 95.7474 109.164 90.4522 84.4136 62.098 87.4642 68.3164 66.4493 65.053 58.5464 57.3095 53.943 52.0966 69.4447 48.7033 47.2895 45.558 45.4405 45.0516
threshold=2.5000000000000004 10.000000000000002 67.500000000000014 19.495833333333337 0 195.50000000000003 39.685000000000009 7.0336027543087267 1 47.500000000000007 44.840000000000011 2 13.363958333333334 12.965000000000002 16.500000000000004 3 57.500000000000007 22.665000000000003 4 -4.4349999999999987 199.50000000000003 20.851458333333337
decision_type=2 2 2 2 1 2 2 2 1 2 2 1 2 2 2 1 2 2 1 10 2 2
left_child=1 -1 3 4 12 -4 -6 17 10 -10 -9 -11 -3 14 -7 16 -14 21 -8 -15 -16 -5
right_child=-2 2 5 7 6 13 18 8 9 11 -12 -13 15 19 20 -17 -18 -19 -20 -21 -22 -23
leaf_value=-0.034248300618932873 0.0012378773657271101 0.084054588741104982 -0.028982328555962274 0.014551135038883127 -0.074934429727056287 -0.024906012898721356 0.20271275074678452 -0.014009057252365242 -0.020781622027399058 0.31422586788299783 0.10269855584646491 0.022869043821969071 0.061246266330378073 0.014942157893957215 0.26467523748886479 -0.044916350390434512 -0.21232583295790275 -0.05034107178746379 -0.14710437028860857 -0.018020131363443111 0.031263555911198206 0.13611136196943227
leaf_weight=22920 378516 2892 69656 2132 9448 4688 1312 2024 19588 1908 8868 4952 3724 23304 708 3044 256 692 576 35008 27632 5880
leaf_count=22920 378516 2892 69656 2132 9448 4688 1312 2024 19588 1908 8868 4952 3724 23304 708 3044 256 692 576 35008 27632 5880
internal_value=-2.40103e-05 -0.000268158 -5.10526e-05 0.00109461 -0.00140374 -0.000529944 -0.00441752 0.00224775 0.00144971 5.10204e-05 0.00484088 0.00391504 0.00204422 0.000401513 0.00189918 -0.000172929 0.00321268 0.00567023 0.0042619 -0.000446805 0.00263884 0.0066596
internal_weight=629728 251212 228292 67296 21252 160996 11336 46044 37340 26448 10892 6860 9916 91340 33028 7024 3980 8704 1888 58312 28340 8012
internal_count=629728 251212 228292 67296 21252 160996 11336 46044 37340 26448 10892 6860 9916 91340 33028 7024 3980 8704 1888 58312 28340 8012
cat_boundaries=0 1 2 3 4 5
cat_threshold=23 33 68 17 72
is_linear=0
shrinkage=0.045


Tree=227
num_leaves=23
num_cat=2
split_feature=0 14 16 1 17 7 4 7 7 7 7 2 4 2 8 2 2 8 1 16 7 15
split_gain=12.7165 36.713 32.7989 39.3678 41.2285 39.009 36.214 60.9668 51.2191 60.5777 64.4149 57.6961 54.9033 50.0901 83.5014 105.61 54.769 73.7176 72.6048 66.1931 70.4601 49.3808
threshold=0.38492386043071752 3151.5450000000005 21.605000000000004 19.750000000000004 -7.4500000000000002 26.265000000000004 0 39.265000000000008 17.795000000000005 15.085000000000003 14.945000000000002 225.50000000000003 1 270.50000000000006 56.140000000000008 336.50000000000006 139.50000000000003 681.53000000000009 15.750000000000002 26.155000000000005 21.765000000000004 55.205000000000005
decision_type=2 2 10 2 10 2 1 2 2 2 2 2 1 2 2 2 2 2 2 10 2 10
left_child=1 -1 -2 6 -5 -6 7 21 9 10 11 -8 -11 16 -15 -16 -10 18 -18 -19 -21 -4
right_child=2 -3 3 4 5 -7 8 -9 13 12 -12 -13 -14 14 15 -17 17 19 -20 20 -22 -23
leaf_value=0.0019887598773603464 -0.0082622756593390394 -0.087214281613640532 -0.0081185541117745948 0.040389370455859525 0.0022827522678028921 -0.17037459985123224 -0.016011763640993611 0.55388029762452651 0.0049044730788644379 -0.07812391736858075 0.16660246223771386 0.028637800821151093 -0.015585284988281576 -0.092055304168134205 -0.027537610310014136 0.13304792245146557 0.064455882705314327 0.032222855578923876 -0.0019475511990857547 0.041519865708152019 -0.10978135484925887 -0.20340846749462027
leaf_weight=245636 77752 240 58412 27918 26421 789 47528 395 28026 7157 2788 23805 32490 1547 8616 2303 15252 1544 5312 2579 2480 10738
leaf_count=245636 77752 240 58412 27918 26421 789 47528 395 28026 7157 2788 23805 32490 1547 8616 2303 15252 1544 5312 2579 2480 10738
internal_value=-2.73689e-05 0.000225295 -0.000189213 2.04344e-05 0.00110929 -0.000137256 -0.000218748 -0.00109173 0.000115948 -0.000467127 0.000292318 2.99643e-05 -0.00188687 0.00109638 -0.00147979 -9.27113e-05 0.00167828 0.00311798 0.00444617 -0.00101855 -0.00350771 -0.00119281
internal_weight=629728 245876 383852 306100 55128 27210 250972 69545 181427 113768 74121 71333 39647 67659 12466 10919 55193 27167 20564 6603 5059 69150
internal_count=629728 245876 383852 306100 55128 27210 250972 69545 181427 113768 74121 71333 39647 67659 12466 10919 55193 27167 20564 6603 5059 69150
cat_boundaries=0 1 2
cat_threshold=48 64
is_linear=0
shrinkage=0.045


Tree=228
num_leaves=23
num_cat=5
split_feature=3 0 0 15 3 2 7 10 4 1 2 8 1 4 4 12 2 2 8 1 2 10
split_gain=12.0431 25.9917 24.6587 25.0838 23.5956 31.5391 23.0192 46.5994 30.5304 34.1892 38.8139 28.9935 36.1217 56.6279 45.9475 38.9668 32.977 137.701 28.8823 27.3503 27.1479 24.812
threshold=0 1.1207150816917422 0.075428452342748656 7.1550000000000011 1 105.50000000000001 20.975000000000005 6.6083724453137522 2 11.750000000000002 39.500000000000007 193.34500000000003 5.7500000000000009 3 4 8.5000000000000018 26.500000000000004 20.500000000000004 93.500000000000014 18.500000000000004 31.500000000000004 12.813533678870348
decision_type=1 2 2 8 1 2 2 2 1 2 2 2 2 1 1 2 2 2 2 2 2 2
left_child=2 6 4 -4 5 -1 -2 8 -8 10 -10 12 14 15 -9 18 17 -15 -14 -11 -18 -17
right_child=1 -3 3 -5 -6 -7 7 11 9 19 -12 -13 13 16 -16 21 20 -19 -20 -21 -22 -23
leaf_value=0.040938905055974431 0.0012173715042842648 -0.1095431979487731 -0.044443120076522999 -0.0031824454797011051 -0.017557213398939269 -0.0027673122643721987 0.043175395073971799 0.024255174713306134 0.091566475442316747 0.038128850309475215 -0.15771175853956856 -0.0035765813046298675 0.0034625561774879817 0.26421061267795815 -0.066841949411148502 0.021046140620394921 0.19357086038706239 -0.23048712856406811 -0.13312593979363518 -0.062023360639547095 0.14200461232546988 0.28780562398773185
leaf_weight=2648 342316 26648 4960 225592 1228 1720 576 2895 141 513 752 5784 2772 1492 1476 408 991 692 707 418 4705 294
leaf_count=2648 342316 26648 4960 225592 1228 1720 576 2895 141 513 752 5784 2772 1492 1476 408 991 692 707 418 4705 294
internal_value=-2.81549e-05 0.000124278 -0.000282203 -0.000353865 0.00266881 0.00421233 0.000222833 0.00155191 -0.00440258 -0.00723039 -0.0135503 0.00219552 0.00315991 0.00442987 -0.000344729 0.000187813 0.00667131 0.00197621 -0.00176458 -0.0012299 0.00848192 0.00984375
internal_weight=629728 393580 236148 230552 5596 4368 366932 24616 2400 1824 893 22216 16432 12061 4371 4181 7880 2184 3479 931 5696 702
internal_count=629728 393580 236148 230552 5596 4368 366932 24616 2400 1824 893 22216 16432 12061 4371 4181 7880 2184 3479 931 5696 702
cat_boundaries=0 1 2 3 4 5
cat_threshold=137 128 15 24 30
is_linear=0
shrinkage=0.045


Tree=229
num_leaves=23
num_cat=4
split_feature=1 1 12 1 14 2 2 7 2 4 7 4 4 2 2 14 4 7 2 2 7 2
split_gain=12.1013 59.3988 68.92 57.891 99.6315 70.4208 90.044 92.0288 67.3956 115.31 66.8532 69.3636 61.14 65.4589 69.3327 60.3382 104.156 87.1549 77.5411 103.455 66.9912 58.0095
threshold=8.2500000000000018 9.0000000000000018 1.0000000180025095e-35 5.7500000000000009 28.655000000000008 169.50000000000003 258.50000000000006 13.105000000000002 159.50000000000003 0 22.665000000000003 1 2 179.50000000000003 171.50000000000003 56.145000000000017 3 16.915000000000003 217.50000000000003 225.50000000000003 16.125000000000004 201.50000000000003
decision_type=2 2 2 2 2 2 2 2 2 1 2 1 1 2 2 2 1 2 2 2 2 2
left_child=3 2 -2 5 -5 8 7 -7 -1 -10 11 -8 -6 14 -14 20 17 -17 -18 -20 -9 -19
right_child=1 -3 -4 4 12 6 10 15 9 -11 -12 -13 13 -15 -16 16 18 21 19 -21 -22 -23
leaf_value=0.0045334853916634632 -0.097972623135881398 -0.00057183846920061399 -0.013707043592525697 -0.0086417686553234441 0.040769075969000819 -0.042304132854795021 0.017958870620295133 0.046493113866026753 -0.084939751577369341 0.057136433856522978 -0.10132872568584526 -0.013724646464209039 -0.013236359246303996 0.017628687853837661 -0.10744924165604126 -0.017812984823868679 -0.040782873513368512 -0.035247095673089292 0.05019607027067749 -0.027491376576319351 -0.010729085511804482 0.049391408619548237
leaf_weight=74792 3021 393600 16659 29061 20935 7774 21615 3144 368 3312 1702 16307 6676 8448 480 3739 4460 564 1219 3338 5361 3153
leaf_count=74792 3021 393600 16659 29061 20935 7774 21615 3144 368 3312 1702 16307 6676 8448 480 3739 4460 564 1219 3338 5361 3153
internal_value=-2.82978e-05 -0.000171058 -0.00258358 0.000244283 0.00136025 -0.000241034 -0.00125342 -0.00299918 0.000692714 0.00663634 0.000189648 0.000581426 0.00292418 0.000789575 -0.00237636 -0.00166813 -0.00325721 0.000680905 -0.00650653 -0.00238375 0.00140972 0.00555996
internal_weight=629728 413280 19680 216448 65600 150848 72376 32752 78472 3680 39624 37922 36539 15604 7156 24978 16473 7456 9017 4557 8505 3717
internal_count=629728 413280 19680 216448 65600 150848 72376 32752 78472 3680 39624 37922 36539 15604 7156 24978 16473 7456 9017 4557 8505 3717
cat_boundaries=0 1 2 3 4
cat_threshold=8 108 15 38
is_linear=0
shrinkage=0.045


Tree=230
num_leaves=23
num_cat=3
split_feature=10 8 12 2 7 7 15 3 8 2 4 2 13 1 8 2 7 9 4 2 2 2
split_gain=12.0179 42.2673 46.4846 62.7373 121.131 65.6302 70.8451 56.8593 56.0289 78.497 66.4991 64.3623 51.8443 56.5941 58.5918 51.4178 49.2029 44.6607 76.6859 44.4741 146.841 119.29
threshold=9.8273971060640513 55.815000000000005 -3.4999999999999996 67.500000000000014 8.6100000000000012 12.010000000000002 32.535000000000004 0 50.405000000000008 256.50000000000006 1 306.50000000000006 8.5650000000000031 4.0000000000000009 49.235000000000007 139.50000000000003 9.5050000000000008 19.248125000000002 2 171.50000000000003 159.50000000000003 177.50000000000003
decision_type=2 2 2 2 2 2 10 1 2 2 1 2 2 2 2 2 2 2 1 2 2 2
left_child=-1 2 -2 4 12 8 15 -6 10 -10 11 -5 17 -14 -15 -7 -12 18 -4 20 -3 -21
right_child=1 19 3 5 7 6 -8 -9 9 -11 16 -13 13 14 -16 -17 -18 -19 -20 21 -22 -23
leaf_value=0.002239630901615585 0.013769052031818644 0.0023470986654652859 0.10831428988747634 0.0060138673093513319 -0.010127256376052194 0.15438615046710866 -0.058880112483406112 -0.14010787216940829 -0.016456148374853145 -0.095183045891133577 -0.080994653111104903 0.2020502390494886 0.080213973905267397 -0.095667272945553425 0.071839788315085626 0.017999004035054115 0.062064308104156536 -0.1136609463897327 -0.19583531262501808 -0.047168296602425205 0.058695556453320481 -0.001689549799658389
leaf_weight=224748 10156 141056 788 7228 1344 1340 2960 5248 6216 3404 4744 1444 1492 2832 2396 6148 540 1232 888 9120 13344 181060
leaf_count=224748 10156 141056 788 7228 1344 1340 2960 5248 6216 3404 4744 1444 1492 2832 2396 6148 540 1232 888 9120 13344 181060
internal_value=-3.02272e-05 -0.000176675 -0.00127471 -0.00183597 -0.00413882 -0.000737965 0.00223062 -0.00883758 -0.00205361 -0.00469549 -0.000232125 0.00219196 -0.000920561 0.00125186 -0.000955067 0.00456008 -0.004206 -0.00593814 -0.00115316 1.58018e-05 0.000583185 -0.000444837
internal_weight=629728 404980 60400 50244 16220 34024 10448 6592 23576 9620 13956 8672 9628 6720 5228 7488 5284 2908 1676 344580 154400 190180
internal_count=629728 404980 60400 50244 16220 34024 10448 6592 23576 9620 13956 8672 9628 6720 5228 7488 5284 2908 1676 344580 154400 190180
cat_boundaries=0 1 2 3
cat_threshold=192 116 15
is_linear=0
shrinkage=0.045


Tree=231
num_leaves=23
num_cat=1
split_feature=0 14 16 1 2 15 2 7 9 4 8 2 2 12 17 7 7 7 2 1 2 2
split_gain=11.4096 34.3438 30.6715 38.4562 36.5114 45.8853 38.6436 54.9402 35.1842 32.6303 42.4806 41.8445 43.4754 42.99 31.4933 30.9428 30.4785 48.0091 45.0097 55.9822 53.2585 47.6552
threshold=0.38492386043071752 3151.5450000000005 21.715000000000003 19.500000000000004 283.50000000000006 34.555000000000007 195.50000000000003 9.5850000000000026 23.06625 0 68.600000000000009 237.50000000000003 223.50000000000003 -3.4999999999999996 -13.884999999999996 20.485000000000003 17.265000000000004 15.085000000000003 127.50000000000001 7.7500000000000009 125.50000000000001 6.5000000000000009
decision_type=2 2 10 2 2 10 2 2 2 1 2 2 2 2 8 2 2 2 2 2 2 2
left_child=1 -1 -2 14 6 8 -5 -8 -6 -9 15 12 -12 -14 -4 -11 17 18 19 -16 21 -21
right_child=2 -3 3 4 5 -7 7 9 -10 10 11 -13 13 -15 16 -17 -18 -19 -20 20 -22 -23
leaf_value=0.0018360127594591934 -0.0077941839301696059 -0.083236979406629413 -0.062681165262464866 0.014272815945305365 0.019693076792516855 0.017098249996484696 0.28239974411243313 0.084776166880767084 -0.063979878899535214 0.16426212149187946 -0.048585036678154656 -0.083514500065582406 -0.16005529546225389 0.61987350892151294 0.015072691793388273 -0.070005151244840719 0.0062994764246175668 -0.025493068056182133 0.012680368211527598 0.11519163681549402 -0.35946457624304129 -0.047687538297759423
leaf_weight=245636 79704 240 10820 33984 1232 6168 1168 8656 2656 1428 1694 2024 126 948 16777 252 96278 40728 54108 1299 703 23099
leaf_count=245636 79704 240 10820 33984 1232 6168 1168 8656 2656 1428 1694 2024 126 948 16777 252 96278 40728 54108 1299 703 23099
internal_value=-3.08704e-05 0.000208457 -0.000184172 2.17491e-05 0.0010389 -0.00143617 0.00153395 0.00333538 -0.0052635 0.00260839 0.000187384 -0.00197121 0.00162455 0.00869888 -0.00022997 0.00634067 -0.000119746 -0.000551655 -2.34404e-06 -0.00110996 -0.00245499 -0.00210246
internal_weight=629728 245876 383852 304148 60336 10056 50280 16296 3888 15128 6472 4792 2768 1074 243812 1680 232992 136714 95986 41878 25101 24398
internal_count=629728 245876 383852 304148 60336 10056 50280 16296 3888 15128 6472 4792 2768 1074 243812 1680 232992 136714 95986 41878 25101 24398
cat_boundaries=0 1
cat_threshold=39
is_linear=0
shrinkage=0.045


Tree=232
num_leaves=23
num_cat=5
split_feature=12 1 2 9 4 2 2 10 4 8 2 4 2 7 4 1 7 13 4 2 2 9
split_gain=11.8756 49.595 53.5396 89.1852 98.8968 78.6113 71.8385 57.8114 77.0269 62.3581 60.6681 58.3985 57.7603 58.5574 56.1131 50.7849 49.295 51.2945 45.0796 60.1092 46.4232 52.6607
threshold=2.5000000000000004 9.5000000000000018 67.500000000000014 19.495833333333337 0 195.50000000000003 57.500000000000007 7.1356493270382142 1 44.210000000000008 47.500000000000007 2 58.500000000000007 11.725000000000003 3 8.2500000000000018 12.965000000000002 1.7200000000000017 4 249.50000000000003 255.50000000000003 18.391666666666669
decision_type=2 2 2 2 1 2 2 2 1 2 2 1 2 2 1 2 2 2 1 2 2 2
left_child=1 15 3 4 6 -4 -3 -5 9 -9 -10 -12 13 -6 -14 -1 17 -7 19 -19 -20 -22
right_child=-2 2 5 7 12 16 -8 8 10 -11 11 -13 14 -15 -16 -17 -18 18 20 -21 21 -23
leaf_value=-0.018361672114115147 0.0011434493251988569 0.063880871911408857 -0.027277213353303593 0.079966404027917479 -0.034727428347859725 -0.063166322830257859 -0.20262578989551308 -0.01782304729334043 -0.019698530884261978 0.094158591474036449 0.2984139683188371 0.020529172872658773 0.20894989177718748 -0.19656602842487242 -0.15303664816185267 -0.059745735811155255 -0.0056794434564438195 -0.10581101832436567 0.085544752785384745 0.01152472975502152 -0.026842584587575588 0.048535451526322548
leaf_weight=15731 378516 4756 69988 9070 14632 1548 256 1966 19870 9124 1916 5036 930 644 384 5135 58590 1152 4794 8100 4048 13542
leaf_count=15731 378516 4756 69988 9070 14632 1548 256 1966 19870 9124 1916 5036 930 644 384 5135 58590 1152 4794 8100 4048 13542
internal_value=-3.36573e-05 -0.000273532 -8.32219e-05 0.000970388 -0.00142265 -0.000529939 0.00411127 0.0020707 0.00129846 0.00445055 -6.70791e-06 0.00361087 -0.00309541 -0.00387616 0.00594985 -0.00237421 0.000336362 0.00172211 0.0021136 -0.000529469 0.00320481 0.00213591
internal_weight=629728 251212 230346 68584 21602 161762 5012 46982 37912 11090 26822 6952 16590 15276 1314 20866 91774 33184 31636 9252 22384 17590
internal_count=629728 251212 230346 68584 21602 161762 5012 46982 37912 11090 26822 6952 16590 15276 1314 20866 91774 33184 31636 9252 22384 17590
cat_boundaries=0 1 2 3 4 5
cat_threshold=17 33 68 76 36
is_linear=0
shrinkage=0.045


Tree=233
num_leaves=23
num_cat=4
split_feature=12 1 2 4 0 18 3 2 2 2 8 4 7 13 2 2 8 2 4 2 0 7
split_gain=11.3883 44.4706 53.8198 56.3384 39.843 35.6932 35.8042 42.6327 84.152 77.3035 43.2317 44.3235 41.2187 41.2125 39.9357 44.4512 35.5821 35.5594 58.5138 54.0184 48.4493 47.6773
threshold=2.5000000000000004 16.500000000000004 2.5000000000000004 0 0.094758123159408583 13.710000000000001 1 95.500000000000014 101.50000000000001 91.500000000000014 41.785000000000004 2 10.485000000000001 1.7899999999999998 54.500000000000007 50.500000000000007 66.100000000000009 49.500000000000007 3 54.500000000000007 0.12179863452911378 6.2350000000000012
decision_type=2 2 2 1 2 10 1 2 2 2 2 1 2 2 2 2 2 2 1 2 2 2
left_child=1 4 3 -3 -1 6 7 9 12 10 11 14 -9 -14 15 -2 -11 18 -12 -19 -21 -20
right_child=5 2 -4 -5 -6 -7 -8 8 -10 16 17 -13 13 -15 -16 -17 -18 19 21 20 -22 -23
leaf_value=0.016582058141860246 0.024064471538457765 -0.49948364506490761 0.00015980846115559388 0.29565365274321381 -0.017955803179414646 0.061465641910546188 -0.0028489378618040679 0.20026971823887046 0.006566782602469858 -0.20056051802764024 0.052514289072585499 -0.01738583540363061 -0.053361669651668532 0.077290933352237856 0.14087664607034825 -0.10938008575514853 -0.046114472665997365 0.11926281930374998 0.042580133497265735 -0.080947994611064472 -0.0019281582070526891 -0.078388446372587087
leaf_weight=2428 5620 240 186186 1200 61158 16192 225184 1172 94912 760 1488 4948 324 920 2564 484 844 1092 1104 696 13340 6872
leaf_count=2428 5620 240 186186 1200 61158 16192 225184 1172 94912 760 1488 4948 324 920 2564 484 844 1092 1104 696 13340 6872
internal_value=-3.5944e-05 -0.000270845 7.7707e-05 0.00873786 -0.0012993 0.000119955 2.75719e-05 0.000600757 0.00110824 -0.000639725 -0.000233185 0.00180093 0.00939826 0.00368379 0.0037379 0.00176138 -0.0103113 -0.00135948 -0.00352261 -5.94845e-06 -0.000756518 -0.00504757
internal_weight=629728 251212 187626 1440 63586 378516 362324 137140 97328 39812 38208 13616 2416 1244 8668 6104 1604 24592 9464 15128 14036 7976
internal_count=629728 251212 187626 1440 63586 378516 362324 137140 97328 39812 38208 13616 2416 1244 8668 6104 1604 24592 9464 15128 14036 7976
cat_boundaries=0 1 2 3 4
cat_threshold=64 52 106 2
is_linear=0
shrinkage=0.045


Tree=234
num_leaves=23
num_cat=2
split_feature=11 16 2 12 1 15 15 7 2 2 12 4 14 8 2 2 8 8 4 2 10 1
split_gain=11.303 12.4363 26.8286 34.8602 34.5203 24.6929 23.3058 28.1872 47.8928 61.3316 44.3807 54.8316 52.8035 39.864 37.6026 37.2727 38.7788 44.9807 36.1987 66.1199 37.0176 44.3081
threshold=0.43750000000000006 8.9850000000000012 6.5000000000000009 9.5000000000000018 8.0000000000000018 18.745000000000001 5.9850000000000012 5.5150000000000006 31.500000000000004 22.500000000000004 4.5000000000000009 0 7.3100000000000014 24.650000000000002 52.500000000000007 83.500000000000014 47.420000000000009 40.550000000000004 1 12.500000000000002 6.8238256323979671 17.750000000000004
decision_type=2 8 2 2 2 10 8 2 2 2 2 1 2 2 2 2 2 2 1 2 2 2
left_child=1 2 3 4 -1 -4 -3 8 9 18 13 15 -13 14 -10 -12 17 -17 20 -20 21 -8
right_child=-2 6 5 -5 -6 -7 7 -9 10 -11 11 12 -14 -15 -16 16 -18 -19 19 -21 -22 -23
leaf_value=0.48477491892887314 0.10270930259637329 -0.039502001251685445 -0.0026236169294967257 -0.5896219756143174 -0.072898389896542237 -0.092299421744210602 -0.17551761329228144 -0.00060908964228770061 0.11479124444151277 0.29360380295460109 0.16339161072684089 -0.16164522265464806 0.014689886727319378 -0.020806259659313257 -0.031143491401944733 0.034753881508595812 -0.073491249273401199 0.19310363996782537 0.037631860673963603 -0.16004685632154969 0.13634745999896311 0.54108061821545506
leaf_weight=112 288 4808 27972 588 640 1800 306 546824 1020 1852 1888 524 11036 20948 604 1012 776 392 2724 1288 2176 150
leaf_count=112 288 4808 27972 588 640 1800 306 546824 1020 1852 1888 524 11036 20948 604 1012 776 392 2724 1288 2176 150
internal_value=-3.71588e-05 -4.12508e-05 -0.000918397 -0.00714232 -0.00071618 -0.000637805 4.36214e-06 2.96451e-05 0.00109084 0.00414627 0.000411104 0.00225432 0.000668856 -0.000865155 0.00592251 0.00673897 0.0027429 0.00720128 0.00212609 -0.000570328 0.00621218 -0.00540393
internal_weight=629728 629440 31112 1340 752 29772 598328 593520 46696 8496 38200 15628 11560 22572 1624 4068 2180 1404 6644 4012 2632 456
internal_count=629728 629440 31112 1340 752 29772 598328 593520 46696 8496 38200 15628 11560 22572 1624 4068 2180 1404 6644 4012 2632 456
cat_boundaries=0 1 2
cat_threshold=40 17
is_linear=0
shrinkage=0.045


Tree=235
num_leaves=23
num_cat=4
split_feature=17 5 18 7 7 13 2 4 9 2 2 2 2 9 15 4 2 7 8 4 10 1
split_gain=11.308 55.3243 38.3675 33.6246 37.3635 48.0523 46.4094 52.205 58.0387 56.8234 72.34 63.8212 114.033 99.2081 58.2289 49.7317 53.4583 68.2763 91.8806 81.2948 77.6899 68.3985
threshold=-1.5050000000000006 0 -17.374999999999996 17.265000000000004 15.145000000000001 0.77999999999999858 127.50000000000001 1 55.754583333333336 307.50000000000006 348.50000000000006 225.50000000000003 183.50000000000003 36.200416666666676 21.665000000000003 2 29.500000000000004 3.4000000000000008 88.27500000000002 3 10.152097766338445 7.7500000000000009
decision_type=8 1 8 2 2 2 2 1 2 2 2 2 2 2 8 1 2 2 2 1 2 2
left_child=1 -1 -3 4 6 -6 15 8 9 11 -11 12 14 -13 -8 -2 -17 20 -19 -20 -18 -21
right_child=3 2 -4 -5 5 -7 7 -9 -10 10 -12 13 -14 -15 -16 16 17 18 19 21 -22 -23
leaf_value=0.011791219721420523 0.0094434442506179002 -0.15432517159747142 -0.0023352342445248312 0.0055868115091340254 0.0082716328019336541 -0.017738188370141596 -0.015322476489550166 0.0098205875416548603 -0.070784303633034271 -0.07133924997978526 0.014158032466591025 0.011237376065218893 -0.055426311337857269 0.14570905442679671 0.10991454593865088 0.010762148021481257 0.04556469224184416 -0.042691275986173657 0.065564048459882049 0.060730010413750431 -0.021678404385813303 -0.11996293435575128
leaf_weight=100204 35308 8096 92108 105680 8776 57704 4388 92284 1612 6864 3864 10984 4740 1608 3392 18996 6712 47884 6640 1439 7932 2513
leaf_count=100204 35308 8096 92108 105680 8776 57704 4388 92284 1612 6864 3864 10984 4740 1608 3392 18996 6712 47884 6640 1439 7932 2513
internal_value=-3.48006e-05 0.000244299 -0.000503363 -0.000165086 -0.000392656 -0.0013436 -0.000146814 0.000452296 -0.000964526 -0.000588834 -0.00332992 0.000582345 -0.00169262 0.00284421 0.0016596 -0.000756792 -0.00130709 -0.00185977 -0.00254788 0.00124457 0.000887956 -0.00385974
internal_weight=629728 200408 100204 429320 323640 66480 257160 129736 37452 35840 10728 25112 12520 12592 7780 127424 92116 73120 58476 10592 14644 3952
internal_count=629728 200408 100204 429320 323640 66480 257160 129736 37452 35840 10728 25112 12520 12592 7780 127424 92116 73120 58476 10592 14644 3952
cat_boundaries=0 1 2 3 4
cat_threshold=3 34 10 81
is_linear=0
shrinkage=0.045


Tree=236
num_leaves=23
num_cat=3
split_feature=17 14 2 1 4 7 9 9 4 2 2 2 16 14 18 17 12 4 1 2 2 12
split_gain=11.05 15.3119 20.1835 18.9376 13.1659 11.703 11.0376 52.8327 44.3739 43.7785 54.0224 44.2861 65.1671 55.3404 50.2381 39.3513 38.2945 37.5983 42.9932 74.1406 47.9409 41.0937
threshold=383.40000000000015 913.22500000000014 229.50000000000003 18.500000000000004 0 18.245000000000001 130.82979166666669 89.106666666666669 1 225.50000000000003 221.50000000000003 229.50000000000003 21.815000000000001 421.83000000000004 1.6299999999999997 -129.61499999999998 13.500000000000002 2 14.500000000000002 215.50000000000003 175.50000000000003 -10.499999999999998
decision_type=10 2 2 2 1 2 2 2 1 2 2 2 8 2 10 8 2 1 2 2 2 2
left_child=6 2 -2 -4 -3 -6 7 -1 -9 10 16 12 -11 -13 -14 -12 17 18 20 -20 -8 -19
right_child=1 4 3 -5 5 -7 9 8 -10 11 15 13 14 -15 -16 -17 -18 21 19 -21 -22 -23
leaf_value=5.7076344818793968e-05 -7.3682007436947865 32.009705966131826 -9.147222524290731 13.794946966422682 2.6537546567836308 -7.1276197485392343 0.16397032317128149 -0.062956211594379918 -0.012245496468322636 -0.12563870558020829 -0.74004405547005125 -9.4232531253981637 0.020496096326747044 0.011767341077082806 -0.12998525961237123 0.13808644005412313 -0.01690712033621564 0.85906077545090442 -0.15036063745991352 7.1690689385523969 0.020156484702675056 -0.041590548586703364
leaf_weight=592272 888 368 298 362 116 240 1256 3036 11080 628 124 564 1028 7652 960 1220 1364 400 1496 500 1212 2664
leaf_count=592272 888 368 298 362 116 240 1256 3036 11080 628 124 564 1028 7652 960 1220 1364 400 1496 500 1212 2664
internal_value=-3.5015e-05 -0.00316623 -0.00569032 0.000271903 0.0022314 -0.00391304 -2.36669e-05 -5.88483e-05 -0.00277943 0.000988847 0.00309875 -0.00100517 -0.00610199 0.000618764 -0.00210302 0.0115007 0.00182651 0.00308367 0.00571046 0.000810811 0.00969231 -0.000760728
internal_weight=629728 2272 1548 660 724 356 627456 606388 14116 21068 10236 10832 2616 8216 1988 1344 8892 7528 4464 1996 2468 3064
internal_count=629728 2272 1548 660 724 356 627456 606388 14116 21068 10236 10832 2616 8216 1988 1344 8892 7528 4464 1996 2468 3064
cat_boundaries=0 1 2 3
cat_threshold=104 6 21
is_linear=0
shrinkage=0.045


Tree=237
num_leaves=23
num_cat=2
split_feature=17 2 12 15 1 3 18 7 9 4 9 2 9 2 7 10 1 0 0 8 17 12
split_gain=12.6225 17.8602 20.7441 15.632 14.1232 10.7852 22.8587 24.0823 51.8938 35.4255 60.8444 77.1749 60.6031 45.5213 37.5115 68.6798 40.2937 36.3828 40.7641 34.6208 34.2237 33.7801
threshold=383.40000000000015 229.50000000000003 3.5000000000000004 1049.3950000000002 18.500000000000004 0 -2.6399999999999988 17.265000000000004 40.443125000000002 1 35.50916666666668 59.500000000000007 30.146041666666669 72.500000000000014 5.1450000000000005 6.505580664378015 13.000000000000002 0.20074891299009326 0.51291286945343029 31.960000000000004 -1.55 1.5000000000000002
decision_type=10 2 2 10 2 1 8 2 2 1 2 2 2 2 2 2 2 2 2 2 8 2
left_child=5 2 -2 -3 -5 -1 -7 8 9 10 11 12 14 17 16 -16 -8 -13 -19 -9 -11 -17
right_child=1 3 -4 4 -6 6 7 19 -10 20 -12 13 -14 -15 15 21 -18 18 -20 -21 -22 -23
leaf_value=-0.0029810858297116528 -5.2509674165536557 1.9968706626830841 33.569848426000689 -22.420578962861697 58.679262646462099 -0.0071194895069588773 0.2366719862481439 0.19288049983624383 -0.015124152565907491 0.011793004575304345 -0.048445895514116287 -0.14990425474813265 0.11120842479753154 0.026661907388304519 0.0024706554712178772 -0.048083351203602159 -0.061337152984053157 0.24182820043583358 -0.09531445757181449 0.0085297825619809666 -0.0024892165404642786 -0.20814216436752581
leaf_weight=235268 1116 624 128 254 150 88960 576 264 24028 41796 1924 120 536 19872 2792 932 468 1160 248 67528 139192 1792
leaf_count=235268 1116 624 128 254 150 88960 576 264 24028 41796 1924 120 536 19872 2792 932 468 1160 248 67528 139192 1792
internal_value=-3.73017e-05 -0.00338391 -0.00700642 0.00100485 -0.00587438 -2.5173e-05 0.000119327 0.000305412 9.02148e-05 0.000315453 0.001736 0.00225963 -0.00180685 0.00360807 -0.0029968 -0.00447717 0.00481836 0.0110882 0.013117 0.00105275 7.65746e-05 -0.00955796
internal_weight=629728 2272 1244 1028 404 627456 392188 303228 235436 211408 30420 28496 7096 21400 6560 5516 1044 1528 1408 67792 180988 2724
internal_count=629728 2272 1244 1028 404 627456 392188 303228 235436 211408 30420 28496 7096 21400 6560 5516 1044 1528 1408 67792 180988 2724
cat_boundaries=0 1 2
cat_threshold=137 8
is_linear=0
shrinkage=0.045


Tree=238
num_leaves=23
num_cat=3
split_feature=17 15 2 4 8 15 2 4 16 2 8 9 8 7 2 2 4 15 7 2 2 7
split_gain=11.3347 17.4008 17.437 19.2357 15.9675 11.6372 10.8675 65.2564 58.844 55.1987 51.2057 61.1613 85.2914 47.0232 42.36 62.5087 47.5054 57.75 47.4432 111.291 102.424 113.701
threshold=383.40000000000015 357.34000000000009 237.50000000000003 0 561.5200000000001 1049.3950000000002 339.50000000000006 1 13.345000000000001 359.50000000000006 78.870000000000019 18.391666666666669 31.960000000000004 14.005000000000001 312.50000000000006 316.50000000000006 2 17.025000000000002 17.360000000000003 317.50000000000006 323.50000000000006 9.4150000000000009
decision_type=10 10 2 1 2 10 2 1 8 2 2 2 2 2 2 2 1 8 2 2 2 2
left_child=6 4 3 5 -2 -3 14 10 -9 -10 11 -8 -13 -11 -1 -16 17 -17 19 -18 -21 -22
right_child=1 2 -4 -5 -6 -7 7 8 9 13 -12 12 -14 -15 15 16 18 -19 -20 20 21 -23
leaf_value=-0.00086772528749654574 -3.5055537487363533 4.8538612848891312 6.7662161341071823 -11.748940685243504 1.8434330069405596 -25.303354546049626 -0.020383685890091006 -0.13007096389231732 -0.026894748279598986 -0.0083477468573719179 -0.075525709081767964 0.16333402221386484 0.015684231224825089 0.15523181126273236 0.090036396891894341 0.12499537949849035 -0.20103854429100843 0.025864672045212464 0.031390784318392796 0.055127049271127104 0.049176360088151912 -0.064211472067697117
leaf_weight=545280 100 196 448 752 536 240 5952 1604 11144 2612 1824 1344 14688 1536 6144 968 768 3640 9600 5952 4704 9696
leaf_count=545280 100 196 448 752 536 240 5952 1604 11144 2612 1824 1344 14688 1536 6144 968 768 3640 9600 5952 4704 9696
internal_value=-3.45148e-05 -0.0032058 -0.00565934 -0.0085084 0.00310345 -0.000803571 -2.30215e-05 -0.000734044 -0.00287172 -0.00201255 0.000784005 0.00138565 0.00283179 0.00241807 2.63057e-05 0.00141269 0.00068398 0.00493831 4.39282e-05 -0.00114833 -0.000512921 -0.00256527
internal_weight=629728 2272 1636 1188 636 436 627456 40704 16896 15292 23808 21984 16032 4148 586752 41472 35328 4608 30720 21120 20352 14400
internal_count=629728 2272 1636 1188 636 436 627456 40704 16896 15292 23808 21984 16032 4148 586752 41472 35328 4608 30720 21120 20352 14400
cat_boundaries=0 1 2 3
cat_threshold=24 113 8
is_linear=0
shrinkage=0.045


Tree=239
num_leaves=23
num_cat=4
split_feature=17 2 12 7 15 4 12 7 9 4 4 0 7 9 8 8 4 9 10 7 11 2
split_gain=11.6245 16.0684 20.9559 11.9049 11.0895 14.9275 10.855 51.1765 57.8129 102.985 57.0809 46.2345 64.3603 46.0177 43.6695 46.9118 54.3097 52.5821 40.1366 37.8215 33.648 30.5143
threshold=383.40000000000015 229.50000000000003 2.5000000000000004 18.505000000000006 1049.3950000000002 0 -9.4999999999999982 11.275 18.391666666666669 1 2 0.86136361956596386 21.155000000000005 16.519375000000004 681.53000000000009 31.250000000000004 3 20.403750000000006 9.5636058292928912 4.0550000000000006 0.18750000000000003 53.500000000000007
decision_type=10 2 2 2 10 1 2 2 2 1 1 2 2 2 2 2 1 2 2 2 2 2
left_child=6 2 3 -2 -3 -6 7 8 9 19 11 12 -9 20 15 17 -17 -12 -10 -1 -11 -18
right_child=1 4 -4 -5 5 -7 -8 10 18 13 14 -13 -14 -15 -16 16 21 -19 -20 -21 -22 -23
leaf_value=-0.14463699929160229 -3.6970401183638222 1.768709564413063 7.4519846174523776 -13.52995507378872 46.279161353534178 -23.746984258113141 -0.0007028736551290437 0.018282654539201873 0.115682027496723 0.1446981800164521 -0.077074085651068491 -0.21462342054637279 0.33518346750594996 -0.040312424601492716 0.7525045968426004 -0.21719239325383013 -0.0083208213078680652 0.21816953670064165 0.048173062180511261 -0.024055014357416117 -0.32245471546986149 -0.069382106138727848
leaf_weight=1064 632 624 220 392 184 220 595880 6344 1972 1944 372 1316 1112 984 464 936 4780 552 4324 1316 180 3916
leaf_count=1064 632 624 220 392 184 220 595880 6344 1972 1944 372 1316 1112 984 464 936 4780 552 4324 1316 180 3916
internal_value=-3.38002e-05 -0.00324538 -0.00668138 -0.00938596 0.000917476 -0.00487685 -2.21608e-05 0.000790899 0.00313847 -0.000237705 -0.000607002 0.00210041 0.00347546 0.00514904 -0.00276151 -0.00335859 -0.00428794 0.00631749 0.0060805 -0.00726171 0.00888993 -0.00316261
internal_weight=629728 2272 1244 1024 1028 404 627456 31576 11784 5488 19792 8772 7456 3108 11020 10556 9632 924 6296 2380 2124 8696
internal_count=629728 2272 1244 1024 1028 404 627456 31576 11784 5488 19792 8772 7456 3108 11020 10556 9632 924 6296 2380 2124 8696
cat_boundaries=0 1 2 3 4
cat_threshold=12 40 37 64
is_linear=0
shrinkage=0.045


Tree=240
num_leaves=23
num_cat=5
split_feature=1 1 14 2 2 7 7 4 4 17 4 2 2 14 4 9 2 2 7 4 7 10
split_gain=11.4363 54.2559 88.8837 64.2349 80.3757 89.0458 64.3645 61.4525 57.2874 63.6393 56.1295 56.8376 64.5624 56.0303 102.933 75.1111 69.5213 93.8484 63.1013 56.917 53.6788 52.6647
threshold=8.2500000000000018 5.7500000000000009 28.655000000000008 169.50000000000003 258.50000000000006 13.105000000000002 22.665000000000003 0 1 -1.8500000000000008 2 179.50000000000003 171.50000000000003 56.145000000000017 3 48.440000000000005 217.50000000000003 225.50000000000003 16.125000000000004 4 15.715000000000002 102.85762999046325
decision_type=2 2 2 2 2 2 2 1 1 8 1 2 2 2 1 2 2 2 2 1 2 2
left_child=1 3 -3 8 5 -5 7 -6 9 -1 -4 12 -12 18 15 -15 -16 -18 -7 -19 -17 -22
right_child=-2 2 10 4 6 13 -8 -9 -10 -11 11 -13 -14 14 16 20 17 19 -20 -21 21 -23
leaf_value=0.076279695646104914 -0.0019160189100264268 -0.0081162667084723195 0.038540353998646359 -0.040176797394040044 0.016370169628488106 0.044734279617087459 -0.098659217460820736 -0.013354637829933758 -0.0044231323427631076 0.013577135146801511 -0.012951435202136569 0.01665123684324844 -0.10047634811505514 -0.02448762514760414 -0.038460158782710412 -0.01917245073923338 0.047151489427082326 0.032678557980706173 -0.010183550911012527 -0.037366733998865885 0.080590087428132215 0.0070668877437275813
leaf_weight=4900 413280 29061 20935 7774 21615 3144 1702 16307 44712 28860 6676 8448 480 2580 4460 1104 1219 706 5361 2632 1748 2024
leaf_count=4900 413280 29061 20935 7774 21615 3144 1702 16307 44712 28860 6676 8448 480 2580 4460 1104 1219 706 5361 2632 1748 2024
internal_value=-3.38002e-05 0.000231185 0.00131155 -0.000238648 -0.00120555 -0.00285492 0.000157851 0.000542269 0.000653146 0.002052 0.00278872 0.000743468 -0.00220662 -0.00154564 -0.00307693 0.000837574 -0.00630718 -0.00240349 0.0014203 -0.00630539 0.00412362 0.00667727
internal_weight=629728 216448 65600 150848 72376 32752 39624 37922 78472 33760 36539 15604 7156 24978 16473 7456 9017 4557 8505 3338 4876 3772
internal_count=629728 216448 65600 150848 72376 32752 39624 37922 78472 33760 36539 15604 7156 24978 16473 7456 9017 4557 8505 3338 4876 3772
cat_boundaries=0 1 2 3 4 5
cat_threshold=108 112 15 38 64
is_linear=0
shrinkage=0.045


Tree=241
num_leaves=23
num_cat=1
split_feature=10 8 10 4 8 2 2 2 2 2 2 7 2 2 2 2 12 2 10 10 7 8
split_gain=11.1618 38.0115 34.8784 68.3784 59.1655 60.5779 161.239 92.6044 65.2428 57.0496 86.6913 54.5342 70.5188 93.0357 52.3509 60.1854 43.3291 40.0944 39.132 41.0955 39.3528 49.7271
threshold=11.549442035894929 54.295000000000009 18.672132588368402 0 53.995000000000012 241.50000000000003 263.50000000000006 275.50000000000006 255.50000000000003 336.50000000000006 329.50000000000006 10.485000000000001 247.50000000000003 261.50000000000006 312.50000000000006 310.50000000000006 1.5000000000000002 339.50000000000006 15.603345492913276 12.176416062218946 7.1550000000000011 69.955000000000013
decision_type=2 2 2 1 2 2 2 2 2 2 2 2 2 2 2 2 2 2 2 2 2 2
left_child=1 -1 3 4 16 -6 8 -8 -7 10 14 12 -4 -14 15 18 -2 -11 19 -5 -21 -22
right_child=2 -3 11 9 5 6 7 -9 -10 17 -12 -13 13 -15 -16 -17 -18 -19 -20 20 21 -23
leaf_value=-0.00034332664569438172 0.022201241481674634 0.014648134574246864 0.007623946966970308 -0.040960945569578258 0.035546237970254628 -0.021965058064390898 0.086085622236046183 -0.0026293648000714743 -0.088800842474564046 0.15326319971748567 -0.12464756858517242 -0.0020002518526967203 0.23357992515833773 0.041265831876854273 0.058270710801936472 -0.22253685073303078 -0.11747465277035893 0.017241937578772987 -0.037796514656414308 0.036919718060232122 -0.027308049258721045 0.0091079474431869714
leaf_weight=246532 1620 40732 28892 9880 22176 1152 1440 7584 1728 960 2304 176604 768 9024 3648 768 2508 3264 26188 8648 18524 14784
leaf_count=246532 1620 40732 28892 9880 22176 1152 1440 7584 1728 960 2304 176604 768 9024 3648 768 2508 3264 26188 8648 18524 14784
internal_value=-3.4229e-05 0.000172627 -0.000207743 -0.000798605 0.000793564 0.00141013 -0.00117924 0.00177986 -0.0104459 -0.0014823 -0.0017369 0.000141298 0.00167153 0.00497141 -0.00149614 -0.00174017 -0.00429298 0.00362044 -0.00161658 -0.000900208 -0.000285285 -0.000987541
internal_weight=629728 287264 342464 127176 38208 34080 11904 9024 2880 88968 84744 215288 38684 9792 82440 78792 4128 4224 78024 51836 41956 33308
internal_count=629728 287264 342464 127176 38208 34080 11904 9024 2880 88968 84744 215288 38684 9792 82440 78792 4128 4224 78024 51836 41956 33308
cat_boundaries=0 1
cat_threshold=10
is_linear=0
shrinkage=0.045


Tree=242
num_leaves=23
num_cat=3
split_feature=12 1 1 2 9 4 2 2 2 7 4 10 2 9 7 13 2 4 9 9 12 7
split_gain=11.2211 40.2012 45.4073 44.616 81.7195 86.4998 69.4725 65.4267 52.9849 54.9419 52.2833 51.6431 62.1941 63.3153 46.9463 47.6497 43.5049 41.0886 71.7192 75.1761 52.9965 48.6599
threshold=2.5000000000000004 9.5000000000000018 8.2500000000000018 67.500000000000014 19.495833333333337 0 195.50000000000003 57.500000000000007 58.500000000000007 11.725000000000003 1 4.6943614490453252 20.500000000000004 26.980000000000004 12.965000000000002 1.7200000000000017 199.50000000000003 2 24.766250000000003 27.659375000000004 1.5000000000000002 11.515000000000002
decision_type=2 2 2 2 2 1 2 2 2 2 1 2 2 2 2 2 2 1 2 2 2 2
left_child=1 2 -1 4 5 7 -5 -3 9 -7 -10 12 -6 -14 15 -8 -17 18 20 -20 -13 -19
right_child=-2 3 -4 6 11 8 14 -9 10 -11 -12 17 13 -15 -16 16 -18 21 19 -21 -22 -23
leaf_value=-0.016278628054941832 0.0010591903611489673 0.059808398721707144 -0.056093939783341915 -0.025309494528226006 -0.21230972976907717 -0.032504751157988156 -0.06072716646703049 -0.19118032932471041 0.19939180532745032 -0.18467677703347957 -0.14634419893535328 0.0045610876653345176 0.43359167337468607 -0.0028794316204483381 -0.0056445042076070703 0.24906692878914874 0.022855677943245559 0.079143464600168897 0.13878278624188062 0.043847883212408539 -0.18429059751716839 -0.020268092234737536
leaf_weight=15731 378516 4756 5135 69988 154 14632 1548 256 930 644 384 9258 1142 536 58590 708 30928 3872 3532 13478 516 14494
leaf_count=15731 378516 4756 5135 69988 154 14632 1548 256 930 644 384 9258 1142 536 58590 708 30928 3872 3532 13478 516 14494
internal_value=-3.19423e-05 -0.000265113 -0.00215641 -9.37712e-05 0.000868034 -0.00142265 -0.000501564 0.00375299 -0.00298699 -0.00373478 0.00567629 0.00192129 0.00932388 0.0118393 0.000312827 0.00166516 0.00204248 0.00162053 0.00274407 0.00451005 -0.000326821 -1.95886e-05
internal_weight=629728 251212 20866 230346 68584 21602 161762 5012 16590 15276 1314 46982 1832 1678 91774 33184 31636 45150 26784 17010 9774 18366
internal_count=629728 251212 20866 230346 68584 21602 161762 5012 16590 15276 1314 46982 1832 1678 91774 33184 31636 45150 26784 17010 9774 18366
cat_boundaries=0 1 2 3
cat_threshold=17 76 53
is_linear=0
shrinkage=0.045


Tree=243
num_leaves=23
num_cat=3
split_feature=10 10 2 4 13 13 2 14 4 7 2 17 1 7 17 1 2 7 4 2 8 7
split_gain=11.1074 41.2751 39.7383 40.7481 50.3331 40.234 39.1101 37.9049 43.821 31.217 30.1158 29.2764 25.308 25.1853 31.4734 25.0805 54.9801 68.7157 67.5825 62.5225 46.6876 44.9221
threshold=85.123579179629644 59.52727226097258 302.50000000000006 0 1.5399999999999998 13.915000000000004 303.50000000000006 214.11500000000004 1 14.615 267.50000000000006 -14.930000000000003 18.750000000000004 12.125000000000002 1.8900000000000017 8.5000000000000018 280.50000000000006 23.015000000000004 2 227.50000000000003 322.08500000000009 16.125000000000004
decision_type=2 2 2 1 2 2 2 2 1 2 2 8 2 2 8 2 2 2 1 2 2 2
left_child=1 -1 3 5 10 -3 -4 8 -2 13 -5 -9 -10 14 -6 20 17 18 -17 -20 -13 -22
right_child=7 2 6 4 9 -7 -8 11 12 -11 -12 15 -14 -15 -16 16 -18 -19 19 -21 21 -23
leaf_value=-0.00043123361741289056 -1.2895358396660328 -0.056555645547406191 -0.3551679178913052 0.04691230765756281 0.321664044158815 0.17180140847976008 0.40160410639067373 0.047413364408117657 -0.80537953351606695 0.042391696698038585 -0.031972628748923586 -0.038368319893401157 0.64878408014219613 -0.058941150340224763 -0.039744381591337447 0.032163518504665159 -0.081611569899579905 -0.13412795043113235 -0.057936503569551497 0.031436810134668237 -0.012898491949829173 0.012638720984735686
leaf_weight=563876 1452 1160 384 2136 388 1240 192 6968 1746 8380 232 476 1586 1844 456 7610 1502 3416 5234 2706 6428 10316
leaf_count=563876 1452 1160 384 2136 388 1240 192 6968 1746 8380 232 476 1586 1844 456 7610 1502 3416 5234 2706 6428 10316
internal_value=-3.15135e-05 2.3652e-05 0.00224808 0.00267079 0.003634 -0.00272388 -0.00934256 -0.000678977 -0.00448496 0.00236179 0.00958861 -0.00027106 -0.00161483 -0.00185688 0.00457447 -0.000766516 -0.00183122 -0.00117435 9.54861e-05 -0.00280684 0.000499071 0.000894841
internal_weight=629728 580288 16412 15836 13436 2400 576 49440 4784 11068 2368 44656 3332 2688 844 37688 20468 18966 15550 7940 17220 16744
internal_count=629728 580288 16412 15836 13436 2400 576 49440 4784 11068 2368 44656 3332 2688 844 37688 20468 18966 15550 7940 17220 16744
cat_boundaries=0 1 2 3
cat_threshold=12 48 21
is_linear=0
shrinkage=0.045


Tree=244
num_leaves=23
num_cat=2
split_feature=0 14 17 7 4 2 13 7 2 9 8 2 2 2 2 4 2 16 1 2 2 2
split_gain=11.063 30.8329 29.0523 28.3572 27.4895 73.4028 68.7487 81.6229 73.5432 53.5641 75.6397 51.2741 134.877 47.0174 212.613 55.1423 46.7551 81.0176 46.7153 45.9611 81.98 81.0339
threshold=0.36663097143173223 3151.5450000000005 4.2600000000000007 9.4150000000000009 0 43.500000000000007 7.2600000000000042 16.625000000000004 32.500000000000007 38.658125000000005 358.63500000000005 328.50000000000006 300.50000000000006 253.50000000000003 261.50000000000006 1 286.50000000000006 13.665000000000001 14.000000000000002 297.50000000000006 307.50000000000006 286.50000000000006
decision_type=2 2 10 2 1 2 2 2 2 2 2 2 2 2 2 1 2 8 2 2 2 2
left_child=1 2 4 -4 5 6 7 -1 -8 11 -11 12 16 -6 -15 19 -7 -18 -14 21 -21 -16
right_child=-2 -3 3 -5 13 9 8 -9 -10 10 -12 -13 18 14 15 -17 17 -19 -20 20 -22 -23
leaf_value=-0.075013626174512821 -0.0019846059446908303 -0.070316256686595982 -0.066080980247706089 0.031858103798021065 0.0097927022344373553 0.0083463087003755789 0.1279095045646006 0.19050363236787435 -0.071816933749410727 -0.052733834492326 0.01281707119926538 -0.020614898935665739 0.13652536916407712 -0.058503126633053855 0.012399441990844676 -0.011802616037495939 -0.12683954314934459 0.0049441927164691002 0.001708041708547549 0.11604492975656235 0.017931261820976433 -0.086669322551459399
leaf_weight=7164 412340 228 5252 1040 107804 34420 1556 264 1436 3508 3020 7212 2896 1992 3772 20496 952 1712 848 1188 8756 1872
leaf_count=7164 412340 228 5252 1040 107804 34420 1556 264 1436 3508 3020 7212 2896 1992 3772 20496 952 1712 848 1188 8756 1872
internal_value=-3.1442e-05 0.000228322 0.000245761 -0.00276692 0.000335681 -0.000434077 -0.00389465 -0.006214 0.00186373 0.000226773 -0.00359724 0.000746534 0.00136444 0.000678584 -0.000680708 0.000109738 0.000542388 -0.0051988 0.00950214 0.00212596 0.00396793 -0.00111583
internal_weight=629728 217388 217160 6292 210868 64988 10420 7428 2992 54568 6528 48040 40828 145880 38076 36084 37084 2664 3744 15588 9944 5644
internal_count=629728 217388 217160 6292 210868 64988 10420 7428 2992 54568 6528 48040 40828 145880 38076 36084 37084 2664 3744 15588 9944 5644
cat_boundaries=0 1 2
cat_threshold=65 40
is_linear=0
shrinkage=0.045


Tree=245
num_leaves=23
num_cat=3
split_feature=10 8 2 7 7 4 2 2 2 9 3 10 2 8 2 2 2 9 2 4 8 14
split_gain=10.9724 36.3708 45.0638 73.3371 109.713 82.7074 64.7754 62.2456 103.052 55.6574 47.0674 71.487 52.6738 46.3524 44.9698 134.953 103.09 107.266 102.324 78.0896 93.5448 67.8308
threshold=9.8273971060640513 55.815000000000005 77.500000000000014 7.745000000000001 12.695000000000002 0 24.500000000000004 91.500000000000014 93.500000000000014 25.985000000000003 1 10.641094598836409 256.50000000000006 45.680000000000007 171.50000000000003 159.50000000000003 177.50000000000003 30.146041666666669 157.50000000000003 2 109.69000000000001 586.81000000000006
decision_type=2 2 2 2 2 1 2 2 2 2 1 2 2 2 2 2 2 2 2 1 2 2
left_child=-1 2 3 9 -5 -6 -7 -4 -9 -2 -10 -12 13 -13 15 18 17 -16 19 20 -3 -19
right_child=1 14 7 4 5 6 -8 8 10 -11 11 12 -14 -15 16 -17 -18 21 -20 -21 -22 -23
leaf_value=0.0020892639119488858 -0.017113417985552541 0.040114018335167048 0.078517056501435895 -0.15045337307839501 0.022752723630527272 0.013370202045312335 -0.2199189202390131 -0.20141404945437699 0.017111263622416484 0.16393397555018968 0.011232492268212465 -0.13714960545594754 -0.091920922681045597 -0.014467858135688518 0.066909590792937471 0.056109897954654937 -0.0018614253703672162 -0.072914853088459963 -0.098069622544755333 -0.0096118752155428724 -0.011481422869910772 0.020538258707382403
leaf_weight=224748 13728 39936 4512 5176 3936 768 1056 864 12588 1248 7496 288 2692 6048 1248 13344 181060 6528 2784 72896 25440 1344
leaf_count=224748 13728 39936 4512 5176 3936 768 1056 864 12588 1248 7496 288 2692 6048 1248 13344 181060 6528 2784 72896 25440 1344
internal_value=-2.82978e-05 -0.00016823 -0.0011868 -0.00260477 -0.00540592 -0.00113242 -0.00901961 -0.00012134 -0.000863133 -0.00055882 -0.000408051 -0.00198657 -0.00468439 -0.00244241 1.03168e-05 0.000580854 -0.000452882 -0.00512059 0.000171632 0.000343665 0.00147275 -0.00706375
internal_weight=629728 404980 60400 25912 10936 5760 1824 34488 29976 14976 29112 16524 9028 6336 344580 154400 190180 9120 141056 138272 65376 7872
internal_count=629728 404980 60400 25912 10936 5760 1824 34488 29976 14976 29112 16524 9028 6336 344580 154400 190180 9120 141056 138272 65376 7872
cat_boundaries=0 1 2 3
cat_threshold=57 176 11
is_linear=0
shrinkage=0.045


Tree=246
num_leaves=23
num_cat=3
split_feature=12 1 2 16 0 2 1 2 9 4 4 14 2 4 14 7 15 2 2 1 2 8
split_gain=10.8613 36.8124 44.4266 62.1741 40.1951 33.4238 65.9918 49.4847 46.0856 48.1391 43.6682 41.6304 52.8817 76.7708 45.5068 46.0802 40.8555 39.6839 36.7878 93.9847 88.7588 66.977
threshold=2.5000000000000004 16.500000000000004 2.5000000000000004 15.015000000000002 0.094758123159408583 307.50000000000006 17.750000000000004 300.50000000000006 29.358541666666671 0 1 149.92500000000004 351.50000000000006 2 20.485000000000007 15.085000000000003 35.905000000000008 349.50000000000006 67.500000000000014 18.500000000000004 195.50000000000003 54.535000000000004
decision_type=2 2 2 10 2 2 2 2 2 1 1 2 2 1 2 2 10 2 2 2 2 2
left_child=1 4 3 -3 -1 7 -7 18 10 -10 -9 12 17 16 15 -15 -14 -8 21 -20 -21 -4
right_child=-2 2 5 -5 -6 6 11 8 9 -11 -12 -13 13 14 -16 -17 -18 -19 19 20 -22 -23
leaf_value=0.016939611932543175 0.0010096072799924932 -0.11013555346810655 -0.0051647980298171556 0.34130572695531858 -0.016667207827501224 0.22343959402704019 0.021166186083763791 0.12727955904640778 -0.013687136795453582 -0.44534461257933927 -0.042604402183112379 -0.090224350365919262 -0.10743074054142246 0.062756378377173003 -0.049449878198775984 -0.060667322561702645 0.017803584029066191 0.16216823920900558 -0.072113953193729152 -0.018253141996374737 0.022037003659206932 0.072131970634672291
leaf_weight=2428 378516 292 29620 1148 61158 4565 15674 450 600 896 1404 1104 1230 2515 1167 502 361 800 22800 48866 36942 16690
leaf_count=2428 378516 292 29620 1148 61158 4565 15674 450 600 896 1404 1104 1230 2515 1167 502 361 800 22800 48866 36942 16690
internal_value=-2.94412e-05 -0.000258843 5.82802e-05 0.00792649 -0.00119457 -2.6586e-06 0.00143284 -0.000255892 -0.00566527 -0.0115354 -0.000921336 0.000465318 0.000888836 -0.00281591 0.000396806 0.0033165 -0.0111868 0.00218773 -0.000138846 -0.000591658 9.07237e-05 0.000923087
internal_weight=629728 251212 187626 1440 63586 186186 27918 158268 3350 1496 1854 23353 22249 5775 4184 3017 1591 16474 154918 108608 85808 46310
internal_count=629728 251212 187626 1440 63586 186186 27918 158268 3350 1496 1854 23353 22249 5775 4184 3017 1591 16474 154918 108608 85808 46310
cat_boundaries=0 1 2 3
cat_threshold=28 36 72
is_linear=0
shrinkage=0.045


Tree=247
num_leaves=23
num_cat=5
split_feature=1 12 5 12 18 2 4 1 17 5 4 8 2 7 12 2 2 16 4 2 2 10
split_gain=11.5288 41.0867 58.1056 48.342 39.5385 35.0073 56.9069 42.1018 33.7823 34.049 32.1721 29.501 41.7572 35.8894 37.1703 28.7173 37.4453 28.3954 39.6405 52.3419 52.618 51.1531
threshold=14.750000000000002 1.0000000180025095e-35 0 1.5000000000000002 7.085 2.5000000000000004 1 22.000000000000004 -8.5899999999999963 2 3 1980.6000000000001 237.50000000000003 23.835000000000004 12.500000000000002 270.50000000000006 49.500000000000007 25.195000000000004 4 237.50000000000003 355.50000000000006 3.3478309623489251
decision_type=2 2 1 2 10 2 1 2 8 1 1 2 2 2 2 2 2 8 1 2 2 2
left_child=4 5 3 -3 8 6 -2 -8 9 -1 15 13 -13 -12 -15 16 -6 18 19 21 -21 -7
right_child=1 2 -4 -5 10 17 7 -9 -10 -11 11 12 -14 14 -16 -17 -18 -19 -20 20 -22 -23
leaf_value=0.031965943719989072 -0.48752497171904513 -0.12814050632835694 -0.0082763930099712477 -0.02945460169220581 -0.019582699646709514 1.1935009361341675 0.50120650250232257 -0.014941675781028396 0.00052057391581667746 -0.046570317130888321 -0.00041393549675500908 -0.26183900166142066 0.093112496625141455 0.54035210499740527 -0.38370297999283765 -0.016049876871496831 0.095211013742016085 0.0093422153902213804 0.00054875455400358209 0.031536448496737451 -0.058955496803074145 -0.048961800345481948
leaf_weight=3332 224 5430 60120 12773 2063 193 800 320 341706 9976 14223 521 292 1332 244 2324 10995 105424 39864 4931 1222 11419
leaf_count=3332 224 5430 60120 12773 2063 193 800 320 341706 9976 14223 521 292 1332 244 2324 10995 105424 39864 4931 1222 11419
internal_value=-3.33e-05 -0.000276427 -0.00112464 -0.00335122 0.000119183 0.000127692 0.00735513 0.0114488 -1.73654e-05 -0.00224155 0.00163427 0.000259865 -0.00808896 0.000690621 0.00712928 0.00311615 0.00393836 6.80292e-05 -0.000735151 -0.00250225 0.000851747 -0.00428147
internal_weight=629728 242720 78323 18203 387008 164397 1344 1120 355014 13308 31994 16612 813 15799 1576 15382 13058 163053 57629 17765 6153 11612
internal_count=629728 242720 78323 18203 387008 164397 1344 1120 355014 13308 31994 16612 813 15799 1576 15382 13058 163053 57629 17765 6153 11612
cat_boundaries=0 1 2 3 4 5
cat_threshold=1 64 1 28 96
is_linear=0
shrinkage=0.045


Tree=248
num_leaves=23
num_cat=3
split_feature=10 10 2 4 13 13 14 4 2 7 17 2 9 2 2 7 7 2 2 2 17 4
split_gain=11.6646 37.5598 35.4116 38.569 48.146 35.9449 34.2459 42.3856 33.4547 29.3803 27.6196 27.5447 24.8744 24.6335 75.3511 51.2207 38.8796 37.7422 48.8027 129.952 48.451 40.289
threshold=85.123579179629644 59.52727226097258 302.50000000000006 0 1.5399999999999998 13.915000000000004 214.11500000000004 1 303.50000000000006 14.615 -14.930000000000003 267.50000000000006 90.951458333333349 133.50000000000003 143.50000000000003 9.1250000000000018 7.0250000000000012 175.50000000000003 221.50000000000003 223.50000000000003 -1.55 2
decision_type=2 2 2 1 2 2 2 1 2 2 8 2 2 2 2 2 2 2 2 2 10 1
left_child=1 12 3 5 11 -3 7 -2 -4 -6 -8 -5 -1 15 -15 -12 -16 20 -19 -20 -18 -21
right_child=6 2 8 4 9 -7 10 -9 -10 -11 13 -13 -14 14 16 -17 17 18 19 21 -22 -23
leaf_value=-0.00027236738740955276 -1.2297577886923803 -0.053732468643196619 -0.3392887207846097 0.044806309206680758 -0.023670528315558451 0.16491820457283193 0.044285927824929537 -0.33977340760308927 0.3830058418108509 0.039869987620141427 0.15439903077950576 -0.030123317872190948 -0.25591411171628015 -0.13611886897453512 -0.17462192689781927 0.0067318610629937175 -0.029939184298435235 -0.020480789337517676 0.13788440927221463 0.026806477676907196 0.052564451045806038 -0.012250283811914623
leaf_weight=563204 1452 1160 384 2136 2688 1240 6968 3332 192 8380 600 232 672 1448 396 3004 748 9072 1200 3728 2512 14980
leaf_count=563204 1452 1160 384 2136 2688 1240 6968 3332 192 8380 600 232 672 1448 396 3004 748 9072 1200 3728 2512 14980
internal_value=-3.45863e-05 2.19459e-05 0.0021439 0.00254293 0.00348007 -0.00270522 -0.000698091 -0.00431571 -0.00879758 0.00223577 -0.000310359 0.0093038 -3.98224e-05 -0.000791589 -0.00116573 0.00274542 -0.000719713 -0.000547112 -0.00106359 0.000183074 0.004042 -0.000738375
internal_weight=629728 580288 16412 15836 13436 2400 49440 4784 576 11068 44656 2368 563876 37688 34084 3604 32636 32240 28980 19908 3260 18708
internal_count=629728 580288 16412 15836 13436 2400 49440 4784 576 11068 44656 2368 563876 37688 34084 3604 32636 32240 28980 19908 3260 18708
cat_boundaries=0 1 2 3
cat_threshold=12 48 96
is_linear=0
shrinkage=0.045


Tree=249
num_leaves=23
num_cat=3
split_feature=10 10 14 4 2 4 13 2 2 2 7 2 2 17 8 17 1 7 2 4 2 1
split_gain=11.446 34.0991 32.8908 38.7293 32.3065 34.2018 44.201 33.6934 31.7784 31.3109 26.7313 25.305 25.1413 28.4452 27.4714 24.336 24.5958 48.3206 60.1367 56.6309 54.8585 47.0758
threshold=85.123579179629644 59.52727226097258 185.39000000000001 0 302.50000000000006 1 1.5399999999999998 107.50000000000001 303.50000000000006 163.50000000000003 14.615 267.50000000000006 175.50000000000003 99.695000000000007 617.17000000000019 -14.930000000000003 8.5000000000000018 23.015000000000004 280.50000000000006 2 227.50000000000003 5.7500000000000009
decision_type=2 2 2 1 2 1 2 2 2 2 2 2 2 10 2 8 2 2 2 1 2 2
left_child=1 -1 3 -2 5 7 11 -3 -6 -9 -8 -7 14 -14 -5 -4 21 18 19 -18 -21 -17
right_child=2 4 15 12 8 6 10 9 -10 -11 -12 -13 13 -15 -16 16 17 -19 -20 20 -22 -23
leaf_value=-0.00036292719298756725 -0.15854396477434221 0.12649626731581201 0.04053952555707737 1.6747846507583752 -0.32402072834930234 0.042790025292380122 -0.02260535454135832 -0.17431393183319999 0.36577057892936243 0.00098711730374679099 0.038075838177235054 -0.028767768567942355 -1.3204014378749358 -1.0846403449517501 -6.2796539775196356 -0.0054850337399627155 0.029050853444349316 -0.12950630209351896 -0.076483799534422026 -0.053617070663725848 0.028923299877448599 0.02018215201801251
leaf_weight=563876 2276 672 7184 248 384 2136 2688 864 192 864 8380 232 932 684 148 11790 7666 3456 1510 5326 2786 5434
leaf_count=563876 2276 672 7184 248 384 2136 2688 864 192 864 8380 232 932 684 148 11790 7666 3456 1510 5326 2786 5434
internal_value=-3.53723e-05 2.06276e-05 -0.00069263 -0.00445804 0.00204246 0.0024236 0.00330607 -0.00251866 -0.0084083 -0.0058526 0.00211382 0.00888608 -0.00898221 -0.0115142 0.00113065 -0.000334854 -0.000789307 -0.00183288 -0.000861481 -3.9924e-05 -0.00265879 0.000467607
internal_weight=629728 580288 49440 4288 16412 15836 13436 2400 576 1728 11068 2368 2012 1616 396 45152 37968 20744 17288 15778 8112 17224
internal_count=629728 580288 49440 4288 16412 15836 13436 2400 576 1728 11068 2368 2012 1616 396 45152 37968 20744 17288 15778 8112 17224
cat_boundaries=0 1 2 3
cat_threshold=15 12 21
is_linear=0
shrinkage=0.045


Tree=250
num_leaves=23
num_cat=3
split_feature=10 8 7 9 2 7 7 13 2 2 2 2 2 9 2 4 8 4 12 4 1 7
split_gain=11.4081 32.0773 43.7799 55.803 43.3973 74.0551 86.4208 78.6289 49.5212 97.2932 42.5033 122.349 96.7754 99.3239 93.2413 71.2943 85.7948 65.7533 80.3849 60.4722 97.791 54.6425
threshold=9.8273971060640513 55.815000000000005 20.110000000000003 28.427291666666669 77.500000000000014 7.745000000000001 12.695000000000002 13.915000000000004 91.500000000000014 93.500000000000014 171.50000000000003 159.50000000000003 177.50000000000003 30.146041666666669 157.50000000000003 0 109.69000000000001 1 9.5000000000000018 2 14.750000000000002 9.7450000000000028
decision_type=2 2 2 2 2 2 2 2 2 2 2 2 2 2 2 1 2 1 2 1 2 2
left_child=-1 2 3 4 5 -2 -7 -8 -6 -10 11 14 13 -12 15 16 -3 -15 -19 20 -16 -14
right_child=1 10 -4 -5 8 6 7 -9 9 -11 12 -13 21 17 19 -17 -18 18 -20 -21 -22 -23
leaf_value=0.002185839744382159 -0.011543727358987082 0.038151694777374887 -0.12114752231982456 0.049880496255532758 0.071663059173909624 -0.14553974684191265 0.02371548400900516 -0.15748422801260512 -0.19215576220107938 -0.0055509378472036698 0.064212473477296236 0.053042531340977493 0.024176606406814082 -0.12223508697625023 0.034720227570105101 -0.0091332442422264633 -0.010721616185751966 -0.0030226147497224259 -0.048104066035106773 -0.14937746140859065 -0.32259531451826962 -0.0042934442256644745
leaf_weight=224748 14304 39936 1248 5472 4128 5080 2360 904 864 26040 1248 13344 19588 2304 767 72896 25440 3624 1944 1536 481 161472
leaf_count=224748 14304 39936 1248 5472 4128 5080 2360 904 864 26040 1248 13344 19588 2304 767 72896 25440 3624 1944 1536 481 161472
internal_value=-3.46577e-05 -0.000177341 -0.0011339 -0.000957754 -0.00139907 -0.00289669 -0.00626528 -0.000551133 -0.000305955 -0.00101018 -9.66388e-06 0.000545006 -0.00045998 -0.00498246 0.000155362 0.000319583 0.00139842 -0.0068523 -0.00417742 -0.00799533 -0.000571429 -0.00023213
internal_weight=629728 404980 60400 59152 53680 22648 8344 3264 31032 26904 344580 154400 190180 9120 141056 138272 65376 7872 5568 2784 1248 181060
internal_count=629728 404980 60400 59152 53680 22648 8344 3264 31032 26904 344580 154400 190180 9120 141056 138272 65376 7872 5568 2784 1248 181060
cat_boundaries=0 1 2 3
cat_threshold=11 24 20
is_linear=0
shrinkage=0.045


Tree=251
num_leaves=23
num_cat=2
split_feature=10 3 2 7 9 2 2 2 15 1 8 14 15 14 8 4 10 9 8 2 1 9
split_gain=11.3238 31.2473 40.0407 35.3313 61.8543 46.3842 71.6143 54.1573 53.6289 50.7684 36.1355 55.3023 33.6853 32.9511 32.5044 42.3075 59.3721 64.3082 46.8296 79.5641 55.8627 42.3547
threshold=11.095664370145821 0 346.50000000000006 3.6800000000000002 12.641250000000001 101.50000000000001 89.500000000000014 88.500000000000014 1.5150000000000003 8.0000000000000018 28.645000000000003 26.100000000000009 9.5350000000000019 28.420000000000009 54.295000000000009 1 10.425803092438356 19.248125000000002 55.815000000000005 26.500000000000004 15.750000000000002 31.675833333333333
decision_type=2 1 2 2 2 2 2 2 8 2 2 2 10 2 2 1 2 2 2 2 2 2
left_child=1 2 -1 5 10 6 7 8 -3 -9 -5 -12 -7 -8 -6 21 18 -18 19 20 -17 -16
right_child=-2 3 -4 4 14 12 13 9 -10 -11 11 -13 -14 -15 15 16 17 -19 -20 -21 -22 -23
leaf_value=-0.018012588927757384 -0.0021204873542555961 -0.088659215833670799 -0.18881962515243494 -0.02085171675885 0.00028817506246306412 -0.063342827923830961 0.1177275583690662 0.10101767171128682 0.030671463417119491 -0.17514350256414657 -0.16725297750574483 0.02467712822141286 0.0098590663025305437 0.20868992025641675 -0.029115750203578435 -0.126921234463551 -0.16779230773255444 0.077730981474477906 -0.0018905364159958837 0.078700286760090971 0.05530821712887482 0.09731752101074978
leaf_weight=13248 357536 872 768 2976 200932 1444 1808 224 13720 448 1300 428 2300 880 5760 630 192 5568 13084 4416 330 864
leaf_count=13248 357536 872 768 2976 200932 1444 1808 224 13720 448 1300 428 2300 880 5760 630 192 5568 13084 4416 330 864
internal_value=-3.65156e-05 0.000182186 -0.00188623 0.000294553 0.000135105 0.00203245 0.00298262 0.00178927 0.00236501 -0.0106825 -0.00497238 -0.0101445 -0.00252269 0.00975279 0.000238806 0.00159891 0.00246987 0.00645869 0.00122603 0.00476106 -0.00696985 -0.0015868
internal_weight=629728 272192 14016 258176 236480 21696 17952 15264 14592 672 4704 1728 3744 2688 231776 30844 24220 5760 18460 5376 960 6624
internal_count=629728 272192 14016 258176 236480 21696 17952 15264 14592 672 4704 1728 3744 2688 231776 30844 24220 5760 18460 5376 960 6624
cat_boundaries=0 1 2
cat_threshold=128 6
is_linear=0
shrinkage=0.045


Tree=252
num_leaves=23
num_cat=4
split_feature=11 16 2 12 1 7 4 3 4 8 2 12 12 2 2 4 1 2 12 12 2 2
split_gain=10.9079 12.2743 24.3492 35.4848 33.4486 27.5346 35.9407 31.8332 30.9285 31.9456 33.4476 79.8067 48.4584 38.9 55.9394 31.2325 28.7747 28.9899 34.7135 27.2132 26.4355 29.213
threshold=0.43750000000000006 8.9850000000000012 6.5000000000000009 9.5000000000000018 8.0000000000000018 0.91500000000000015 0 1 2 25.575000000000003 47.500000000000007 6.5000000000000009 -5.4999999999999991 105.50000000000001 117.50000000000001 3 15.000000000000002 38.500000000000007 16.500000000000004 -2.4999999999999996 50.500000000000007 76.500000000000014
decision_type=2 8 2 2 2 2 1 1 1 2 2 2 2 2 2 1 2 2 2 2 2 2
left_child=1 2 3 4 -1 6 7 -4 9 -7 11 -11 -12 -14 -15 -16 17 -10 20 -8 -19 -22
right_child=-2 -3 5 -5 -6 8 19 -9 16 10 12 -13 13 14 15 -17 -18 18 -20 -21 21 -23
leaf_value=0.46000069184277903 0.098332548725783259 5.5010364635500461e-05 0.15796720580515139 -0.55791418110067192 -0.070441727125479012 -0.15135765846597002 0.042226186555269225 0.025478242783619428 -0.054104691698265595 -0.03106715193712405 0.16608164059954983 0.25234065692147589 -0.094119513771284816 0.13061565479442286 -0.0065864202096704251 -0.19255903097427604 0.065639373205339704 0.022422271559397307 0.05035273008479256 -0.023996341846017143 -0.073400218631903477 -0.0035749503025740972
leaf_weight=112 288 598328 256 588 640 608 724 3744 2584 792 252 616 2172 472 1156 760 1000 1000 2740 2856 2420 5620
leaf_count=112 288 598328 256 588 640 608 724 3744 2584 792 252 616 2172 472 1156 760 1000 1000 2740 2856 2420 5620
internal_value=-3.57296e-05 -3.97495e-05 -0.000911165 -0.00684054 -0.00035809 -0.00064385 0.00169744 0.00462114 -0.00144363 -0.00396053 -0.00300145 0.00309574 -0.00478604 -0.00584941 -0.00188285 -0.0053024 -0.00032193 -0.00083635 0.000110762 -0.00157851 -0.00123424 -0.00209276
internal_weight=629728 629440 31112 1340 752 29772 7580 4000 22192 6828 6220 1408 4812 4560 2388 1916 15364 14364 11780 3580 9040 8040
internal_count=629728 629440 31112 1340 752 29772 7580 4000 22192 6828 6220 1408 4812 4560 2388 1916 15364 14364 11780 3580 9040 8040
cat_boundaries=0 1 2 3 4
cat_threshold=46 15 34 32
is_linear=0
shrinkage=0.045


Tree=253
num_leaves=23
num_cat=2
split_feature=0 14 17 7 4 17 12 16 0 12 2 2 7 2 2 10 10 2 7 12 4 12
split_gain=10.9674 30.0878 27.7346 25.3738 24.0457 35.5222 33.1967 29.4608 40.8147 28.1633 31.0147 69.5547 54.9166 49.9146 122.382 106.056 60.4566 57.0876 117.681 57.846 44.5341 94.7407
threshold=0.36663097143173223 3151.5450000000005 4.2600000000000007 9.4150000000000009 0 -1.8999999999999948 10.500000000000002 13.345000000000001 0.29231902956962591 -18.499999999999996 76.500000000000014 72.500000000000014 16.975000000000005 91.500000000000014 93.500000000000014 11.206129644123939 17.026678836296686 103.50000000000001 12.010000000000002 10.500000000000002 1 7.5000000000000009
decision_type=2 2 10 2 1 8 2 8 2 2 2 2 2 2 2 2 2 2 2 2 1 2
left_child=1 2 4 -4 5 6 7 -1 -9 -6 11 12 -11 15 16 20 -15 18 -16 -20 -12 -22
right_child=-2 -3 3 -5 9 -7 -8 8 -10 10 13 -13 -14 14 17 -17 -18 -19 19 -21 21 -23
leaf_value=-0.010064271693232955 -0.0019026105734281673 -0.066811595415297312 -0.063912307625578424 0.028615177660524384 0.20849155020346022 0.0025593120882926269 0.038117257313499402 0.079532712312971973 0.011233185624622865 -0.015447930520017986 0.22120720044357861 -0.19601991831943399 0.11132917377649033 -0.17415558658194621 0.18702406097149477 -0.019593359958850445 0.00554992434537012 -0.00027207055613863993 0.13601274207195124 -0.13934205488320736 -0.066099485191463983 0.29192799408676784
leaf_weight=8444 412340 228 5252 1040 232 90452 8436 2140 7496 26532 2108 612 440 1088 1560 2404 432 57048 196 412 536 300
leaf_count=8444 412340 228 5252 1040 232 90452 8436 2140 7496 26532 2108 612 440 1088 1560 2404 432 57048 196 412 536 300
internal_value=-3.48721e-05 0.000223768 0.000240995 -0.00270257 0.000328852 0.000759361 0.00220775 0.0011199 0.00282009 -0.000207481 -0.00024645 -0.00151381 -0.0011728 0.000282586 -8.44611e-05 0.00444953 -0.012684 0.00023937 0.00740323 -0.00936885 0.0101731 0.00127358
internal_weight=629728 217388 217160 6292 210868 116968 26516 18080 9636 93900 93668 27584 26972 66084 60736 5348 1520 59216 2168 608 2944 836
internal_count=629728 217388 217160 6292 210868 116968 26516 18080 9636 93900 93668 27584 26972 66084 60736 5348 1520 59216 2168 608 2944 836
cat_boundaries=0 1 2
cat_threshold=60 66
is_linear=0
shrinkage=0.045


Tree=254
num_leaves=23
num_cat=5
split_feature=1 12 5 12 18 2 4 1 17 5 4 8 2 7 12 14 1 1 1 14 4 2
split_gain=10.5215 36.4212 53.1715 44.6097 35.4744 32.2625 53.1629 38.6458 30.91 30.8042 30.7104 28.7331 37.7486 32.2051 34.5323 27.9836 55.4501 32.4857 56.83 63.6236 59.892 90.7565
threshold=14.750000000000002 1.0000000180025095e-35 0 1.5000000000000002 7.085 2.5000000000000004 1 22.250000000000004 -8.5899999999999963 2 3 1980.6000000000001 237.50000000000003 23.835000000000004 12.500000000000002 5.344999999999998 5.0000000000000009 5.7500000000000009 8.2500000000000018 296.40500000000003 4 179.50000000000003
decision_type=2 2 1 2 10 2 1 2 8 1 1 2 2 2 2 2 2 2 2 2 1 2
left_child=4 5 3 -3 8 6 -2 -8 9 -1 -6 13 -13 -12 -15 16 -10 -17 20 -20 -19 -22
right_child=1 2 -4 -5 10 -7 7 -9 15 -11 11 12 -14 14 -16 17 -18 18 19 -21 21 -23
leaf_value=0.03059305410887804 -0.46497640899488607 -0.12226496667217185 -0.0076586004197999082 -0.027683058352442058 0.050719943168855378 0.00076157402681662433 0.46150952319426269 -0.023635366056258506 0.16951895864285316 -0.043828230658138942 -0.00031352265466471962 -0.24635007395610864 0.089799100723875425 0.51654551295950446 -0.36013941559004842 -0.0032605154671542019 -0.05986128260650634 0.033820254026748944 0.0020620884462154922 -0.029941760721734191 -0.021945383336551362 0.018439016038839948
leaf_weight=3332 224 5430 60120 12773 15382 163053 840 280 1112 9976 14223 521 292 1332 244 139762 9623 20940 134181 5776 14827 15485
leaf_count=3332 224 5430 60120 12773 15382 163053 840 280 1112 9976 14223 521 292 1332 244 139762 9623 20940 134181 5776 14827 15485
internal_value=-3.22996e-05 -0.000264562 -0.00106317 -0.00319311 0.000113369 0.000115922 0.00705423 0.0110115 -1.59711e-05 -0.0021435 0.00154847 0.000205727 -0.00803374 0.000630815 0.00673004 6.68992e-05 -0.00219405 0.000140246 0.0005214 5.19259e-05 0.00180337 0.000523843
internal_weight=629728 242720 78323 18203 387008 164397 1344 1120 355014 13308 31994 16612 813 15799 1576 341706 10735 330971 191209 139957 51252 30312
internal_count=629728 242720 78323 18203 387008 164397 1344 1120 355014 13308 31994 16612 813 15799 1576 341706 10735 330971 191209 139957 51252 30312
cat_boundaries=0 1 2 3 4 5
cat_threshold=1 64 1 28 14
is_linear=0
shrinkage=0.045


Tree=255
num_leaves=23
num_cat=3
split_feature=10 8 2 2 2 9 2 4 8 14 0 4 4 1 12 0 15 2 2 7 7 9
split_gain=10.5968 30.268 40.3623 114.318 87.9707 88.6067 85.9687 63.7166 77.4284 61.0778 73.2636 74.0419 54.1872 92.3886 53.1143 67.5899 81.9161 61.4944 52.224 67.8587 50.2252 84.0394
threshold=9.8273971060640513 55.815000000000005 171.50000000000003 159.50000000000003 177.50000000000003 30.146041666666669 157.50000000000003 0 109.69000000000001 586.81000000000006 0.44996191561222082 1 2 14.750000000000002 11.500000000000002 0.23862879723310473 21.115000000000006 147.50000000000003 161.50000000000003 13.445000000000002 9.7450000000000028 35.724166666666669
decision_type=2 2 2 2 2 2 2 1 2 2 2 1 1 2 2 2 8 2 2 2 2 2
left_child=-1 -2 3 6 5 -4 7 8 -3 10 -7 -12 13 -8 17 -16 -17 -10 -5 -20 21 -6
right_child=1 2 4 18 20 9 12 -9 14 -11 11 -13 -14 -15 15 16 -18 -19 19 -21 -22 -23
leaf_value=0.0020552029167346534 -0.012658693173897827 0.036175393445327234 0.061503997360607271 0.12780037441202466 0.0044904673709656225 -0.066850181527914873 0.032920120711488629 -0.0083924982646932864 -0.046100730296708956 0.01929154294129274 0.027389381479970165 -0.13024450292572323 -0.14221803969847391 -0.30755532440571948 -0.070373633184216827 0.11039696831362544 -0.0012492732388083882 0.23834754341893047 -0.047838959393024912 0.053899101039753108 -0.0042396536433827701 0.098212767171588097
leaf_weight=224748 60400 39936 1248 1824 15556 2504 767 72896 17768 1344 1704 2320 1536 481 840 2484 3248 1100 1440 10080 161472 4032
leaf_count=224748 60400 39936 1248 1824 15556 2504 767 72896 17768 1344 1704 2320 1536 481 840 2484 3248 1100 1440 10080 161472 4032
internal_value=-3.51579e-05 -0.000172674 -9.79448e-06 0.000530725 -0.000448623 -0.00476047 0.000154086 0.000311772 0.00133167 -0.00652654 -0.00832466 -0.00456036 -0.00767229 -0.000642857 -0.000608443 0.00287496 0.00462243 -0.00182194 0.00451146 0.00339004 -0.000231385 0.00192037
internal_weight=629728 404980 344580 154400 190180 9120 141056 138272 65376 7872 6528 4024 2784 1248 25440 6572 5732 18868 13344 11520 181060 19588
internal_count=629728 404980 344580 154400 190180 9120 141056 138272 65376 7872 6528 4024 2784 1248 25440 6572 5732 18868 13344 11520 181060 19588
cat_boundaries=0 1 2 3
cat_threshold=11 98 20
is_linear=0
shrinkage=0.045


Tree=256
num_leaves=23
num_cat=3
split_feature=11 16 7 2 12 1 12 0 2 10 4 2 8 2 10 2 2 10 12 4 8 4
split_gain=10.5094 11.5157 22.795 30.6187 37.4619 36.9708 26.2516 41.6211 37.5974 32.1364 31.4558 34.1915 57.1389 33.3799 31.9363 48.7944 90.784 35.3177 28.8981 28.7886 27.8126 30.1276
threshold=0.52083333333333348 8.9850000000000012 -4.21 6.5000000000000009 8.5000000000000018 9.2500000000000018 11.500000000000002 0.094758123159408583 324.50000000000006 5.1539799495395107 0 41.500000000000007 46.445000000000007 10.500000000000002 8.4748452706580242 50.500000000000007 111.50000000000001 10.700672855192906 -8.4999999999999982 1 34.82500000000001 2
decision_type=2 8 2 2 2 2 2 2 2 2 1 2 2 2 2 2 2 2 2 1 2 1
left_child=1 2 -1 4 5 -4 7 9 10 -5 14 13 20 -12 15 -8 -17 -16 -9 -10 21 -13
right_child=-2 -3 3 6 -6 -7 8 18 19 -11 11 12 -14 -15 17 16 -18 -19 -20 -21 -22 -23
leaf_value=0.043450220570442719 0.17303851304409437 6.9704546324556932e-05 0.43191047334490079 -0.11599135558132706 -0.55336221630335902 -0.079434436273549056 0.15536951203084376 0.053457787756661816 -0.34594103220896316 0.0063889149677183628 0.23080965617544949 0.099838895664135119 -0.042417301252590627 -0.15059476674243957 0.12792283784007777 -0.22444218836102692 0.1258228047180068 0.032553591537296499 -0.050432791516412924 0.049579738214527568 0.14711005837353272 -0.048046244984742942
leaf_weight=1368 192 598352 121 256 560 555 356 872 392 6048 128 940 2660 956 932 644 296 1380 10960 184 904 672
leaf_count=1368 192 598352 121 256 560 555 356 872 392 6048 128 940 2660 956 932 644 296 1380 10960 184 904 672
internal_value=-3.39431e-05 -3.71701e-05 -0.000880203 -0.00114092 -0.00806947 -0.000929204 -0.000840739 -0.00187562 0.000956347 0.00107755 0.00160942 -0.000322864 0.0011993 -0.00758287 0.00494751 -0.000693374 -0.00606688 0.00812878 -0.00344896 -0.010199 0.00605838 0.00250929
internal_weight=629728 629536 31184 29816 1236 676 28580 18136 10444 6304 9868 6260 5176 1084 3608 1296 940 2312 11832 576 2516 1612
internal_count=629728 629536 31184 29816 1236 676 28580 18136 10444 6304 9868 6260 5176 1084 3608 1296 940 2312 11832 576 2516 1612
cat_boundaries=0 1 2 3
cat_threshold=44 23 18
is_linear=0
shrinkage=0.045


Tree=257
num_leaves=23
num_cat=4
split_feature=17 2 15 4 8 7 15 3 17 8 10 8 4 7 2 14 18 7 4 9 10 9
split_gain=10.3627 16.2391 18.7825 17.4539 13.0428 12.6329 12.2327 10.2942 22.3551 28.1427 22.4618 22.7715 29.3067 22.2714 33.312 22.0208 21.3774 23.6885 30.1134 42.5923 49.1442 42.1893
threshold=383.40000000000015 237.50000000000003 357.34000000000009 0 561.5200000000001 20.785000000000004 1049.3950000000002 1 1.1400000000000017 88.27500000000002 10.567040910553875 54.795000000000009 2 16.625000000000004 131.50000000000003 67.185000000000016 -2.6399999999999988 19.395000000000003 3 25.985000000000003 10.769110823565429 89.106666666666669
decision_type=10 2 10 1 2 2 10 1 10 2 2 2 1 2 2 2 8 2 1 2 2 2
left_child=7 2 4 6 -2 -6 -4 8 -1 10 -10 -12 13 14 -13 -11 -9 -18 21 -20 -21 -19
right_child=1 -3 3 -5 5 -7 -8 16 9 15 11 12 -14 -15 -16 -17 17 18 19 20 -22 -23
leaf_value=0.00065791199110503242 -3.1831877421379735 4.2541937178641858 4.4309875541163981 -10.980386884891313 4.5174587904283294 -1.2772536205336504 -23.303938071658017 -0.0066346887625435697 -0.0073029747176550416 0.09786882550373234 -0.082284673386512089 -0.12562814174448458 -0.011325872165310976 -0.14260304863323681 0.015052705491269157 -0.0072499440225050346 0.0013757779676475616 0.032304044117065223 0.35112345392642952 -0.046824263982365347 0.017519922671169395 -0.017951682243182214
leaf_weight=151264 100 540 196 752 328 116 240 88960 23568 10596 5168 1804 14084 1352 1996 25436 269408 18100 252 4504 7660 3304
leaf_count=151264 100 540 196 752 328 116 240 88960 23568 10596 5168 1804 14084 1352 1996 25436 269408 18100 252 4504 7660 3304
internal_value=-3.5015e-05 -0.00306728 -0.00519031 -0.00835714 0.00173077 0.00504484 -0.00100446 -2.40255e-05 -0.000259351 -0.000847975 -0.00156178 -0.00251864 -0.0018058 -0.00470565 -0.00294713 0.000102403 0.000117147 0.000297101 0.00141964 -0.000343981 -0.000724971 0.00244163
internal_weight=629728 2272 1732 1188 544 444 436 627456 235268 84004 47972 24404 19236 5152 3800 36032 392188 303228 33820 12416 12164 21404
internal_count=629728 2272 1732 1188 544 444 436 627456 235268 84004 47972 24404 19236 5152 3800 36032 392188 303228 33820 12416 12164 21404
cat_boundaries=0 1 2 3 4
cat_threshold=24 137 80 23
is_linear=0
shrinkage=0.045


Tree=258
num_leaves=23
num_cat=4
split_feature=17 2 15 4 8 7 15 10 7 13 4 8 9 7 4 7 1 4 7 9 2 8
split_gain=11.0611 14.0155 15.1131 16.6687 11.8907 11.0832 10.9925 10.0293 46.4787 35.8295 33.9156 47.6986 47.0285 33.0995 49.2369 48.6241 34.8867 81.7818 62.4642 56.8545 113.007 53.9194
threshold=383.40000000000015 237.50000000000003 357.34000000000009 0 561.5200000000001 20.785000000000004 1049.3950000000002 5.7258828959067705 21.275000000000002 2.050000000000002 1 27.090000000000003 15.187916666666668 18.705000000000002 2 14.945000000000002 13.750000000000002 3 8.3050000000000015 16.865833333333338 31.500000000000004 31.250000000000004
decision_type=10 2 10 1 2 2 10 2 2 2 1 2 2 2 1 2 2 1 2 2 2 2
left_child=7 2 4 6 -2 -6 -4 8 10 -10 11 12 -1 15 -15 16 19 -18 -19 20 -12 -22
right_child=1 -3 3 -5 5 -7 -8 -9 9 -11 13 -13 -14 14 -16 -17 17 18 -20 -21 21 -23
leaf_value=0.02477156181375547 -3.039944293741764 4.0627550005602986 4.2315931141811598 -10.486269475071209 4.314173144859053 -1.2197772076096358 -22.255260858433413 0.00027871899410101679 0.026828416059198248 -0.061650369657748512 0.33908637694782939 -0.0013865813988466135 0.10668762773515678 -0.050444255567817731 0.28830916823072927 -0.034768137373383988 0.053862353533433729 -0.084465726879853931 -0.00039716174993640772 -0.03570090543463432 -0.024890835767886019 0.22936414588231946
leaf_weight=2496 100 540 196 752 328 116 240 579360 552 2040 880 9120 1536 480 768 5664 6314 1230 3321 7865 5500 330
leaf_count=2496 100 540 196 752 328 116 240 579360 552 2040 880 9120 1536 480 768 5664 6314 1230 3321 7865 5500 330
internal_value=-3.34429e-05 -0.00316623 -0.00513841 -0.00797899 0.00107143 0.00423767 -0.000803571 -2.20891e-05 -0.000646493 -0.0065054 -0.000312486 0.00161349 0.00568914 -0.00109566 0.006084 -0.00138446 -0.000544768 0.00138516 -0.00321006 -0.00198343 0.0010593 -0.00121142
internal_weight=629728 2272 1732 1188 544 444 436 627456 48096 2592 45504 13152 4032 32352 1248 31104 25440 10865 4551 14575 6710 5830
internal_count=629728 2272 1732 1188 544 444 436 627456 48096 2592 45504 13152 4032 32352 1248 31104 25440 10865 4551 14575 6710 5830
cat_boundaries=0 1 2 3 4
cat_threshold=24 66 9 28
is_linear=0
shrinkage=0.045


Tree=259
num_leaves=23
num_cat=4
split_feature=10 8 2 1 4 4 8 7 4 2 7 4 7 10 9 8 10 10 2 14 7 9
split_gain=10.5289 31.5481 54.8837 37.6601 43.0011 37.6825 35.099 46.3264 48.4261 57.3471 30.8172 69.2782 62.8957 55.0171 54.5241 40.7059 34.5158 49.1125 50.1108 36.3562 32.0027 45.139
threshold=11.549442035894929 53.765000000000008 12.500000000000002 10.750000000000002 0 1 52.885000000000005 15.005000000000001 2 18.500000000000004 15.255000000000001 3 12.435 9.7003721270747363 21.337291666666669 57.170000000000009 10.425803092438356 10.567040910553875 70.500000000000014 45.175000000000018 18.105000000000004 26.980000000000004
decision_type=2 2 2 2 1 1 2 2 1 2 2 1 2 2 2 2 2 2 2 2 2 2
left_child=1 6 3 4 -3 -5 -1 -8 -9 -10 11 13 15 -4 -14 -13 19 18 -18 20 21 -12
right_child=-2 2 10 5 -6 -7 7 8 9 -11 16 12 14 -15 -16 -17 17 -19 -20 -21 -22 -23
leaf_value=0.00049236152548834552 -0.002190693079043923 0.027089896566722251 0.30119754882114452 0.10955281915389549 -0.08913063068576077 -0.02676809145949581 0.012625507057153505 0.037731231575545587 0.22507784562120955 -0.14194063992782349 -0.0030532938772567563 0.0071788571401180841 0.64933556668176773 0.048683818477844497 0.024707202563977147 -0.077834189001916354 0.77353680306133787 0.018571480005805503 0.017014070960028643 -0.076649936015750056 0.018382559117260236 -0.085282380301823571
leaf_weight=237220 342464 387 1440 371 1118 1484 2496 672 192 2208 5084 2784 576 3744 6172 2016 576 7872 576 264 8092 1920
leaf_count=237220 342464 387 1440 371 1118 1484 2496 672 192 2208 5084 2784 576 3744 6172 2016 576 7872 576 264 8092 1920
internal_value=-3.09418e-05 0.000169964 0.00127175 -0.0042564 -0.00954048 3.63489e-05 -3.18794e-05 -0.00356284 -0.0072609 -0.0102239 0.0017237 0.00321083 0.00126514 0.00752598 0.00406667 -0.00267076 0.000703067 0.00291159 0.0115815 -0.000594649 -0.000304014 -0.00253069
internal_weight=629728 287264 44476 3360 1505 1855 242788 5568 3072 2400 41116 16732 11548 5184 6748 4800 24384 9024 1152 15360 15096 7004
internal_count=629728 287264 44476 3360 1505 1855 242788 5568 3072 2400 41116 16732 11548 5184 6748 4800 24384 9024 1152 15360 15096 7004
cat_boundaries=0 1 2 3 4
cat_threshold=72 20 80 40
is_linear=0
shrinkage=0.045


Tree=260
num_leaves=23
num_cat=2
split_feature=17 12 2 1 1 8 2 4 16 7 2 10 1 15 1 12 0 2 4 10 10 2
split_gain=10.2312 15.7887 19.8487 14.041 15.5574 11.2389 10.617 11.7695 9.7049 34.2463 28.1791 36.3118 33.5374 42.005 28.1541 23.0494 38.3312 35.9603 34.8392 31.9011 31.463 45.0888
threshold=383.40000000000015 2.5000000000000004 229.50000000000003 18.500000000000004 17.500000000000004 3358.4600000000005 133.50000000000003 0 8.9850000000000012 -4.21 6.5000000000000009 6.505580664378015 13.250000000000002 9.8050000000000015 12.000000000000002 11.500000000000002 0.094758123159408583 352.50000000000006 1 5.1539799495395107 8.4748452706580242 50.500000000000007
decision_type=10 2 2 2 2 2 2 1 8 2 2 2 2 10 2 2 2 2 1 2 2 2
left_child=8 2 6 4 -4 -3 7 -2 9 -1 11 12 13 -11 -13 16 19 18 20 -12 21 -17
right_child=1 5 3 -5 -6 -7 -8 -9 -10 10 15 14 -14 -15 -16 17 -18 -19 -20 -21 -22 -23
leaf_value=0.055695529631305751 6.9148384152440725 8.0966909302328673 0.39313378854201714 12.773687113547989 -25.743691053020587 -1.2883916937707345 -10.480847303615411 -3.5126306359883799 0.00017556293873867646 0.21117982908114807 -0.1100735120195014 -0.63455970181570465 -0.19749011643704906 -0.071063270212382387 0.016911340839813209 0.14829742734200235 -0.041374789038030858 -0.32340282014993488 -0.0094616792509963302 0.0060959635372805094 0.072233478630866516 -0.083962057505303153
leaf_weight=1524 128 364 128 362 122 272 756 140 596116 219 256 512 213 100 192 356 11832 176 6576 6048 2336 1000
leaf_count=1524 128 364 128 362 122 272 756 140 596116 219 256 512 213 100 192 356 11832 176 6576 6048 2336 1000
internal_value=-3.45148e-05 -0.00304749 -0.00538462 0.00102606 -0.00714286 0.00296238 -0.00921053 -0.0015 -2.35952e-05 -0.000795418 -0.00113187 -0.00777868 0.00109551 0.0103037 -0.0144688 -0.000843888 -0.0018136 0.000840034 0.00118744 0.00102046 0.00467738 -0.00076215
internal_weight=629728 2272 1636 612 250 636 1024 268 627456 31340 29816 1236 532 319 704 28580 18136 10444 10268 6304 3692 1356
internal_count=629728 2272 1636 612 250 636 1024 268 627456 31340 29816 1236 532 319 704 28580 18136 10444 10268 6304 3692 1356
cat_boundaries=0 1 2
cat_threshold=69 44
is_linear=0
shrinkage=0.045


Tree=261
num_leaves=23
num_cat=3
split_feature=10 8 7 9 7 2 7 7 13 2 2 2 2 4 8 4 12 4 2 1 2 16
split_gain=9.72059 27.1942 39.1813 48.4706 44.2977 38.7716 69.3307 78.718 73.7395 46.1336 89.1504 43.4459 142.582 67.0567 54.94 74.8818 59.578 58.5981 40.8437 68.2548 67.835 57.5017
threshold=9.8273971060640513 55.815000000000005 20.110000000000003 28.427291666666669 20.485000000000003 77.500000000000014 7.745000000000001 12.695000000000002 13.915000000000004 91.500000000000014 95.500000000000014 256.50000000000006 289.50000000000006 0 50.405000000000008 1 1.0000000180025095e-35 2 195.50000000000003 5.2500000000000009 211.50000000000003 34.675000000000004
decision_type=2 2 2 2 2 2 2 2 2 2 2 2 2 1 2 1 2 1 2 2 2 10
left_child=-1 2 3 5 -4 6 -2 -8 -9 -7 -11 13 -13 -12 15 -14 -17 -16 -15 20 -20 -21
right_child=1 -3 4 -5 -6 9 7 8 -10 10 11 12 14 18 17 16 -18 -19 19 21 -22 -23
leaf_value=0.0019344769160114946 -0.009454008356186535 -8.1441440166846733e-05 -0.21716888491220279 0.049070712523078222 -0.0092880510338278245 0.06868999002344521 -0.13684604543658904 0.023160053894767735 -0.15032264641936116 -0.17399731160576362 0.037411490515424327 -0.086151034681232169 0.194204616769899 -0.031376933820340229 0.064644413014539298 0.086379041953453806 -0.093136387643545288 -0.092352132519969002 0.071999825874650439 0.07073920399301388 -0.075137083457747569 -0.058363258009026635
leaf_weight=224748 14304 344580 576 5472 672 4128 5080 2360 904 1056 6912 2304 1752 6432 864 660 1356 2016 189 2040 588 735
leaf_count=224748 14304 344580 576 5472 672 4128 5080 2360 904 1056 6912 2304 1752 6432 864 660 1356 2016 189 2040 588 735
internal_value=-3.12991e-05 -0.000163007 -0.00104376 -0.000877117 -0.008928 -0.00128842 -0.00270397 -0.00596334 -0.000509798 -0.000255204 -0.000934922 -0.000410832 -0.00294505 0.000932063 0.000399248 0.0039748 -0.00195266 -0.00427828 -0.00142707 0.00244373 -0.00932927 0.00574451
internal_weight=629728 404980 60400 59152 1248 53680 22648 8344 3264 31032 26904 25848 8952 16896 6648 3768 2016 2880 9984 3552 777 2775
internal_count=629728 404980 60400 59152 1248 53680 22648 8344 3264 31032 26904 25848 8952 16896 6648 3768 2016 2880 9984 3552 777 2775
cat_boundaries=0 1 2 3
cat_threshold=50 112 13
is_linear=0
shrinkage=0.045


Tree=262
num_leaves=23
num_cat=4
split_feature=12 1 2 9 4 8 2 9 10 4 2 10 4 14 1 4 2 15 7 9 2 1
split_gain=9.8105 33.2086 39.5821 70.2687 81.8587 66.2681 57.4993 52.7878 50.4367 75.8222 68.331 69.2681 49.5467 51.0509 49.2032 43.1391 66.6924 58.1808 49.5646 46.5645 45.0801 44.5783
threshold=2.5000000000000004 9.7500000000000018 67.500000000000014 19.495833333333337 0 39.685000000000009 195.50000000000003 13.363958333333334 8.2860754121425959 1 47.500000000000007 10.152097766338445 2 40.32500000000001 17.750000000000004 3 207.50000000000003 56.550000000000004 17.165000000000003 47.825416666666676 205.50000000000003 20.000000000000004
decision_type=2 2 2 2 1 2 2 2 2 1 2 2 1 2 2 1 2 10 2 2 2 2
left_child=1 -1 3 4 7 -6 -4 14 -5 -10 11 -11 -12 -14 -3 16 20 18 -18 -17 -8 -21
right_child=-2 2 6 8 5 -7 15 -9 9 10 12 -13 13 -15 -16 19 17 -19 -20 21 -22 -23
leaf_value=-0.027487385083282398 0.0009384799652807608 -0.0049732042238121062 -0.023221551007630729 0.061604008699057647 -0.063004068978938566 0.087988709248441987 0.012692709416278924 -0.0044886021377969288 0.052271888137971276 -0.079497638108969537 -0.091411033525777022 -0.0046945167446392939 0.29777768963216472 0.0063333901904593847 0.13555915219807196 0.017857987219112966 -0.015191879326448372 0.071411584042513992 -0.067590485406874276 -0.26302888560880699 0.48343065322924123 0.013067761481819033
leaf_weight=21893 378516 1073 69822 12555 9548 1890 876 7075 9740 4260 1231 13381 2933 2413 1841 51939 13598 6237 4681 6666 648 6912
leaf_count=21893 378516 1073 69822 12555 9548 1890 876 7075 9740 4260 1231 13381 2933 2413 1841 51939 13598 6237 4681 6666 648 6912
internal_value=-3.43719e-05 -0.000252394 -9.25231e-05 0.000818639 -0.00131352 -0.00391048 -0.000476125 0.00166258 0.00180087 0.000899735 -0.000449443 -0.00190911 0.00346443 0.00533315 0.00675926 0.000265648 -0.00128339 -0.0018519 -0.00313235 0.000881404 0.00784404 -0.00146465
internal_weight=629728 251212 229319 67940 21427 11438 161379 9989 46513 33958 24218 17641 6577 5346 2914 91557 26040 24516 18279 65517 1524 13578
internal_count=629728 251212 229319 67940 21427 11438 161379 9989 46513 33958 24218 17641 6577 5346 2914 91557 26040 24516 18279 65517 1524 13578
cat_boundaries=0 1 2 3 4
cat_threshold=23 33 2 12
is_linear=0
shrinkage=0.045


Tree=263
num_leaves=23
num_cat=5
split_feature=1 16 12 4 2 12 5 12 16 2 2 4 14 18 5 7 4 8 14 7 8 8
split_gain=10.1127 34.183 40.6065 37.5202 55.3627 32.0824 49.1156 42.2852 30.8879 46.6939 30.7178 62.0037 42.4825 29.1189 47.0494 28.5507 27.5679 59.4388 30.2373 30.3651 44.3103 44.7722
threshold=14.750000000000002 60.685000000000009 2.5000000000000004 0 247.50000000000003 1.0000000180025095e-35 1 1.5000000000000002 25.195000000000004 2.5000000000000004 353.50000000000006 2 24.305000000000007 -7.9499999999999966 3 39.265000000000008 4 65.02500000000002 2551.2850000000003 15.795000000000002 465.3300000000001 202.78500000000003
decision_type=2 10 2 1 2 2 1 2 10 2 2 1 2 10 1 2 1 2 2 2 2 2
left_child=1 13 -3 -4 15 8 7 -7 10 -10 -2 -12 -13 14 -1 -5 17 -11 19 20 21 -19
right_child=5 2 3 4 -6 6 -8 -9 9 16 11 12 -14 -15 -16 -17 -18 18 -20 -21 -22 -23
leaf_value=0.084747893495558529 -0.0029603471454266164 -0.044866872521308325 0.26052912120581984 -0.017184591834065881 0.87066474565784235 -0.1162641927400996 -0.0069696284827005239 -0.025992327107883274 0.48757147265936646 0.039558012120583338 -0.091149242246127013 0.030160236532163646 -0.07884897548980907 0.00071385368956930408 -0.067077873754690945 -0.59718033373365786 0.032056526650876681 -0.0061615640461521789 0.70878605383746163 -0.097086528943233164 -0.66252861675481889 0.77399185106687407
leaf_weight=3216 81124 5653 6199 3686 960 5430 60120 12773 432 9867 1130 1712 623 357355 9630 309 55201 4745 244 8275 544 500
leaf_count=3216 81124 5653 6199 3686 960 5430 60120 12773 432 9867 1130 1712 623 357355 9630 309 55201 4745 244 8275 544 500
internal_value=-3.53723e-05 0.000107439 0.00209218 0.00366664 0.000738373 -0.000263079 -0.00101261 -0.0030597 9.40243e-05 0.000729044 -0.000505107 -0.00465316 -0.000431402 1.73216e-05 -0.00208748 -0.00159307 0.000648542 -0.000618617 -0.0024717 -0.00274492 -0.000244776 0.00102487
internal_weight=629728 387008 16807 11154 4955 242720 78323 18203 164397 79808 84589 3465 2335 370201 12846 3995 79376 24175 14308 14064 5789 5245
internal_count=629728 387008 16807 11154 4955 242720 78323 18203 164397 79808 84589 3465 2335 370201 12846 3995 79376 24175 14308 14064 5789 5245
cat_boundaries=0 1 2 3 4 5
cat_threshold=89 1 72 1 24
is_linear=0
shrinkage=0.045


Tree=264
num_leaves=23
num_cat=4
split_feature=3 17 8 5 10 4 18 16 18 2 0 7 2 4 9 1 13 9 14 2 2 7
split_gain=9.60226 21.1282 23.726 22.7661 22.0546 29.9725 21.0668 20.1085 19.624 21.1646 32.4143 19.7947 28.7493 28.7469 49.3897 54.9591 38.5382 44.1609 38.7738 38.0587 37.0236 29.9587
threshold=0 1.1400000000000017 88.27500000000002 1 16.234600233403693 2 31.260000000000005 -1.0000000180025095e-35 -2.6399999999999988 2.5000000000000004 0.43723486363887792 19.395000000000003 6.5000000000000009 3 89.106666666666669 7.7500000000000009 10.865000000000004 25.985000000000003 29.405000000000008 247.50000000000003 274.50000000000006 19.995000000000001
decision_type=1 10 2 1 2 1 10 8 8 2 2 2 2 1 2 2 2 2 2 2 2 2
left_child=1 7 4 -4 -3 -6 -5 -1 9 10 -2 -10 -13 14 20 -16 17 -15 -19 -17 21 -14
right_child=8 2 3 6 5 -7 -8 -9 11 -11 -12 12 13 16 15 19 -18 18 -20 -21 -22 -23
leaf_value=0.02665600868408435 -0.18669017245326264 -0.014595702330218773 0.021906696876307443 -0.0041896447143872613 0.024562274050621533 -0.095295222537801219 -0.17007833983322529 1.877612594375133e-05 0.0011854534041583124 -0.007330286414099641 0.35038823424179683 -0.075835845187514184 0.077508440186641436 0.30996827532925414 0.023285421793424219 -0.15406607296447863 0.090678910166638732 -0.063523829368706042 -0.0053400406068548059 1.482321868198567 -0.0046871991700739362 0.03871317952103881
leaf_weight=1716 136 40036 18456 14962 2080 5856 3494 149548 269824 88904 476 268 2288 236 1356 1959 3752 2192 6420 225 3548 11996
leaf_count=1716 136 40036 18456 14962 2080 5856 3494 149548 269824 88904 476 268 2288 236 1356 1959 3752 2192 6420 225 3548 11996
internal_value=-3.45863e-05 -0.000261433 -0.000829642 2.80381e-05 -0.00148956 -0.00365646 -0.00108918 5.74154e-05 0.000101526 -0.000484093 0.00784202 0.000273937 0.00129315 0.00140931 0.00241372 -0.0024393 -0.000296147 -0.00191695 -0.00244486 -0.00685499 0.00337866 0.00440046
internal_weight=629728 236148 84884 36912 47972 7936 18456 151264 393580 89516 612 304064 34240 33972 21372 3540 12600 8848 8612 2184 17832 14284
internal_count=629728 236148 84884 36912 47972 7936 18456 151264 393580 89516 612 304064 34240 33972 21372 3540 12600 8848 8612 2184 17832 14284
cat_boundaries=0 1 2 3 4
cat_threshold=137 12 12 23
is_linear=0
shrinkage=0.045


end of trees

feature_importances:
day_of_year=1508
weekday=704
dam_day_min=513
local_hour=429
dam_day_std=331
dam_day_max=299
dam_asinh=260
dam_hours_to_day_peak=245
dam_ramp_from_prev=230
quarter=224
dam_day_mean=221
dam_ramp_to_next=193
dam_above_day_min=184
dam_prev_hour=146
dam_below_day_max=126
dam_next_hour=110
zone_code=95
dam_day_negative_share=12

parameters:
[boosting: gbdt]
[objective: quantile]
[metric: quantile]
[tree_learner: serial]
[device_type: cpu]
[data_sample_strategy: bagging]
[data: ]
[valid: ]
[num_iterations: 265]
[learning_rate: 0.045]
[num_leaves: 23]
[num_threads: 4]
[seed: 43]
[deterministic: 0]
[force_col_wise: 0]
[force_row_wise: 0]
[histogram_pool_size: -1]
[max_depth: -1]
[min_data_in_leaf: 100]
[min_sum_hessian_in_leaf: 0.001]
[bagging_fraction: 1]
[pos_bagging_fraction: 1]
[neg_bagging_fraction: 1]
[bagging_freq: 0]
[bagging_seed: 11149]
[bagging_by_query: 0]
[feature_fraction: 1]
[feature_fraction_bynode: 1]
[feature_fraction_seed: 21351]
[extra_trees: 0]
[extra_seed: 16806]
[early_stopping_round: 0]
[early_stopping_min_delta: 0]
[first_metric_only: 0]
[max_delta_step: 0]
[lambda_l1: 0]
[lambda_l2: 2]
[linear_lambda: 0]
[min_gain_to_split: 0]
[drop_rate: 0.1]
[max_drop: 50]
[skip_drop: 0.5]
[xgboost_dart_mode: 0]
[uniform_drop: 0]
[drop_seed: 2965]
[top_rate: 0.2]
[other_rate: 0.1]
[min_data_per_group: 100]
[max_cat_threshold: 32]
[cat_l2: 10]
[cat_smooth: 10]
[max_cat_to_onehot: 4]
[top_k: 20]
[monotone_constraints: ]
[monotone_constraints_method: basic]
[monotone_penalty: 0]
[feature_contri: ]
[forcedsplits_filename: ]
[refit_decay_rate: 0.9]
[cegb_tradeoff: 1]
[cegb_penalty_split: 0]
[cegb_penalty_feature_lazy: ]
[cegb_penalty_feature_coupled: ]
[path_smooth: 0]
[interaction_constraints: ]
[verbosity: -1]
[saved_feature_importance_type: 0]
[use_quantized_grad: 0]
[num_grad_quant_bins: 4]
[quant_train_renew_leaf: 0]
[stochastic_rounding: 1]
[linear_tree: 0]
[max_bin: 255]
[max_bin_by_feature: ]
[min_data_in_bin: 3]
[bin_construct_sample_cnt: 200000]
[data_random_seed: 179]
[is_enable_sparse: 1]
[enable_bundle: 1]
[use_missing: 1]
[zero_as_missing: 0]
[feature_pre_filter: 1]
[pre_partition: 0]
[two_round: 0]
[header: 0]
[label_column: ]
[weight_column: ]
[group_column: ]
[ignore_column: ]
[categorical_feature: 3,4,5,6]
[forcedbins_filename: ]
[precise_float_parser: 0]
[parser_config_file: ]
[objective_seed: 26397]
[num_class: 1]
[is_unbalance: 0]
[scale_pos_weight: 1]
[sigmoid: 1]
[boost_from_average: 1]
[reg_sqrt: 0]
[alpha: 0.5]
[fair_c: 1]
[poisson_max_delta_step: 0.7]
[tweedie_variance_power: 1.5]
[lambdarank_truncation_level: 30]
[lambdarank_norm: 1]
[label_gain: ]
[lambdarank_position_bias_regularization: 0]
[eval_at: ]
[multi_error_top_k: 1]
[auc_mu_weights: ]
[num_machines: 1]
[local_listen_port: 12400]
[time_out: 120]
[machine_list_filename: ]
[machines: ]
[gpu_platform_id: -1]
[gpu_device_id: -1]
[gpu_device_id_list: ]
[gpu_use_dp: 0]
[num_gpu: 1]

end of parameters

pandas_categorical:[[0, 1, 2, 3, 4, 5, 6, 7], [0, 1, 2, 3, 4, 5, 6], [1, 2, 3, 4], [0, 1]]
