tree
version=v4
num_class=1
num_tree_per_iteration=1
label_index=0
max_feature_idx=18
objective=regression
feature_names=dam_asinh local_hour day_of_year zone_code weekday quarter repeated dam_day_min dam_day_max dam_day_mean dam_day_std dam_day_negative_share dam_hours_to_day_peak dam_above_day_min dam_below_day_max dam_prev_hour dam_next_hour dam_ramp_from_prev dam_ramp_to_next
feature_infos=[-0.19398117065429688:5.1358332633972168] [0.125:23.875] [1:366] -1:1:0:5:3:2:7:6:4 -1:6:2:5:4:1:0:3 -1:3:1:2:0 none [-9.7599999999999998:94.909999999999997] [12.82:4250] [-1.9099999999999999:1093.1704166666666] [2.6783649655879409:1619.2755288154824] [0:0.75] [-23:23] [0:4227.1400000000003] [0:4227.1400000000003] [-9.7599999999999998:4250] [-9.7599999999999998:4250] [-3102.77:1508.9300000000001] [-3102.77:1508.1699999999998]
tree_sizes=2157 2188 2171 2146 2154 2161 2151 2159 2157 2153 2146 2147 2147 2159 2143 2160 2188 2171 2174 2140 2136 2150 2141 2173 2144 2175 2151 2152 2133 2145 2146 2152 2141 2191 2181 2169 2135 2144 2178 2173 2130 2176 2106 2119 2134 2154 2138 2150 2155 2146 2136 2177 2145 2137 2136 2159 2156 2157 2134 2103 2178 2137 2148 2196

Tree=0
num_leaves=23
num_cat=4
split_feature=13 2 7 4 18 7 15 1 4 4 14 0 2 13 8 1 1 4 0 2 2 15
split_gain=9.77535e+08 7.65357e+08 9.15737e+08 6.95702e+08 2.76008e+08 2.70069e+08 2.29505e+08 1.06285e+08 9.62478e+07 9.12411e+07 9.83613e+07 4.20905e+07 8.02058e+07 6.09978e+07 9.17619e+07 4.34516e+07 5.20267e+07 1.21001e+08 9.40448e+07 1.612e+08 5.44667e+07 1.30205e+08
threshold=1040.3950000000002 241.50000000000003 16.915000000000003 0 155.46500000000006 18.995000000000001 1049.3950000000002 19.500000000000004 1 2 727.3850000000001 1.663412928581238 211.50000000000003 332.53500000000003 1980.6000000000001 20.500000000000004 19.500000000000004 3 2.3757743835449223 231.50000000000003 223.50000000000003 280.03000000000003
decision_type=2 2 2 1 10 2 10 2 1 1 2 2 2 2 2 2 2 1 2 2 2 10
left_child=11 2 3 4 -2 -3 8 -5 -4 10 -8 -1 13 -13 -15 16 20 18 -18 -20 21 -14
right_child=1 5 6 7 -6 -7 9 -9 -10 -11 -12 12 15 14 -16 -17 17 -19 19 -21 -22 -23
leaf_value=-3.6302740196098187 83.156123832860828 3.2634836422039339 4.9566585870860234 -64.620249803905082 0.11581120702155134 93.020976081781953 -75.377217795174616 -12.629993241777768 -47.293976910313717 -85.719811399556647 -22.230828328432796 -7.2193029887957447 -5.1065071477900439 -21.693578513159782 13.248086234809961 -13.885924628935795 0.60469621582566591 -7.1017878505921441 4.8459658162342354 64.367810076364478 -5.7058590853893989 20.814876940815996
leaf_weight=608848 184 204 100 218 144 100 144 126 244 692 140 7892 1204 1232 172 668 282 688 182 186 5498 580
leaf_count=608848 184 204 100 218 144 100 144 126 244 692 140 7892 1204 1232 172 668 282 688 182 186 5498 580
internal_value=-3.80197 -33.0981 -43.2472 -0.484176 45.4516 33.2288 -64.9896 -44.5604 -33.1459 -76.1302 -47.9468 -3.69467 -5.80418 -8.75873 -17.3948 -2.84666 -1.98904 6.15979 19.8516 35.1362 -3.48863 3.33898
internal_weight=629728 2296 1992 672 328 304 1320 344 344 976 284 627432 18584 9296 1404 9288 8620 1338 650 368 7282 1784
internal_count=629728 2296 1992 672 328 304 1320 344 344 976 284 627432 18584 9296 1404 9288 8620 1338 650 368 7282 1784
cat_boundaries=0 1 2 3 4
cat_threshold=10 72 8 7
is_linear=0
shrinkage=1


Tree=1
num_leaves=23
num_cat=3
split_feature=13 7 4 9 12 2 18 5 15 16 0 2 16 4 2 2 17 2 17 15 13 16
split_gain=8.93191e+08 7.06578e+08 8.1894e+08 4.12794e+08 2.74064e+08 2.49166e+08 1.17038e+08 1.64848e+08 1.03499e+08 6.94809e+07 3.83753e+07 7.3169e+07 5.59638e+07 4.33619e+07 8.15081e+07 5.86976e+08 1.56685e+08 7.02284e+07 6.60962e+07 6.54281e+07 6.11512e+07 5.59574e+07
threshold=1040.3950000000002 22.665000000000003 0 340.17437500000005 -1.0000000180025095e-35 249.50000000000003 155.46500000000006 1 1049.3950000000002 1074.0050000000003 1.663412928581238 211.50000000000003 349.74500000000006 2 249.50000000000003 247.50000000000003 99.695000000000007 225.50000000000003 383.40000000000015 280.03000000000003 518.1450000000001 349.74500000000006
decision_type=2 2 1 2 2 2 10 1 10 10 2 2 10 1 2 2 10 2 10 10 2 10
left_child=10 2 4 -3 -2 -4 9 -8 -5 -6 -1 12 -12 14 15 18 -17 19 -13 -15 -19 -21
right_child=1 3 5 8 6 -7 7 -9 -10 -11 11 13 -14 17 -16 16 -18 20 -20 21 -22 -23
leaf_value=0.16396730169322787 80.963503477932647 20.624392822922253 -60.822054252383076 -33.953705865438884 6.6329710591357678 8.9599349183822738 24.830174427620463 -42.520888157921867 -75.605284655497201 49.676232919199705 -3.2914609838580891 0.017232373130312607 -13.190886397163659 -4.1037913024913646 -4.6399451780665881 41.896806583546876 115.65840532246501 -2.7291806701995913 25.338340825951619 3.1284372247852112 -18.479738876431487 25.238211617747766
leaf_weight=608848 144 120 472 152 136 132 136 136 696 172 7944 2260 1352 752 1352 132 108 2928 228 484 600 444
leaf_count=608848 144 120 472 152 136 132 136 136 696 172 7944 2260 1352 752 1352 132 108 2928 228 484 600 444
internal_value=-8.51985e-05 -28.0038 -6.66734 -57.2012 25.4911 -44.8523 11.9258 -9.55557 -68.2369 30.8355 0.102479 -1.91178 -4.73375 0.913026 4.3795 8.86571 75.7711 -1.80822 2.35614 5.75648 -5.4168 13.7383
internal_weight=629728 2296 1328 968 724 604 580 272 848 308 627432 18584 9296 9288 4080 2728 240 5208 2488 1680 3528 928
internal_count=629728 2296 1328 968 724 604 580 272 848 308 627432 18584 9296 9288 4080 2728 240 5208 2488 1680 3528 928
cat_boundaries=0 1 2 3
cat_threshold=14 12 14
is_linear=0
shrinkage=0.045


Tree=2
num_leaves=23
num_cat=3
split_feature=13 2 7 4 7 18 15 1 4 4 2 1 1 14 0 2 8 13 7 7 8 17
split_gain=8.14874e+08 6.64032e+08 7.80555e+08 5.89957e+08 2.44234e+08 2.30663e+08 1.91722e+08 8.98417e+07 8.8108e+07 7.63556e+07 8.95715e+07 9.30142e+07 5.8792e+07 4.05162e+07 3.55575e+07 8.2124e+07 6.45023e+07 7.05499e+07 4.72981e+07 1.22375e+08 3.08627e+08 1.42383e+08
threshold=1040.3950000000002 241.50000000000003 16.915000000000003 0 18.995000000000001 155.46500000000006 1049.3950000000002 19.500000000000004 1 2 235.50000000000003 18.750000000000004 16.750000000000004 650.61000000000001 1.8633286952972414 211.50000000000003 2449.3750000000005 332.53500000000003 19.395000000000003 21.625000000000004 1093.2300000000002 99.695000000000007
decision_type=2 2 2 1 2 10 10 2 1 1 2 2 2 2 2 2 2 2 2 2 2 10
left_child=14 2 3 5 -3 -2 8 -5 -4 10 -8 13 -11 -12 -1 16 17 -16 -17 20 -20 -22
right_child=1 4 6 7 -6 -7 9 -9 -10 12 11 -13 -14 -15 15 18 -18 -19 19 -21 21 -23
leaf_value=0.14916888007213944 80.05815248181743 6.5366810414050391 9.141527168665613 -55.755862376819955 91.890974405513091 4.1364802482193461 -16.600987092767443 -7.9593866220116611 -40.717413216233254 -54.483274778886269 -100.59503484408062 -32.905252548635822 -91.354951814220797 -58.269547585707436 -4.0218460011160051 -1.4084813506235083 27.661076499788386 -15.655867491518155 2.6477989112616571 -2.2770502474476824 15.971280591487885 82.611528361536813
leaf_weight=613380 184 204 100 218 100 144 124 126 244 130 106 144 370 102 4956 5212 112 1340 724 1428 104 176
leaf_count=613380 184 204 100 218 100 144 124 126 244 130 106 144 370 102 4956 5212 112 1340 724 1428 104 176
internal_value=-7.34503e-05 -26.7479 -36.2017 3.27841 35.0308 45.5728 -56.2752 -37.3177 -27.1671 -66.4581 -48.8119 -61.3798 -80.4216 -80.5919 0.0978916 -2.1401 -5.89659 -6.50214 1.00969 6.18896 18.2108 58.1483
internal_weight=629728 2296 1992 672 304 328 1320 344 344 976 476 352 500 208 627432 14052 6408 6296 7644 2432 1004 280
internal_count=629728 2296 1992 672 304 328 1320 344 344 976 476 352 500 208 627432 14052 6408 6296 7644 2432 1004 280
cat_boundaries=0 1 2 3
cat_threshold=10 72 24
is_linear=0
shrinkage=0.045


Tree=3
num_leaves=23
num_cat=4
split_feature=13 2 7 4 7 18 15 1 4 14 4 16 4 16 0 17 2 2 1 8 1 2
split_gain=7.44151e+08 6.0655e+08 7.12881e+08 5.38578e+08 2.23176e+08 2.10581e+08 1.74693e+08 8.19994e+07 8.08074e+07 7.12471e+07 8.72121e+07 3.46724e+07 1.37815e+08 1.04339e+08 7.03932e+07 4.50867e+07 3.25242e+07 3.37535e+07 2.58454e+07 1.31264e+08 4.14031e+07 2.023e+07
threshold=1040.3950000000002 241.50000000000003 16.915000000000003 0 18.995000000000001 155.46500000000006 1049.3950000000002 19.500000000000004 1 727.3850000000001 2 527.43500000000006 3 1074.0050000000003 3.0229123830795293 48.900000000000013 239.50000000000003 143.50000000000003 18.750000000000004 3358.4600000000005 16.750000000000004 223.50000000000003
decision_type=2 2 2 1 2 10 10 2 1 2 1 10 1 10 2 10 2 2 2 2 2 2
left_child=11 2 3 5 -3 -2 8 -5 -4 18 -11 -1 13 -13 15 21 17 -16 20 -20 -8 -14
right_child=1 4 6 7 -6 -7 9 -9 -10 10 -12 12 14 -15 16 -17 -18 -19 19 -21 -22 -23
leaf_value=0.11510490225344221 76.494274218159333 6.2453858781323843 8.7742333357674731 -53.269657533125439 87.836959506764131 3.9528887301520124 -59.254796510615812 -7.6068108243495223 -38.971017616689203 -14.004256998637789 -66.699261028289783 2.5017603226619607 30.557609423118478 46.165483478352989 -6.1047110983041621 -6.966378063624429 -0.74332426795476603 -28.411493651219036 -88.30464598404734 -30.333479020149476 -92.485033046148331 2.0310748192843269
leaf_weight=624828 184 204 100 218 100 144 140 126 244 140 148 372 100 156 180 944 156 596 169 153 226 100
leaf_count=624828 184 204 100 218 100 144 140 126 244 140 148 372 100 156 180 944 156 596 169 153 226 100
internal_value=-0.000115749 -25.5609 -34.5962 3.13362 33.4834 43.5443 -53.7798 -35.6545 -25.9938 -63.5001 -44.1398 0.0935016 -5.08631 15.2404 -10.2896 -2.85004 -19.506 -23.2662 -71.453 -61.1166 -80.1651 16.4557
internal_weight=629728 2296 1992 672 304 328 1320 344 344 976 288 627432 2604 528 2076 1144 932 776 688 322 366 200
internal_count=629728 2296 1992 672 304 328 1320 344 344 976 288 627432 2604 528 2076 1144 932 776 688 322 366 200
cat_boundaries=0 1 2 3 4
cat_threshold=10 72 8 40
is_linear=0
shrinkage=0.045


Tree=4
num_leaves=23
num_cat=3
split_feature=13 7 4 9 18 2 5 9 15 14 16 4 9 15 0 17 2 2 7 1 1 2
split_gain=6.8047e+08 5.55602e+08 6.49657e+08 3.08573e+08 2.26131e+08 1.94424e+08 1.51444e+08 1.35481e+08 9.14562e+07 8.07148e+07 3.1605e+07 1.25779e+08 9.91855e+07 8.16857e+07 6.42441e+07 4.1176e+07 2.96727e+07 3.07876e+07 2.32557e+07 3.39174e+07 3.06353e+07 1.84843e+07
threshold=1040.3950000000002 22.665000000000003 0 340.17437500000005 155.46500000000006 249.50000000000003 1 541.92354166666678 1049.3950000000002 1770.9850000000004 527.43500000000006 2 426.7600000000001 227.60500000000005 3.0229123830795293 48.900000000000013 239.50000000000003 143.50000000000003 23.835000000000004 18.750000000000004 17.000000000000004 223.50000000000003
decision_type=2 2 1 2 10 2 1 2 10 2 10 1 2 10 2 10 2 2 2 2 2 2
left_child=10 2 4 -3 7 -4 -6 8 -2 18 -1 12 -12 -14 15 21 17 -16 20 -20 -5 -13
right_child=1 3 5 9 6 -7 -8 -9 -10 -11 11 14 13 -15 16 -17 -18 -19 19 -21 -22 -23
leaf_value=0.10992519249655643 58.797010103113507 16.965115108802671 -53.64446872083446 -52.198942656606995 23.982501332663198 7.9961468327223368 -40.564605858777021 75.947467896143593 5.996130136282174 -23.730340178640262 -3.8113137962299288 29.209479480070225 14.017029021095921 66.321238511029406 -5.8330187246301666 -6.6535537135098561 -0.71029857466492474 -27.137252258983342 -65.772923720291686 -35.858878698349002 -83.762632158686628 1.9414686693864709
leaf_weight=624828 100 120 472 104 136 132 136 160 192 112 276 100 152 100 180 944 156 596 278 118 236 100
leaf_count=624828 100 120 472 104 136 132 136 160 192 112 276 100 152 100 180 944 156 596 278 118 236 100
internal_value=-0.000222448 -24.4429 -5.52339 -50.3336 23.1113 -39.539 -8.95676 42.8723 24.3556 -59.8745 0.0892996 -4.85608 14.5627 35.1315 -9.827 -2.71978 -18.6316 -22.2232 -65.2955 -57.0841 -74.4696 15.7297
internal_weight=629728 2296 1328 968 724 604 272 452 292 848 627432 2604 528 252 2076 1144 932 776 736 396 340 200
internal_count=629728 2296 1328 968 724 604 272 452 292 848 627432 2604 528 252 2076 1144 932 776 736 396 340 200
cat_boundaries=0 1 2 3
cat_threshold=14 12 40
is_linear=0
shrinkage=0.045


Tree=5
num_leaves=23
num_cat=4
split_feature=13 2 7 4 7 14 4 18 8 15 7 0 2 8 13 2 4 4 2 2 18 17
split_gain=6.21122e+08 5.23085e+08 6.09957e+08 5.92545e+08 1.98673e+08 1.49379e+08 1.44178e+08 1.38286e+08 5.15778e+07 3.13664e+07 3.12011e+07 3.02067e+07 6.14075e+07 4.74999e+07 6.7699e+07 4.58842e+07 9.29511e+07 7.65228e+07 1.03708e+08 4.58271e+08 1.61573e+08 1.32527e+08
threshold=1040.3950000000002 241.50000000000003 16.915000000000003 0 18.995000000000001 727.3850000000001 1 155.46500000000006 1980.6000000000001 1049.3950000000002 16.225000000000005 1.663412928581238 215.50000000000003 2449.3750000000005 332.53500000000003 223.50000000000003 2 3 261.50000000000006 247.50000000000003 -132.29999999999995 99.695000000000007
decision_type=2 2 2 1 2 2 1 10 2 10 2 2 2 2 2 2 1 1 2 2 10 10
left_child=11 2 3 7 -3 8 -7 10 -4 -8 -2 -1 13 14 -13 16 -14 18 19 20 -17 -21
right_child=1 4 5 -5 -6 6 9 -9 -10 -11 -12 12 15 -15 -16 17 -18 -19 -20 21 -22 -23
leaf_value=0.13984338164152652 43.9217394845382 5.7795187006181878 -35.627888298571946 -45.787369303376707 82.76051921620089 0.42297307079037028 -35.239739303970332 4.1454339072312392 -66.490595453827254 -65.488490148925777 77.460410969382835 -2.8432969448857173 22.355539333361939 22.951154116410475 -13.112992145356339 37.609180541775892 0.013946971795775674 -3.7213764683258601 -4.135702761424259 39.580154306995333 -8.6207101922459159 107.45382053219188
leaf_weight=608848 136 204 140 280 100 204 148 144 680 148 112 8408 568 128 1536 192 1088 4708 992 132 724 108
leaf_count=608848 136 204 140 280 100 204 148 144 680 148 112 8408 568 128 1536 192 1088 4708 992 132 724 108
internal_value=-0.000238352 -23.3527 -31.7435 3.1558 31.4776 -49.4884 -29.9161 38.3587 -61.3209 -49.056 59.5667 0.0852908 -1.70178 -4.07944 -4.43192 1.11193 7.82965 -0.512479 6.50478 15.6833 1.13022 70.7589
internal_weight=629728 2296 1992 672 304 1320 500 392 820 296 248 627432 18584 10072 9944 8512 1656 6856 2148 1156 916 240
internal_count=629728 2296 1992 672 304 1320 500 392 820 296 248 627432 18584 10072 9944 8512 1656 6856 2148 1156 916 240
cat_boundaries=0 1 2 3 4
cat_threshold=14 8 24 6
is_linear=0
shrinkage=0.045


Tree=6
num_leaves=23
num_cat=4
split_feature=13 2 7 4 7 18 15 4 1 4 2 1 1 14 0 2 8 13 1 1 4 2
split_gain=5.66999e+08 4.77728e+08 5.56155e+08 4.17464e+08 1.81542e+08 1.60935e+08 1.3762e+08 6.92877e+07 6.76116e+07 5.77464e+07 6.48377e+07 8.08735e+07 5.15436e+07 2.96704e+07 2.81411e+07 6.7453e+07 5.46998e+07 5.38716e+07 4.60284e+07 5.63348e+07 1.17846e+08 8.62758e+07
threshold=1040.3950000000002 241.50000000000003 16.915000000000003 0 18.995000000000001 155.46500000000006 1049.3950000000002 1 19.500000000000004 2 235.50000000000003 18.750000000000004 17.250000000000004 650.61000000000001 1.8633286952972414 211.50000000000003 2449.3750000000005 332.53500000000003 20.500000000000004 19.500000000000004 3 231.50000000000003
decision_type=2 2 2 1 2 10 10 1 2 1 2 2 2 2 2 2 2 2 2 2 1 2
left_child=14 2 3 5 -3 -2 7 -4 -5 10 -8 13 -11 -12 -1 16 17 -16 19 -17 21 -21
right_child=1 4 6 8 -6 -7 9 -9 -10 12 11 -13 -14 -15 15 18 -18 -19 -20 20 -22 -23
leaf_value=0.1271118506791459 67.385701383775285 5.5219649820883294 9.348394728771277 -47.122141962224781 79.109320719101845 3.9614430496137434 -13.36693157511098 -34.658778710514305 -5.6826148695498704 -48.651653988441723 -86.453327376047767 -25.02432287085546 -80.109295949058293 -50.207568824474627 -3.7041178687054135 0.16253128899435235 25.588416875538073 -13.870589175059081 -11.571901459696337 6.1713653996803108 -3.1426319604389445 41.919330772876741
leaf_weight=613380 184 204 100 218 100 144 124 244 126 176 106 144 324 102 4956 5954 112 1340 550 246 586 308
leaf_count=613380 184 204 100 218 100 144 124 244 126 176 106 144 324 102 4956 5954 112 1340 550 246 586 308
internal_value=-0.000223341 -22.312 -30.3309 2.99387 30.0872 38.565 -47.275 -22.6174 -31.1636 -55.9018 -40.7712 -51.4466 -67.9211 -69.3264 0.0814945 -1.90947 -5.31393 -5.8716 0.94514 1.91858 11.0737 25.6634
internal_weight=629728 2296 1992 672 304 328 1320 344 344 976 476 352 500 208 627432 14052 6408 6296 7644 7094 1140 554
internal_count=629728 2296 1992 672 304 328 1320 344 344 976 476 352 500 208 627432 14052 6408 6296 7644 7094 1140 554
cat_boundaries=0 1 2 3 4
cat_threshold=10 72 24 7
is_linear=0
shrinkage=0.045


Tree=7
num_leaves=23
num_cat=3
split_feature=13 2 7 4 7 14 4 18 8 16 4 9 15 0 17 1 7 15 8 1 1 12
split_gain=5.17785e+08 4.36374e+08 5.07936e+08 5.04027e+08 1.65889e+08 1.2835e+08 1.25346e+08 1.17552e+08 4.36478e+07 2.61082e+07 1.13151e+08 8.87675e+07 7.44175e+07 5.57452e+07 3.5358e+07 2.61574e+07 2.54086e+07 2.49969e+07 2.35865e+07 1.21284e+08 4.96926e+07 2.01196e+07
threshold=1040.3950000000002 241.50000000000003 16.915000000000003 0 18.995000000000001 727.3850000000001 1 155.46500000000006 1980.6000000000001 527.43500000000006 2 426.7600000000001 227.60500000000005 3.0229123830795293 48.900000000000013 18.250000000000004 16.225000000000005 1049.3950000000002 3358.4600000000005 18.750000000000004 17.250000000000004 1.0000000180025095e-35
decision_type=2 2 2 1 2 2 1 10 2 10 1 2 10 2 10 2 2 10 2 2 2 2
left_child=9 2 3 7 -3 8 -7 16 -4 -1 11 -11 -13 14 -12 -15 -2 -8 20 -20 -10 -17
right_child=1 4 5 -5 -6 6 17 -9 18 10 13 12 -14 15 -16 21 -18 -19 19 -21 -22 -23
leaf_value=0.096577297867371431 40.726606810196586 5.2758887744644314 -32.517725415834235 -42.276386111701186 75.619201745425954 1.1614297259847324 -32.558714306831355 3.7856204885979219 -46.45417763183643 -3.3814713051379153 14.583958310478984 13.30868685390268 63.230182584874768 -21.465888976652309 -6.1577294541709522 -18.177083645287684 71.056690774214886 -59.612997399902348 -84.165805904681861 -22.872086975466818 -80.104128896407502 9.1206817827386377
leaf_weight=624828 136 204 140 280 100 204 148 144 152 276 200 152 100 716 944 100 112 148 115 153 260 116
leaf_count=624828 136 204 140 280 100 204 148 144 152 276 200 152 100 716 944 100 112 148 115 153 260 116
internal_value=-0.000259958 -21.3218 -28.9857 2.86162 28.7581 -45.1787 -27.0416 35.3303 -56.1452 0.0778309 -4.41697 13.9981 33.4607 -9.13294 -2.51244 -17.3344 54.8829 -44.8888 -60.9 -49.6021 -67.974 -3.56799
internal_weight=629728 2296 1992 672 304 1320 500 392 820 627432 2604 528 252 2076 1144 932 248 296 680 268 412 216
internal_count=629728 2296 1992 672 304 1320 500 392 820 627432 2604 528 252 2076 1144 932 248 296 680 268 412 216
cat_boundaries=0 1 2 3
cat_threshold=14 8 40
is_linear=0
shrinkage=0.045


Tree=8
num_leaves=23
num_cat=4
split_feature=13 7 4 9 18 5 2 9 15 14 0 2 8 13 1 1 4 2 2 2 15 4
split_gain=4.72973e+08 4.03736e+08 4.66797e+08 2.06601e+08 1.78867e+08 1.39107e+08 1.37649e+08 9.01458e+07 7.22152e+07 6.32402e+07 2.4724e+07 6.07284e+07 5.00312e+07 4.693e+07 4.21221e+07 5.13056e+07 1.07386e+08 8.24951e+07 1.99118e+08 6.09498e+07 8.59204e+07 6.55814e+07
threshold=1040.3950000000002 22.665000000000003 0 340.17437500000005 155.46500000000006 1 249.50000000000003 541.92354166666678 1049.3950000000002 1770.9850000000004 1.8633286952972414 211.50000000000003 2449.3750000000005 332.53500000000003 20.500000000000004 19.500000000000004 2 261.50000000000006 231.50000000000003 223.50000000000003 280.03000000000003 3
decision_type=2 2 1 2 10 1 2 2 10 2 2 2 2 2 2 2 1 2 2 2 10 1
left_child=10 2 4 -3 7 -6 -4 8 -2 -5 -1 12 13 -12 15 19 17 18 -17 20 -13 -21
right_child=1 3 6 9 5 -7 -8 -9 -10 -11 11 14 -14 -15 -16 16 -18 -19 -20 21 -22 -23
leaf_value=0.11709402846202463 53.056958689970124 12.635057560185915 -44.956437738998027 -55.049344633119858 23.05073183781392 -38.808629019711468 6.9068419527651654 64.576878907945414 6.1266552859237509 -18.335547107897305 -3.532432581048313 -0.6726050285620806 24.531872150019591 -13.021412001676778 -11.057382876549077 5.891583060038637 -2.9863083276314577 -10.998480806350708 65.915005167988895 -11.229081950498664 21.562007493352151 0.92544727959044493
leaf_weight=613380 100 120 472 736 136 136 132 160 192 112 4956 890 112 1340 550 246 586 104 204 1230 580 3254
leaf_count=613380 100 120 472 736 136 136 132 160 192 112 4956 890 112 1340 550 246 586 104 204 1230 580 3254
internal_value=-0.000299335 -20.3783 -4.25125 -42.4487 20.0131 -8.51156 -33.0906 37.5811 22.4503 -50.2549 0.0743359 -1.79184 -5.02214 -5.5555 0.91674 1.84795 10.5849 24.512 33.2735 0.172115 8.11761 -2.43513
internal_weight=629728 2296 1328 968 724 272 604 452 292 848 627432 14052 6408 6296 7644 7094 1140 554 450 5954 1470 4484
internal_count=629728 2296 1328 968 724 272 604 452 292 848 627432 14052 6408 6296 7644 7094 1140 554 450 5954 1470 4484
cat_boundaries=0 1 2 3 4
cat_threshold=14 12 7 17
is_linear=0
shrinkage=0.045


Tree=9
num_leaves=23
num_cat=4
split_feature=13 2 7 4 7 18 14 4 1 8 8 1 14 0 2 2 4 16 4 2 2 18
split_gain=4.31484e+08 3.76349e+08 4.33393e+08 3.23851e+08 1.47791e+08 1.22584e+08 1.12799e+08 1.08966e+08 5.58125e+07 3.46297e+07 2.2779e+07 1.10603e+08 4.75632e+07 2.26742e+07 4.80156e+07 3.96307e+07 8.14096e+07 6.80257e+07 6.47778e+07 9.2043e+07 4.16948e+08 1.36166e+08
threshold=1040.3950000000002 241.50000000000003 16.915000000000003 0 18.995000000000001 155.46500000000006 727.3850000000001 1 19.500000000000004 1980.6000000000001 3358.4600000000005 18.750000000000004 154.90500000000003 1.663412928581238 215.50000000000003 223.50000000000003 2 349.74500000000006 3 261.50000000000006 247.50000000000003 -132.29999999999995
decision_type=2 2 2 1 2 10 2 1 2 2 2 2 2 2 2 2 1 10 1 2 2 10
left_child=13 2 3 5 -3 -2 9 -8 -5 -4 12 -12 -11 -1 -15 16 17 -16 19 20 21 -17
right_child=1 4 6 8 -6 -7 7 -9 -10 10 11 -13 -14 14 15 18 -18 -19 -20 -21 -22 -23
leaf_value=0.11825452825863042 59.328916980374238 4.8798772956098162 -30.717003678872548 -41.723548511851916 71.273990572761093 3.9672966643555521 1.6871429784673577 -41.184331569230402 -4.0934356445074078 -74.546047685666181 -78.050743996546814 -19.572462425247316 -41.584556070327757 -3.5797839724313811 0.38735635363361204 34.211958658867275 -0.059006317820874128 32.81997452247338 -3.4512281172710604 -4.0672318458257308 67.13753992249157 -8.2277920284362356
leaf_weight=608848 184 204 140 218 100 144 204 296 126 264 115 153 148 10072 204 192 1088 364 4708 992 240 724
leaf_count=608848 184 204 140 218 100 144 204 296 126 264 115 153 148 10072 204 192 1088 364 4708 992 240 724
internal_value=-0.000295959 -19.464 -26.5815 2.8357 27.0431 34.16 -41.5392 -24.5425 -27.256 -51.818 -56.0595 -45.058 -62.9636 0.0709906 -1.47731 1.01074 7.25392 20.8481 -0.498921 5.9575 14.6037 0.723032
internal_weight=629728 2296 1992 672 304 328 1320 500 344 820 680 268 412 627432 18584 8512 1656 568 6856 2148 1156 916
internal_count=629728 2296 1992 672 304 328 1320 500 344 820 680 268 412 627432 18584 8512 1656 568 6856 2148 1156 916
cat_boundaries=0 1 2 3 4
cat_threshold=10 8 24 6
is_linear=0
shrinkage=0.045


Tree=10
num_leaves=23
num_cat=4
split_feature=13 7 4 9 18 5 2 9 15 14 16 4 9 15 0 17 1 1 8 14 5 12
split_gain=3.94165e+08 3.44303e+08 3.96832e+08 1.7027e+08 1.57588e+08 1.2777e+08 1.15815e+08 7.16334e+07 6.35701e+07 5.53042e+07 2.23547e+07 1.00756e+08 7.87329e+07 6.69373e+07 4.77919e+07 2.76616e+07 2.3179e+07 1.96788e+07 5.6776e+07 6.14377e+07 2.792e+07 1.75744e+07
threshold=1040.3950000000002 22.665000000000003 0 340.17437500000005 155.46500000000006 1 249.50000000000003 541.92354166666678 1049.3950000000002 1770.9850000000004 527.43500000000006 2 426.7600000000001 227.60500000000005 3.0229123830795293 48.900000000000013 18.250000000000004 16.500000000000004 3358.4600000000005 154.90500000000003 3 1.0000000180025095e-35
decision_type=2 2 1 2 10 1 2 2 10 2 10 1 2 10 2 10 2 2 2 2 1 2
left_child=10 2 4 -3 7 -6 -4 8 -2 17 -1 12 -12 -14 15 -13 -16 20 -19 -20 -5 -18
right_child=1 3 6 9 5 -7 -8 -9 -10 -11 11 14 13 -15 16 -17 21 18 19 -21 -22 -23
leaf_value=0.08515659960684327 50.358144634471223 11.027751515888777 -41.187443001662622 -16.399794611814546 22.127399792800077 -37.156212798453666 6.3843562684130317 59.221668294270827 6.3181198320069258 -16.245675851922286 -3.0819765483475416 12.710043368281999 12.505541270460402 59.849068922155041 -20.025417095186985 -5.6361535366635618 -16.834185409826389 -73.417993036905912 -13.25150265413172 -56.706424548741019 -53.874360574861853 8.6778217962232684
leaf_weight=624828 100 120 472 111 136 136 132 160 192 112 276 200 152 100 716 944 100 214 100 200 111 116
leaf_count=624828 100 120 472 111 136 136 132 160 192 112 276 200 152 100 716 944 100 214 100 200 111 116
internal_value=-0.000324093 -18.6033 -3.71087 -38.9845 18.6575 -8.11775 -30.3041 35.1457 21.6403 -46.071 0.0678101 -4.09135 13.2846 31.616 -8.54201 -2.41219 -16.1364 -50.5533 -55.5516 -42.4051 -38.588 -3.17938
internal_weight=629728 2296 1328 968 724 272 604 452 292 848 627432 2604 528 252 2076 1144 932 736 514 300 222 216
internal_count=629728 2296 1328 968 724 272 604 452 292 848 627432 2604 528 252 2076 1144 932 736 514 300 222 216
cat_boundaries=0 1 2 3 4
cat_threshold=14 12 40 6
is_linear=0
shrinkage=0.045


Tree=11
num_leaves=23
num_cat=5
split_feature=13 2 7 4 7 14 4 17 5 8 0 2 8 13 1 1 4 2 2 2 15 4
split_gain=3.60404e+08 3.25129e+08 3.71125e+08 3.60807e+08 1.3175e+08 9.99326e+07 9.47214e+07 8.18429e+07 1.16563e+08 2.72329e+07 2.05937e+07 5.05687e+07 4.57489e+07 4.0896e+07 3.92745e+07 4.62276e+07 9.50933e+07 7.33348e+07 1.76858e+08 5.10894e+07 7.43639e+07 5.58921e+07
threshold=1040.3950000000002 241.50000000000003 16.915000000000003 0 18.995000000000001 727.3850000000001 1 151.86500000000001 2 1980.6000000000001 1.8633286952972414 211.50000000000003 2449.3750000000005 332.53500000000003 20.500000000000004 19.500000000000004 3 261.50000000000006 231.50000000000003 223.50000000000003 280.03000000000003 4
decision_type=2 2 2 1 2 2 1 10 1 2 2 2 2 2 2 2 1 2 2 2 10 1
left_child=10 2 3 7 -3 9 -7 -2 -9 -4 -1 12 13 -12 15 19 17 18 -17 20 -13 -21
right_child=1 4 5 -5 -6 6 -8 8 -10 -11 11 14 -14 -15 -16 16 -18 -19 -20 21 -22 -23
leaf_value=0.10378909998040284 56.141107374746582 4.5119029619103497 -29.144360126727065 -35.38689824953471 67.198218168370857 2.1398132625222206 -37.772481222710049 43.314223354779756 -17.457485086881196 -51.687601761508546 -3.2077372917138294 -0.76128026500260748 23.674073813588997 -12.065619769500548 -10.729039578612731 5.5860106381701842 -2.7472452006561299 -10.349627701291498 62.15524287853426 -10.363721882156703 19.923776682707452 0.8570446081221702
leaf_weight=613380 156 204 140 280 100 204 296 118 118 680 4956 890 112 1340 550 246 586 104 204 1230 580 3254
leaf_count=613380 156 204 140 280 100 204 296 118 118 680 4956 890 112 1340 550 246 586 104 204 1230 580 3254
internal_value=-0.000385412 -17.7889 -24.4044 2.81706 25.4368 -38.246 -22.2544 30.2764 14.1234 -47.919 0.0647655 -1.63841 -4.58614 -5.09622 0.833234 1.73243 10.0257 23.1312 31.3923 0.141696 7.41615 -2.24535
internal_weight=629728 2296 1992 672 304 1320 500 392 236 820 627432 14052 6408 6296 7644 7094 1140 554 450 5954 1470 4484
internal_count=629728 2296 1992 672 304 1320 500 392 236 820 627432 14052 6408 6296 7644 7094 1140 554 450 5954 1470 4484
cat_boundaries=0 1 2 3 4 5
cat_threshold=14 8 12 7 17
is_linear=0
shrinkage=0.045


Tree=12
num_leaves=23
num_cat=4
split_feature=13 2 7 4 7 15 18 4 4 1 2 14 16 4 9 15 0 15 2 2 7 14
split_gain=3.29036e+08 2.96955e+08 3.38819e+08 3.30247e+08 1.20389e+08 9.12512e+07 7.63071e+07 5.30267e+07 3.8673e+07 4.2233e+07 3.78054e+07 6.80944e+07 1.92591e+07 9.04134e+07 7.12178e+07 6.04941e+07 4.15465e+07 2.38987e+07 2.20804e+07 3.1229e+07 1.86104e+07 1.1528e+07
threshold=1040.3950000000002 241.50000000000003 16.915000000000003 0 18.995000000000001 1049.3950000000002 155.46500000000006 1 2 17.250000000000004 235.50000000000003 160.68000000000004 527.43500000000006 3 426.7600000000001 227.60500000000005 3.0229123830795293 357.34000000000009 237.50000000000003 143.50000000000003 16.225000000000005 650.61000000000001
decision_type=2 2 2 1 2 10 10 1 1 2 2 2 10 1 2 10 2 10 2 2 2 2
left_child=12 2 3 6 -3 7 20 -4 10 -10 -7 -12 -1 14 -14 -16 17 -15 19 -18 -2 -13
right_child=1 4 5 -5 -6 8 -8 -9 9 -11 11 21 13 16 15 -17 18 -19 -20 -21 -22 -23
leaf_value=0.077951967538536865 32.68681391342826 4.3108387371984493 10.993166024514608 -33.859930501963994 64.233589998133041 -10.501649596350532 3.5509238418161049 -27.090164338946341 -35.886189264126038 -64.061727520527285 -8.7995574879196461 -61.013042545579879 -2.9053920494470238 -5.187833053905182 11.927166712120561 56.935327929328473 -1.8604933598277333 12.284802529335023 -0.10271392615444688 -23.295218455298468 58.517946516338142 -39.366548197044516
leaf_weight=624828 136 204 100 280 100 124 144 244 176 324 104 144 276 956 152 100 180 188 164 588 112 104
leaf_count=624828 136 204 100 280 100 124 144 244 176 324 104 144 276 956 152 100 180 188 164 588 112 104
internal_value=-0.000399959 -16.9971 -23.3196 2.69015 24.3133 -36.545 28.961 -16.4851 -43.5671 -53.2654 -31.4277 -39.5862 0.0618512 -3.79861 12.6602 30.0952 -8.01517 -2.30003 -15.0962 -18.2893 44.7273 -52.323
internal_weight=629728 2296 1992 672 304 1320 392 344 976 500 476 352 627432 2604 528 252 2076 1144 932 768 248 248
internal_count=629728 2296 1992 672 304 1320 392 344 976 500 476 352 627432 2604 528 252 2076 1144 932 768 248 248
cat_boundaries=0 1 2 3 4
cat_threshold=14 72 24 40
is_linear=0
shrinkage=0.045


Tree=13
num_leaves=23
num_cat=3
split_feature=13 2 7 4 7 18 14 4 1 8 8 1 1 0 2 8 1 1 4 2 2 2
split_gain=3.00603e+08 2.71299e+08 3.09127e+08 2.31733e+08 1.10008e+08 8.85032e+07 8.57943e+07 8.2492e+07 4.25761e+07 2.28992e+07 1.90082e+07 9.86835e+07 4.17527e+07 1.8097e+07 4.55478e+07 4.18394e+07 3.59343e+07 4.21673e+07 8.66072e+07 6.69581e+07 1.6145e+08 4.61671e+07
threshold=1040.3950000000002 241.50000000000003 16.915000000000003 0 18.995000000000001 155.46500000000006 727.3850000000001 1 19.500000000000004 1980.6000000000001 3358.4600000000005 18.750000000000004 16.750000000000004 1.8633286952972414 211.50000000000003 2449.3750000000005 20.500000000000004 19.500000000000004 2 261.50000000000006 231.50000000000003 223.50000000000003
decision_type=2 2 2 1 2 10 2 1 2 2 2 2 2 2 2 2 2 2 1 2 2 2
left_child=13 2 3 5 -3 -2 9 -8 -5 -4 12 -12 -11 -1 15 -15 17 21 19 20 -19 -16
right_child=1 4 6 8 -6 -7 7 -9 -10 10 11 -13 -14 14 16 -17 -18 18 -20 -21 -22 -23
leaf_value=0.095656471308546015 50.434145928659746 4.1187341694692963 -26.669340166709794 -35.514763581015842 61.399755383659802 3.393321686836138 2.5934587682224808 -34.593172042682859 -2.6649580979347229 -30.475917990012245 -68.5258797102708 -13.400053882229713 -62.832233481893731 -4.8229109279804518 7.0641840049059565 22.69049984580592 -10.251477151710702 5.3331875977028282 -2.6013957054935468 -9.8961236662684744 59.381938840509612 -2.1201102467214028
leaf_weight=613380 184 204 140 218 100 144 204 296 126 120 115 153 292 6296 1470 112 550 246 586 104 204 4484
leaf_count=613380 184 204 140 218 100 144 204 296 126 120 115 153 292 6296 1470 112 550 246 586 104 204 4484
internal_value=-0.000426003 -16.2462 -22.2894 2.55462 23.2393 29.0476 -34.922 -20.1086 -22.9055 -43.8836 -47.3391 -37.3872 -53.6008 0.0590748 -1.53753 -4.3351 0.808205 1.66831 9.58904 22.096 29.9896 0.149037
internal_weight=629728 2296 1992 672 304 328 1320 500 344 820 680 268 412 627432 14052 6408 7644 7094 1140 554 450 5954
internal_count=629728 2296 1992 672 304 328 1320 500 344 820 680 268 412 627432 14052 6408 7644 7094 1140 554 450 5954
cat_boundaries=0 1 2 3
cat_threshold=10 8 7
is_linear=0
shrinkage=0.045


Tree=14
num_leaves=23
num_cat=4
split_feature=13 7 4 16 9 9 14 2 5 18 14 16 4 9 14 1 15 13 1 8 1 5
split_gain=2.7459e+08 2.54151e+08 2.84271e+08 1.31442e+08 1.19699e+08 1.12427e+08 9.63705e+07 1.43427e+08 7.33843e+07 5.29554e+07 4.43024e+07 1.70935e+07 8.26647e+07 6.45918e+07 5.6447e+07 3.74399e+07 4.52361e+07 3.3398e+07 1.56499e+07 4.50108e+07 5.29454e+07 2.89999e+07
threshold=1040.3950000000002 22.665000000000003 0 527.43500000000006 426.7600000000001 340.17437500000005 296.40500000000003 249.50000000000003 1 105.53000000000002 1770.9850000000004 527.43500000000006 2 426.7600000000001 2551.2850000000003 18.500000000000004 357.34000000000009 518.1450000000001 16.500000000000004 3358.4600000000005 18.750000000000004 3
decision_type=2 2 1 10 2 2 2 2 1 10 2 10 1 2 2 2 10 2 2 2 2 1
left_child=11 2 3 -2 -5 -3 -4 -8 -6 -10 18 -1 13 -13 -15 17 -17 -14 21 -20 -21 -7
right_child=1 5 6 4 8 10 7 -9 9 -11 -12 12 15 14 -16 16 -18 -19 19 20 -22 -23
leaf_value=0.071592397454536438 57.421018633328949 7.6193252572856967 -46.515702462307246 -25.086423236433284 37.442647729759152 -11.343593277349704 -28.442040520591735 34.89865779876709 22.43958670754866 -21.716111967606977 -12.162865267301859 -2.6661992242782238 -5.190647211236934 52.289719381834331 9.4691044533042845 -5.8983672838408001 25.47808930106785 -18.127930997176605 -63.123164132436116 -54.211518209120804 -16.213372434906614 -47.296326688440828
leaf_weight=624828 128 120 256 164 216 111 248 100 108 108 112 276 954 112 140 284 136 702 214 151 149 111
leaf_count=624828 128 120 256 164 216 111 248 100 108 108 112 276 954 112 140 284 136 702 214 151 149 111
internal_value=-0.000444117 -15.5274 -2.73309 16.1914 7.44508 -33.038 -25.2466 -10.1453 19.8537 0.349045 -38.7958 0.0564238 -3.58052 12.1564 28.7624 -7.61268 4.33423 -10.6902 -42.8047 -47.2426 -35.5715 -32.1996
internal_weight=629728 2296 1328 724 596 968 604 348 432 216 848 627432 2604 528 252 2076 420 1656 736 514 300 222
internal_count=629728 2296 1328 724 596 968 604 348 432 216 848 627432 2604 528 252 2076 420 1656 736 514 300 222
cat_boundaries=0 1 2 3 4
cat_threshold=14 12 40 6
is_linear=0
shrinkage=0.045


Tree=15
num_leaves=23
num_cat=3
split_feature=15 7 2 4 1 1 14 18 17 16 4 2 9 0 2 15 7 17 2 7 4 1
split_gain=2.53147e+08 2.61688e+08 3.34303e+08 2.86355e+08 1.28321e+08 1.98745e+08 5.50302e+07 2.9113e+07 2.54711e+07 2.30754e+07 8.19712e+07 9.24656e+07 5.96387e+07 5.51773e+07 5.09017e+07 3.91437e+07 3.24744e+07 2.18593e+07 1.40534e+08 2.51365e+07 2.06421e+07 8.3033e+07
threshold=1049.3950000000002 16.915000000000003 241.50000000000003 0 20.500000000000004 18.750000000000004 727.3850000000001 155.46500000000006 151.86500000000001 527.43500000000006 1 247.50000000000003 426.7600000000001 3.0229123830795293 235.50000000000003 357.34000000000009 14.775 383.40000000000015 231.50000000000003 15.595000000000001 2 17.500000000000004
decision_type=10 2 2 1 2 2 2 10 10 10 1 2 2 2 2 10 2 10 2 2 1 2
left_child=9 3 6 4 5 -2 20 -8 -5 17 12 13 -11 -12 -14 -13 -15 -1 19 -19 21 -3
right_child=1 2 -4 8 -6 -7 7 -9 -10 10 11 15 14 16 -16 -17 -18 18 -20 -21 -22 -23
leaf_value=0.067232815416238947 16.928952233320224 -55.50203454073737 29.133877913735127 -11.616885071265989 -8.3362542544802025 92.760868757294446 -14.085015063127116 -35.24020663648038 -34.964524726143367 -4.5638052736943768 -2.6466803896771141 -0.061780955476580919 39.208151231571868 1.0122594040431332 5.9205245426143573 37.804139983613609 -19.875125539792474 -23.70656520815038 44.288558380820533 5.1022781693307975 -46.233516621263064 -0.27396406642726212
leaf_weight=623864 165 100 196 244 106 121 336 220 156 308 1016 104 180 176 192 116 1040 132 152 112 572 120
leaf_count=623864 165 100 196 244 106 121 336 220 156 308 1016 104 180 176 192 116 1040 132 152 112 572 120
internal_value=-0.000455129 -14.7803 -25.5566 6.23962 33.0109 49.4331 -33.54 -22.5521 -20.345 0.0546223 -3.79706 -7.61756 9.92729 -10.3957 22.151 20.0646 -16.8553 0.0739588 10.6166 -10.5489 -41.1776 -24.5458
internal_weight=629728 2336 1544 792 392 286 1348 556 400 627392 3132 2452 680 2232 372 220 1216 624260 396 244 792 220
internal_count=629728 2336 1544 792 392 286 1348 556 400 627392 3132 2452 680 2232 372 220 1216 624260 396 244 792 220
cat_boundaries=0 1 2 3
cat_threshold=14 40 17
is_linear=0
shrinkage=0.045


Tree=16
num_leaves=23
num_cat=1
split_feature=15 2 2 2 7 7 2 14 18 16 16 4 2 9 0 2 15 7 17 2 7 17
split_gain=2.31252e+08 2.45295e+08 2.10937e+08 1.97407e+08 1.25035e+08 9.31694e+07 7.20265e+07 5.07956e+07 2.42445e+07 2.3954e+07 2.10269e+07 7.48018e+07 8.44248e+07 5.4444e+07 5.03317e+07 4.64723e+07 3.57571e+07 2.96241e+07 1.99592e+07 1.28331e+08 2.29584e+07 1.96229e+07
threshold=1049.3950000000002 171.50000000000003 169.50000000000003 241.50000000000003 18.995000000000001 16.915000000000003 227.50000000000003 727.3850000000001 155.46500000000006 275.89500000000004 527.43500000000006 0 247.50000000000003 426.7600000000001 3.0229123830795293 235.50000000000003 357.34000000000009 14.775 383.40000000000015 231.50000000000003 15.595000000000001 48.900000000000013
decision_type=10 2 2 2 2 2 2 2 10 10 10 1 2 2 2 2 10 2 10 2 2 10
left_child=10 2 9 5 -5 6 -3 -7 -9 -2 18 13 14 -12 21 -15 -14 -16 -1 20 -20 -13
right_child=1 3 -4 4 -6 7 -8 8 -10 -11 11 12 16 15 17 -17 -18 -19 19 -21 -22 -23
leaf_value=0.064207354591760135 4.0237787529400419 -24.082287719075271 57.746732779608834 -8.0912333219391961 51.896094960221703 -41.082975768431638 13.766525685643328 -13.882475591045342 -33.668683378728659 -25.055302724118501 -4.3597589230489344 11.435952641297789 -0.059053295873246099 37.463172901750916 0.96721922756580825 5.6568475566512531 36.131788732803471 -18.98246152920137 -22.655692006011506 42.321455986716529 4.8767044047305461 -5.3146192170658972
leaf_weight=623864 124 244 160 208 104 700 172 300 220 104 308 168 104 180 176 192 116 1040 132 152 112 848
leaf_count=623864 124 244 160 208 104 700 172 300 220 104 308 168 104 180 176 192 116 1040 132 152 112 848
internal_value=-0.000465518 -14.1267 18.4772 -20.6329 12.1077 -26.884 -8.44227 -33.1483 -22.3505 -9.3429 0.0521761 -3.62456 -7.27418 9.48584 -9.92877 21.165 19.177 -16.0982 0.0706344 10.1447 -10.081 -2.52781
internal_weight=629728 2336 388 1948 312 1636 416 1220 520 228 627392 3132 2452 680 2232 372 220 1216 624260 396 244 1016
internal_count=629728 2336 388 1948 312 1636 416 1220 520 228 627392 3132 2452 680 2232 372 220 1216 624260 396 244 1016
cat_boundaries=0 1
cat_threshold=40
is_linear=0
shrinkage=0.045


Tree=17
num_leaves=23
num_cat=2
split_feature=15 2 2 2 7 7 2 14 18 16 16 4 2 9 13 2 15 7 5 17 2 7
split_gain=2.1093e+08 2.23847e+08 1.92622e+08 1.80214e+08 1.14225e+08 8.50038e+07 6.57479e+07 4.63109e+07 2.21339e+07 2.18846e+07 1.91574e+07 6.82567e+07 7.70813e+07 4.97017e+07 4.6178e+07 4.24283e+07 3.26635e+07 2.82392e+07 1.85723e+07 1.82243e+07 1.17187e+08 2.0969e+07
threshold=1049.3950000000002 171.50000000000003 169.50000000000003 241.50000000000003 18.995000000000001 16.915000000000003 227.50000000000003 727.3850000000001 155.46500000000006 275.89500000000004 527.43500000000006 0 247.50000000000003 426.7600000000001 518.1450000000001 235.50000000000003 357.34000000000009 14.775 1 383.40000000000015 231.50000000000003 15.595000000000001
decision_type=10 2 2 2 2 2 2 2 10 10 10 1 2 2 2 2 10 2 1 10 2 2
left_child=10 2 9 5 18 6 -3 -7 -9 -2 19 13 14 -12 -13 -15 -14 -16 -5 -1 21 -21
right_child=1 3 -4 4 -6 7 -8 8 -10 -11 11 12 16 15 17 -17 -18 -19 -20 20 -22 -23
leaf_value=0.061318025789365058 3.8455819337708608 -23.007395475782996 55.180210740831164 5.9344890804537416 49.604832050665372 -39.239509128672431 13.154152964312454 -13.261901183878351 -32.167242075277343 -23.949087598841146 -4.1648355171815039 -2.7167519831056572 -0.056445953081238946 35.795856022454878 0.92418360463688876 5.4049137178770046 34.533416365642672 -18.627662181399085 -19.929533061585872 -21.651402720835669 40.441723075965783 4.6611028952347597
leaf_weight=623864 124 244 160 104 104 700 172 300 220 104 308 1068 104 180 176 192 116 988 104 132 152 112
leaf_count=623864 124 244 160 104 104 700 172 300 220 104 308 1068 104 180 176 192 116 988 104 132 152 112
internal_value=-0.0004347 -13.4917 17.6542 -19.707 11.5754 -25.6797 -8.06459 -31.6631 -21.3529 -8.9307 0.0498408 -3.45965 -6.94596 9.06402 -9.48246 20.223 18.3286 -15.6749 -7.7306 0.0674594 9.69373 -9.63383
internal_weight=629728 2336 388 1948 312 1636 416 1220 520 228 627392 3132 2452 680 2232 372 220 1164 208 624260 396 244
internal_count=629728 2336 388 1948 312 1636 416 1220 520 228 627392 3132 2452 680 2232 372 220 1164 208 624260 396 244
cat_boundaries=0 1 2
cat_threshold=40 12
is_linear=0
shrinkage=0.045


Tree=18
num_leaves=23
num_cat=2
split_feature=15 2 2 2 7 4 7 17 14 1 2 1 16 4 2 9 13 2 15 7 17 17
split_gain=1.92481e+08 2.04315e+08 1.75897e+08 1.64316e+08 1.04474e+08 7.75951e+07 6.43487e+07 5.40176e+07 4.01219e+07 3.75562e+07 2.00513e+07 1.85135e+07 1.74569e+07 6.2287e+07 7.03785e+07 4.53725e+07 4.21232e+07 3.87362e+07 2.98375e+07 2.57609e+07 1.76209e+07 1.66402e+07
threshold=1049.3950000000002 171.50000000000003 169.50000000000003 241.50000000000003 18.995000000000001 0 18.705000000000002 -27.764999999999993 727.3850000000001 19.000000000000004 50.500000000000007 19.250000000000004 527.43500000000006 1 247.50000000000003 426.7600000000001 518.1450000000001 235.50000000000003 357.34000000000009 14.775 48.900000000000013 383.40000000000015
decision_type=10 2 2 2 2 1 2 10 2 2 2 2 10 1 2 2 2 2 10 2 10 10
left_child=12 2 10 5 11 6 9 -7 -8 -3 -2 -5 21 15 16 -14 20 -17 -16 -18 -15 -1
right_child=1 3 -4 4 -6 7 8 -9 -10 -11 -12 -13 13 14 18 17 19 -19 -20 -21 -22 -23
leaf_value=0.058558726182028363 -21.047336564142196 -7.766438793784693 52.727757748497851 6.0949087518964493 47.414732508389449 -18.300251234177697 -43.532956103760263 -40.150087147220113 -11.685557943372563 26.091664961015475 5.493987116380171 -20.541062413864882 -3.9786269571338928 10.519265121910077 -0.053954035561039761 34.202743625404253 0.88306288558445611 5.1641997309075185 33.005751431756096 -17.791110723983156 -5.1299661862143919 9.2628119418609085
leaf_weight=623864 120 188 160 103 104 360 136 656 196 100 108 105 308 172 104 180 176 192 116 988 896 396
leaf_count=623864 120 188 160 103 104 360 136 656 196 100 108 105 308 172 104 180 176 192 116 988 896 396
internal_value=-0.00041788 -12.8882 16.8678 -18.8261 11.0447 -24.5293 -11.2904 -32.1434 -24.914 4.08871 -8.53668 -7.41871 0.0476086 -3.3025 -6.63288 8.66095 -9.05657 19.3229 17.5178 -14.9709 -2.59473 0.0644271
internal_weight=629728 2336 388 1948 312 1636 620 1016 332 288 228 208 627392 3132 2452 680 2232 372 220 1164 1068 624260
internal_count=629728 2336 388 1948 312 1636 620 1016 332 288 228 208 627392 3132 2452 680 2232 372 220 1164 1068 624260
cat_boundaries=0 1 2
cat_threshold=9 40
is_linear=0
shrinkage=0.045


Tree=19
num_leaves=23
num_cat=4
split_feature=15 2 2 2 7 7 2 14 4 1 4 16 1 5 16 4 2 9 0 2 15 7
split_gain=1.75576e+08 1.86466e+08 1.60617e+08 1.4999e+08 9.54517e+07 7.15643e+07 5.52983e+07 3.8576e+07 2.07074e+07 1.96013e+07 1.90746e+07 1.88511e+07 1.79597e+07 1.73717e+07 1.5905e+07 5.68372e+07 6.42569e+07 4.14204e+07 3.84923e+07 3.53654e+07 2.7256e+07 2.25482e+07
threshold=1049.3950000000002 171.50000000000003 169.50000000000003 241.50000000000003 18.995000000000001 16.915000000000003 227.50000000000003 727.3850000000001 0 20.000000000000004 1 275.89500000000004 18.000000000000004 2 527.43500000000006 3 247.50000000000003 426.7600000000001 3.0229123830795293 235.50000000000003 357.34000000000009 14.775
decision_type=10 2 2 2 2 2 2 2 1 2 1 10 2 1 10 1 2 2 2 2 10 2
left_child=14 2 11 5 13 6 -3 10 -9 -10 -7 -2 -12 -5 -1 17 18 -16 -17 -19 -18 -20
right_child=1 3 -4 4 -6 7 -8 8 9 -11 12 -13 -14 -15 15 16 20 19 21 -21 -22 -23
leaf_value=0.06152923853010521 3.6973857120105196 -20.97322372956701 50.384301758077406 6.0691405675329007 45.321327448071173 -19.289925253200529 12.189850848419914 -7.0908309483744878 -42.082494643704365 -18.47902175946669 -27.297173482163313 -22.097662747716001 -46.792489256162895 -18.906396023803229 -3.8007439135274579 -2.1773286498518027 -0.051571905208083822 32.680533681597026 0.84377116642641214 4.93420683565828 31.545665365316097 -16.561058385941894
leaf_weight=624260 124 244 160 104 104 188 172 208 116 196 144 104 368 104 308 1016 104 180 176 192 116 1040
leaf_count=624260 124 244 160 104 104 188 172 208 116 196 144 104 368 104 308 1016 104 180 176 192 116 1040
internal_value=-0.000393222 -12.3092 16.1174 -17.9818 10.5571 -23.4307 -7.26885 -28.9208 -19.5107 -26.6191 -35.8356 -8.15862 -40.6462 -7.09106 0.0454757 -3.15226 -6.33362 8.27581 -8.64949 18.4628 16.7429 -14.0447
internal_weight=629728 2336 388 1948 312 1636 416 1220 520 312 700 228 512 208 627392 3132 2452 680 2232 372 220 1216
internal_count=629728 2336 388 1948 312 1636 416 1220 520 312 700 228 512 208 627392 3132 2452 680 2232 372 220 1216
cat_boundaries=0 1 2 3 4
cat_threshold=8 16 12 40
is_linear=0
shrinkage=0.045


Tree=20
num_leaves=23
num_cat=5
split_feature=15 2 2 2 7 4 7 17 1 1 2 1 16 5 4 16 12 8 17 4 2 4
split_gain=1.60445e+08 1.70299e+08 1.46671e+08 1.36858e+08 8.73036e+07 6.5967e+07 5.48036e+07 4.68484e+07 3.31851e+07 3.31431e+07 1.72532e+07 1.7131e+07 1.44929e+07 5.25752e+07 5.08092e+07 5.09978e+07 2.78124e+07 3.04953e+07 2.30574e+07 1.60823e+07 1.60157e+07 2.71517e+07
threshold=1049.3950000000002 171.50000000000003 169.50000000000003 241.50000000000003 18.995000000000001 0 18.705000000000002 -27.764999999999993 19.000000000000004 19.500000000000004 50.500000000000007 19.250000000000004 527.43500000000006 1 2 1074.0050000000003 1.5000000000000002 1341.0800000000002 48.900000000000013 3 225.50000000000003 4
decision_type=10 2 2 2 2 1 2 10 2 2 2 2 10 1 1 10 2 2 10 1 2 1
left_child=12 2 10 5 11 6 8 -7 -3 -8 -2 -5 -1 14 15 -14 17 -15 -16 -18 21 -21
right_child=1 3 -4 4 -6 7 9 -9 -10 -11 -12 -13 13 16 18 -17 19 -19 -20 20 -22 -23
leaf_value=0.05876043493758637 -19.404047289050993 -7.148381344443874 48.144999701446956 6.1894778284345344 43.320347554908608 -16.519144003266128 -10.742712548862803 -36.860787537152056 24.678997407380272 -39.690516009745387 5.2145258962024341 -19.42933067910025 1.8047545487979766 -10.597217720474486 14.500509069263934 26.933060955967218 9.2722167999343394 -33.552306075482754 -7.0069880660213153 17.810914250141188 -12.728423726636855 -8.6138079691554097
leaf_weight=624260 120 188 160 103 104 360 196 656 100 136 108 105 394 582 114 278 158 146 780 112 364 204
leaf_count=624260 120 188 160 103 104 360 196 656 100 136 108 105 394 582 114 278 158 146 780 112 364 204
internal_value=-0.000411819 -11.7669 15.3995 -17.1881 10.073 -22.3929 -10.1982 -29.4108 3.99678 -22.7675 -7.79868 -6.80497 0.0434361 -3.00904 2.82543 12.0701 -8.80157 -15.2802 -4.1914 -3.25518 -6.22924 1.09425
internal_weight=629728 2336 388 1948 312 1636 620 1016 288 332 228 208 627392 3132 1566 672 1566 728 894 838 680 316
internal_count=629728 2336 388 1948 312 1636 620 1016 288 332 228 208 627392 3132 1566 672 1566 728 894 838 680 316
cat_boundaries=0 1 2 3 4 5
cat_threshold=9 12 44 48 12
is_linear=0
shrinkage=0.045


Tree=21
num_leaves=23
num_cat=4
split_feature=13 2 7 4 7 4 1 5 1 14 14 2 1 0 2 2 16 4 2 2 17 8
split_gain=1.47183e+08 1.68238e+08 1.48503e+08 1.62011e+08 8.19681e+07 4.70596e+07 4.18657e+07 8.60741e+07 3.89329e+07 3.51825e+07 5.9812e+07 3.50015e+07 2.2899e+07 1.3123e+07 3.65581e+07 3.10338e+07 6.49405e+07 3.8023e+07 5.66292e+07 3.56331e+08 1.34917e+08 7.62634e+07
threshold=1040.3950000000002 241.50000000000003 16.915000000000003 0 18.995000000000001 1 18.750000000000004 2 17.250000000000004 727.3850000000001 185.39000000000001 235.50000000000003 18.750000000000004 1.663412928581238 215.50000000000003 217.50000000000003 349.74500000000006 3 261.50000000000006 247.50000000000003 99.695000000000007 681.53000000000009
decision_type=2 2 2 1 2 1 2 1 2 2 2 2 2 2 2 2 10 1 2 2 10 2
left_child=13 2 3 6 -3 9 7 -2 -7 10 12 -11 -4 -1 -15 16 -16 18 19 21 -21 -17
right_child=1 4 5 -5 -6 8 -8 -9 -10 11 -12 -13 -14 14 15 17 -18 -19 -20 20 -22 -23
leaf_value=0.077207777073885625 34.776061531947207 3.2202121149683465 -24.53082351628472 -24.479462744569123 52.660994190889248 -21.305673433484571 36.949034139870186 -18.394356692921033 -42.971510678804833 16.739131629857148 -46.638132024529867 -16.156387909783255 4.8701770926776691 -2.9712047341551262 -0.82952438360862146 14.264974458828206 35.744246295011493 -1.7721747819252114 -3.7902784974496786 29.114643384378347 97.24711612285266 -6.6817771663403773
leaf_weight=608848 105 204 100 280 100 308 167 120 388 108 144 160 112 10072 260 572 156 5384 992 132 108 908
leaf_count=608848 105 204 100 280 100 308 167 120 388 108 144 160 112 10072 260 572 156 5384 992 132 108 908
internal_value=-0.000383579 -11.3681 -16.1277 1.09366 19.7215 -24.8834 19.5177 7.22795 -32.9995 -14.9876 -24.4584 -2.87419 -9.09787 0.0412511 -1.13664 1.03433 12.991 0.416897 4.74988 9.70164 60.3246 1.42218
internal_weight=629728 2296 1992 672 304 1320 392 225 696 624 356 268 212 627432 18584 8512 416 8096 2712 1720 240 1480
internal_count=629728 2296 1992 672 304 1320 392 225 696 624 356 268 212 627432 18584 8512 416 8096 2712 1720 240 1480
cat_boundaries=0 1 2 3 4
cat_threshold=14 25 12 6
is_linear=0
shrinkage=0.045


Tree=22
num_leaves=23
num_cat=4
split_feature=15 2 2 2 7 7 2 14 4 4 16 1 5 16 16 4 2 2 1 13 15 7
split_gain=1.35384e+08 1.48775e+08 1.30586e+08 1.15686e+08 7.62547e+07 5.60044e+07 4.18715e+07 2.99064e+07 1.79492e+07 1.6987e+07 1.68067e+07 1.66975e+07 1.62327e+07 1.48726e+07 1.23361e+07 4.87393e+07 5.34454e+07 3.64004e+07 4.5818e+07 3.35063e+07 2.24615e+07 2.00684e+07
threshold=1049.3950000000002 171.50000000000003 169.50000000000003 241.50000000000003 18.995000000000001 16.915000000000003 227.50000000000003 727.3850000000001 0 1 97.245000000000019 18.000000000000004 2 275.89500000000004 527.43500000000006 3 247.50000000000003 235.50000000000003 14.000000000000002 518.1450000000001 357.34000000000009 14.775
decision_type=10 2 2 2 2 2 2 2 1 1 10 2 1 10 10 1 2 2 2 2 10 2
left_child=14 2 13 5 12 6 -3 8 -7 -9 -11 -10 -5 -2 -1 17 19 18 -16 -17 -18 -21
right_child=1 3 -4 4 -6 7 -8 9 11 10 -12 -13 -14 -15 15 16 20 -19 -20 21 -22 -23
leaf_value=0.05405954926260452 3.2242522960049769 -18.289473943128819 45.47994498623742 6.0990504477763992 40.261170486594146 -16.201558583056926 10.568141413474905 -6.0425657748959285 -23.327474281624571 -11.955486904258159 -33.317273265712863 -42.004645936141138 -18.017926801813058 -19.688279000948057 -4.0752332504908999 -2.072337118904898 0.074542163453012136 -1.1251110424628625 33.007628911369721 0.88230676543846553 28.760715167320377 -15.598867755483496
leaf_weight=624260 124 244 160 104 104 188 172 208 144 132 180 368 104 104 104 1068 104 388 188 176 116 988
leaf_count=624260 124 244 160 104 104 188 172 208 144 132 180 368 104 104 104 1068 104 388 188 176 116 988
internal_value=-0.000356907 -10.8089 14.5822 -15.876 9.1882 -20.6614 -6.36448 -25.518 -31.6066 -17.2321 -23.6598 -36.1594 -6.58376 -7.3074 0.0399214 -2.77629 -5.72304 7.80445 19.8622 -7.83493 15.3228 -13.1096
internal_weight=629728 2336 388 1948 312 1636 416 1220 700 520 312 512 208 228 627392 3132 2452 680 292 2232 220 1164
internal_count=629728 2336 388 1948 312 1636 416 1220 700 520 312 512 208 228 627392 3132 2452 680 292 2232 220 1164
cat_boundaries=0 1 2 3 4
cat_threshold=16 8 12 40
is_linear=0
shrinkage=0.045


Tree=23
num_leaves=23
num_cat=3
split_feature=15 2 2 2 7 7 2 14 1 8 1 18 1 5 16 5 4 16 12 8 17 17
split_gain=1.23707e+08 1.35871e+08 1.19248e+08 1.05545e+08 6.97483e+07 5.11687e+07 3.82215e+07 2.7302e+07 1.85513e+07 6.27217e+07 2.49452e+07 1.59521e+07 1.56893e+07 1.45254e+07 1.12413e+07 4.75617e+07 4.32803e+07 4.4161e+07 2.4921e+07 2.76966e+07 2.03043e+07 1.48458e+07
threshold=1049.3950000000002 171.50000000000003 169.50000000000003 241.50000000000003 18.995000000000001 16.915000000000003 227.50000000000003 727.3850000000001 18.750000000000004 3358.4600000000005 18.000000000000004 155.46500000000006 19.250000000000004 0 527.43500000000006 1 2 1074.0050000000003 1.5000000000000002 1341.0800000000002 48.900000000000013 383.40000000000015
decision_type=10 2 2 2 2 2 2 2 2 2 2 10 2 1 10 1 1 10 2 2 10 10
left_child=14 2 13 5 12 6 -3 8 10 -10 -7 -9 -5 -2 21 16 17 -16 19 -17 -18 -1
right_child=1 3 -4 4 -6 7 -8 11 9 -11 -12 -13 -14 -15 15 18 20 -19 -20 -21 -22 -23
leaf_value=0.046083946313730959 4.607040728969233 -17.473138729421102 43.458614061143663 6.1146925903047835 38.483603409101377 -29.379830480856555 10.098041775473233 -9.6199779137149939 -38.797072199374007 -0.94152083089274741 -56.53365412418659 -25.641739569483576 -18.400486134413246 -17.357453753607611 1.8780381172753617 -9.8302241518603619 13.959824623260005 25.26258593559265 -2.9096393637518467 -31.703574863511164 -6.2215408348226378 8.7399095006204721
leaf_weight=623864 114 244 160 103 104 236 172 300 209 153 102 220 105 114 394 582 114 278 838 146 780 396
leaf_count=623864 114 244 160 103 104 236 172 300 209 153 102 220 105 114 394 582 114 278 838 146 780 396
internal_value=-0.000371457 -10.3323 13.9327 -15.1747 8.76577 -19.7455 -6.07974 -24.3877 -30.2052 -22.8904 -37.8585 -16.4707 -6.31814 -6.98501 0.0381306 -2.65021 2.89691 11.4287 -8.16038 -14.2918 -3.58268 0.0516269
internal_weight=629728 2336 388 1948 312 1636 416 1220 700 362 338 520 208 228 627392 3132 1566 672 1566 728 894 624260
internal_count=629728 2336 388 1948 312 1636 416 1220 700 362 338 520 208 228 627392 3132 1566 672 1566 728 894 624260
cat_boundaries=0 1 2 3
cat_threshold=3 12 44
is_linear=0
shrinkage=0.045


Tree=24
num_leaves=23
num_cat=5
split_feature=13 2 7 4 7 1 5 4 14 7 14 14 5 8 0 2 2 7 4 2 2 17
split_gain=1.13314e+08 1.40804e+08 1.11878e+08 1.28814e+08 7.12043e+07 4.00879e+07 7.91157e+07 3.99011e+07 3.21571e+07 3.01316e+07 3.63079e+07 3.35072e+07 2.83229e+07 1.84057e+07 1.1183e+07 3.34906e+07 2.93462e+07 5.79752e+07 4.73226e+07 7.19637e+07 2.92878e+08 1.25761e+08
threshold=1040.3950000000002 241.50000000000003 16.915000000000003 0 18.635000000000002 18.750000000000004 1 2 154.90500000000003 21.065000000000001 135.41500000000005 529.25500000000011 3 2756.4200000000005 1.663412928581238 215.50000000000003 223.50000000000003 17.305000000000003 4 261.50000000000006 247.50000000000003 99.695000000000007
decision_type=2 2 2 1 2 2 1 1 2 2 2 2 1 2 2 2 2 2 1 2 2 10
left_child=14 2 3 5 -3 6 -2 9 13 -4 -11 -12 -13 -9 -1 -16 17 -17 19 20 -18 -22
right_child=1 4 7 -5 -6 -7 -8 8 -10 10 11 12 -14 -15 15 16 18 -19 -20 -21 21 -23
leaf_value=0.069344339995353527 31.545676490343535 2.1813219363039189 4.6026406883239748 -22.171965264882125 47.442924978082829 34.058824015735873 -19.357286128130823 -30.676854929430732 -21.198306686147372 4.8537286196114886 -43.637498510324036 1.3168162641240588 -29.097824451674274 -54.036071922155529 -2.8071084060404696 -4.2020968070521816 1.2554578640706398 13.072081152184305 -2.7962755959261507 -3.6187593676536616 26.815460255074854 92.557571245160958
leaf_weight=608848 105 196 148 280 108 167 120 172 396 104 128 122 122 128 10072 640 916 1016 4708 992 132 108
leaf_count=608848 105 196 148 280 108 167 120 172 396 104 128 122 122 128 10072 640 916 1016 4708 992 132 108
internal_value=-0.000379881 -9.97476 -14.3293 0.619302 18.4661 17.0585 5.00301 -21.9289 -29.3777 -12.8784 -18.5796 -25.1217 -15.1327 -40.9353 0.0361516 -1.0512 1.02669 6.39905 -0.272434 5.2454 12.8904 56.9199
internal_weight=629728 2296 1992 672 304 392 225 1320 696 624 476 372 244 300 627432 18584 8512 1656 6856 2148 1156 240
internal_count=629728 2296 1992 672 304 392 225 1320 696 624 476 372 244 300 627432 18584 8512 1656 6856 2148 1156 240
cat_boundaries=0 1 2 3 4 5
cat_threshold=14 12 25 3 6
is_linear=0
shrinkage=0.045


Tree=25
num_leaves=23
num_cat=3
split_feature=15 2 2 2 7 7 2 16 4 14 16 18 5 1 5 0 2 2 13 2 2 2
split_gain=1.04581e+08 1.19197e+08 1.06129e+08 8.87739e+07 6.07137e+07 4.35071e+07 3.13282e+07 2.271e+07 1.88676e+07 2.57572e+07 1.98339e+07 8.53069e+07 1.3392e+07 1.14361e+07 1.10803e+07 1.0026e+07 5.63556e+07 3.17468e+07 3.91779e+07 3.00668e+07 1.11468e+08 3.47493e+08
threshold=1049.3950000000002 171.50000000000003 169.50000000000003 241.50000000000003 18.635000000000002 16.915000000000003 227.50000000000003 87.535000000000011 0 154.90500000000003 1074.0050000000003 -12.249999999999996 1 17.250000000000004 2 1.8633286952972414 211.50000000000003 133.50000000000003 518.1450000000001 267.50000000000006 247.50000000000003 249.50000000000003
decision_type=10 2 2 2 2 2 2 10 1 2 10 10 1 2 1 2 2 2 2 2 2 2
left_child=15 2 12 5 -5 6 -3 -7 9 -9 -10 -12 -2 -11 -13 -1 17 -17 -19 20 -18 -22
right_child=1 3 -4 4 -6 7 -8 8 10 13 11 14 -14 -15 -16 16 19 18 -20 -21 21 -23
leaf_value=0.062294576561491476 4.595804036940847 -15.940910903186333 41.081230957508083 -7.3640953182090412 33.434574231778157 -7.6444213344238605 9.0210367295101026 -45.782419225518233 -29.367717997046697 -11.785448699807221 22.891981458243201 -12.517399819734933 -16.474422466158867 -31.548502221679684 -34.430437053699748 -0.23849861783321455 0.40046605373761041 -5.2277915543972089 -19.865088912922403 -4.3880052834810712 68.168496589115691 1.55461656785103
leaf_weight=613288 114 244 160 196 116 180 172 192 224 104 100 136 114 148 136 2444 5396 3544 412 1452 208 648
leaf_count=613288 114 244 160 196 116 180 172 192 224 104 100 136 114 148 136 2444 5396 3544 412 1452 208 648
internal_value=-0.000388026 -9.50007 13.2268 -14.0357 7.92098 -18.2276 -5.62632 -22.5082 -25.0612 -32.595 -18.504 -12.335 -6.50742 -23.5493 -25.3587 0.0350128 -1.15113 -4.27136 -6.76147 1.4414 2.79623 17.8623
internal_weight=629728 2336 388 1948 312 1636 416 1220 1040 444 596 372 228 252 272 627392 14104 6400 3956 7704 6252 856
internal_count=629728 2336 388 1948 312 1636 416 1220 1040 444 596 372 228 252 272 627392 14104 6400 3956 7704 6252 856
cat_boundaries=0 1 2 3
cat_threshold=98 3 10
is_linear=0
shrinkage=0.045


Tree=26
num_leaves=23
num_cat=4
split_feature=13 2 7 4 15 1 5 4 14 14 2 1 1 8 14 0 2 2 2 2 4 1
split_gain=9.64544e+07 1.21994e+08 9.4527e+07 1.10018e+08 6.37202e+07 3.70701e+07 7.30724e+07 3.44776e+07 2.7243e+07 4.8134e+07 2.7851e+07 2.63906e+07 1.88589e+07 1.02762e+07 1.14928e+07 9.52575e+06 3.43068e+07 3.13165e+07 2.44741e+08 3.67951e+07 6.66298e+07 8.07912e+07
threshold=1040.3950000000002 241.50000000000003 16.915000000000003 0 1049.3950000000002 18.750000000000004 1 2 727.3850000000001 185.39000000000001 235.50000000000003 16.750000000000004 18.750000000000004 2756.4200000000005 91.495000000000019 2.0356715917587285 211.50000000000003 249.50000000000003 247.50000000000003 225.50000000000003 3 19.250000000000004
decision_type=2 2 2 1 10 2 1 1 2 2 2 2 2 2 2 2 2 2 2 2 1 2
left_child=15 2 3 5 -3 6 -2 8 9 12 -10 -9 -4 -13 -15 -1 -17 18 19 -18 21 -21
right_child=1 4 7 -5 -6 -7 -8 11 10 -11 -12 13 -14 14 -16 16 17 -19 -20 20 -22 -23
leaf_value=0.057450611624913064 29.638351650604832 43.189736561209465 -20.402586453942689 -20.575417369424478 0.99058676139931923 32.008072934757323 -19.260356868397103 -15.910993121773808 16.316089165758001 -40.04072407350148 -13.024868352678087 -26.17682804847831 6.2601658866593706 -52.672069302012815 -31.520180772593321 -4.0564417150304148 5.0515532726570962 -4.4031652744429799 51.69355148727243 -4.1351748773233217 -5.1517129075681343 47.523385873091847
leaf_weight=615736 105 116 100 280 188 167 120 257 108 144 160 199 112 100 140 5004 2128 1700 196 132 2424 112
leaf_count=615736 105 116 100 280 188 167 120 257 108 144 160 199 112 100 140 5004 2128 1700 196 132 2424 112
internal_value=-0.000421373 -9.2029 -13.2562 0.484662 17.2699 15.6799 4.0763 -20.2417 -11.8374 -20.149 -1.16763 -27.1623 -6.38974 -34.2629 -40.6959 0.033283 -1.23881 0.868677 2.66502 0.64064 -2.87866 18.9983
internal_weight=629728 2296 1992 672 304 392 225 1320 624 356 268 696 212 439 240 627432 11696 6692 4992 4796 2668 244
internal_count=629728 2296 1992 672 304 392 225 1320 624 356 268 696 212 439 240 627432 11696 6692 4992 4796 2668 244
cat_boundaries=0 1 2 3 4
cat_threshold=14 12 25 2
is_linear=0
shrinkage=0.045


Tree=27
num_leaves=23
num_cat=4
split_feature=13 2 7 4 7 1 5 4 14 14 2 14 1 8 0 2 2 16 4 2 2 17
split_gain=8.80957e+07 1.11432e+08 8.6282e+07 1.00682e+08 5.88397e+07 3.37887e+07 6.72601e+07 3.14823e+07 2.48867e+07 4.39505e+07 2.54382e+07 2.47519e+07 1.72308e+07 1.38715e+07 8.70626e+06 2.83993e+07 3.63718e+07 4.73841e+07 2.85152e+07 5.27054e+07 2.0897e+08 1.23308e+08
threshold=1040.3950000000002 241.50000000000003 16.915000000000003 0 18.995000000000001 18.750000000000004 1 2 727.3850000000001 185.39000000000001 235.50000000000003 154.90500000000003 18.750000000000004 2756.4200000000005 1.8633286952972414 215.50000000000003 217.50000000000003 349.74500000000006 3 249.50000000000003 247.50000000000003 99.695000000000007
decision_type=2 2 2 1 2 2 1 1 2 2 2 2 2 2 2 2 2 10 1 2 2 10
left_child=14 2 3 5 -3 6 -2 8 9 12 -10 13 -4 -9 -1 -16 17 -17 19 20 -18 -22
right_child=1 4 7 -5 -6 -7 -8 11 10 -11 -12 -13 -14 -15 15 16 18 -19 -20 -21 21 -23
leaf_value=0.057167286683743365 28.441418249423688 2.5271045508662473 -19.502472337834973 -19.687574215327224 44.41358976476333 30.584755765051529 -18.472433481216431 -27.179184117152776 15.595214392011815 -38.263574092812732 -12.445985802544488 -18.780672553487157 5.983401561348062 -47.484577031135558 -3.121965687943864 -0.11089693119651392 2.7556638460906915 33.319710437029222 -2.4725030807992323 -4.3655136389178795 13.79945795101278 83.172488053061741
leaf_weight=613380 105 204 100 280 100 167 120 172 108 144 160 396 112 128 6944 188 1748 156 3684 1124 100 108
leaf_count=613380 105 204 100 280 100 167 120 172 108 144 160 396 112 128 6944 188 1748 156 3684 1124 100 108
internal_value=-0.000416895 -8.79512 -12.669 0.458957 16.5058 14.9953 3.91755 -19.3429 -11.312 -19.2559 -1.11399 -25.956 -6.10815 -36.0999 0.031794 -1.07562 0.92383 15.1545 0.195831 3.38401 7.85441 50.2691
internal_weight=629728 2296 1992 672 304 392 225 1320 624 356 268 696 212 300 627432 14052 7108 344 6764 3080 1956 208
internal_count=629728 2296 1992 672 304 392 225 1320 624 356 268 696 212 300 627432 14052 7108 344 6764 3080 1956 208
cat_boundaries=0 1 2 3 4
cat_threshold=14 12 25 14
is_linear=0
shrinkage=0.045


Tree=28
num_leaves=23
num_cat=6
split_feature=15 2 2 2 7 7 2 16 5 4 12 16 18 5 5 16 5 4 16 12 10 17
split_gain=8.08695e+07 1.0036e+08 9.23463e+07 7.05456e+07 5.18033e+07 3.44408e+07 2.29269e+07 1.78422e+07 1.51848e+07 1.33545e+07 2.02443e+07 1.72082e+07 7.13395e+07 1.23637e+07 1.06751e+07 8.96579e+06 4.26507e+07 3.51609e+07 3.5574e+07 2.34892e+07 2.62127e+07 1.7057e+07
threshold=1049.3950000000002 171.50000000000003 169.50000000000003 241.50000000000003 18.995000000000001 16.915000000000003 227.50000000000003 87.535000000000011 0 1 1.5000000000000002 1074.0050000000003 -12.249999999999996 2 3 527.43500000000006 4 5 1074.0050000000003 1.5000000000000002 477.57249715564927 48.900000000000013
decision_type=10 2 2 2 2 2 2 10 1 1 2 10 10 1 1 10 1 1 10 2 2 10
left_child=15 2 13 5 8 6 -3 -7 -5 10 -9 -11 -13 -2 -14 -1 17 18 -17 20 -18 -19
right_child=1 3 -4 4 -6 7 -8 9 -10 11 -12 12 14 -15 -16 16 19 21 -20 -21 -22 -23
leaf_value=0.0427832105173147 4.7116962250641414 -13.86412332999997 38.481503625445896 6.268049913192618 32.669581387537832 -6.8848567407995791 7.4911151968507923 -36.323792940645795 -17.018585082724176 -26.809147444794664 -15.765301010082295 21.258720243257635 -10.723895871317064 -15.500670363903046 -31.603950889948248 2.0020052941204893 -10.024618373112693 13.118262947140067 22.992183465957641 -2.4898089767907345 -34.499328134976899 -5.3779215922437205
leaf_weight=624260 114 244 160 104 104 180 172 292 104 224 152 100 136 114 136 394 626 114 278 838 102 780
leaf_count=624260 114 244 160 104 104 180 172 292 104 224 152 100 136 114 136 394 626 114 278 838 102 780
internal_value=-0.00039988 -8.35402 12.499 -12.5161 7.05705 -16.2529 -5.04096 -20.0615 -5.93839 -22.3244 -28.7435 -16.7023 -10.9522 -5.91048 -22.8632 0.0307301 -2.37015 2.88136 10.5711 -7.58861 -13.5389 -2.96227
internal_weight=629728 2336 388 1948 312 1636 416 1220 208 1040 444 596 372 228 272 627392 3132 1566 672 1566 728 894
internal_count=629728 2336 388 1948 312 1636 416 1220 208 1040 444 596 372 228 272 627392 3132 1566 672 1566 728 894
cat_boundaries=0 1 2 3 4 5 6
cat_threshold=12 98 3 10 12 44
is_linear=0
shrinkage=0.045


Tree=29
num_leaves=23
num_cat=5
split_feature=13 2 7 4 15 1 5 4 14 14 2 1 1 5 0 14 2 2 18 2 4 7
split_gain=7.45642e+07 9.87844e+07 7.23213e+07 8.60759e+07 5.71733e+07 3.16152e+07 6.15228e+07 2.72828e+07 2.21842e+07 3.80634e+07 2.23867e+07 2.10258e+07 1.46878e+07 9.05143e+06 7.68216e+06 2.89509e+07 3.99877e+07 9.4104e+07 1.30342e+08 7.14376e+07 5.56585e+07 3.76687e+07
threshold=1040.3950000000002 241.50000000000003 16.915000000000003 0 1049.3950000000002 18.750000000000004 1 2 727.3850000000001 185.39000000000001 235.50000000000003 17.250000000000004 18.750000000000004 3 2.0356715917587285 280.76500000000004 239.50000000000003 249.50000000000003 49.650000000000006 247.50000000000003 4 22.665000000000003
decision_type=2 2 2 1 10 2 1 1 2 2 2 2 2 1 2 2 2 2 10 2 1 2
left_child=14 2 3 5 -3 6 -2 8 9 12 -10 13 -4 -9 -1 -16 20 18 -18 -20 21 -17
right_child=1 4 7 -5 -6 -7 -8 11 10 -11 -12 -13 -14 -15 15 16 17 -19 19 -21 -22 -23
leaf_value=0.050898678742533635 26.509247450828553 40.281695480346677 -18.009471820803249 -18.342926541811799 0.31605313882074854 28.78419148566455 -18.340936130176889 -5.3985037292133677 14.920699939727783 -35.56691423285497 -11.384613482157389 -31.325202282978935 5.5206821343381147 -22.163282614825818 -3.0650762054191079 10.68845969545489 54.796081136142504 -5.4603074043010693 -6.5858710383735302 34.445306119487839 -5.4730731706928832 -2.1359595738759225
leaf_weight=615736 105 116 100 280 188 167 120 142 108 144 160 388 112 166 6644 1064 168 464 252 128 2156 820
leaf_count=615736 105 116 100 280 188 167 120 142 108 144 160 388 112 166 6644 1064 168 464 252 128 2156 820
internal_value=-0.000438646 -8.09156 -11.7391 0.280374 15.7297 13.7255 2.99814 -17.8492 -10.3827 -17.8782 -0.751964 -24.0018 -5.64303 -15.4079 0.0291954 -1.11319 1.45398 9.4437 22.0371 7.34314 -0.551084 5.08341
internal_weight=629728 2296 1992 672 304 392 225 1320 624 356 268 696 212 308 627432 11696 5052 1012 548 380 4040 1884
internal_count=629728 2296 1992 672 304 392 225 1320 624 356 268 696 212 308 627432 11696 5052 1012 548 380 4040 1884
cat_boundaries=0 1 2 3 4 5
cat_threshold=14 12 25 6 58
is_linear=0
shrinkage=0.045


Tree=30
num_leaves=23
num_cat=4
split_feature=15 2 2 2 7 7 2 16 5 4 12 16 18 5 16 4 9 2 0 2 7 15
split_gain=6.8662e+07 8.7809e+07 8.21019e+07 5.89414e+07 4.42956e+07 2.93925e+07 1.86459e+07 1.54318e+07 1.13907e+07 1.1056e+07 1.85592e+07 1.51953e+07 6.2512e+07 1.00093e+07 7.87886e+06 3.89385e+07 3.28325e+07 3.23756e+07 2.55857e+07 2.34522e+07 1.49462e+07 1.30185e+07
threshold=1049.3950000000002 171.50000000000003 169.50000000000003 241.50000000000003 18.635000000000002 16.915000000000003 227.50000000000003 92.140000000000015 0 1 1.5000000000000002 1074.0050000000003 -12.249999999999996 2 527.43500000000006 3 426.7600000000001 247.50000000000003 3.0229123830795293 235.50000000000003 14.775 357.34000000000009
decision_type=10 2 2 2 2 2 2 10 1 1 2 10 10 1 10 1 2 2 2 2 2 10
left_child=14 2 8 5 -5 6 -3 -7 -2 10 -9 -11 -13 -14 -1 16 -16 18 21 -18 -20 -17
right_child=1 3 -4 4 -6 7 -8 9 -10 11 -12 12 13 -15 15 17 19 -19 20 -21 -22 -23
leaf_value=0.03953817735109029 4.6282606260159183 -12.605554327150669 36.306379124323527 -6.7512684787674386 28.094794839438745 -6.4281610360068662 6.6534649943072219 -33.871441297728438 -14.761174390145712 -25.015253394529619 -14.167722788228616 20.033665424234727 -9.707071461419801 -29.666472623928176 -3.5217630886483575 -3.4340894905347503 27.880101793559042 11.522227841841207 1.2147096839647613 5.266757216551869 -12.950049482502772 10.47555229342646
leaf_weight=624260 114 244 160 196 116 184 172 288 114 224 152 100 136 136 308 856 180 220 176 192 1040 160
leaf_count=624260 114 244 160 196 116 184 172 288 114 224 152 100 136 136 308 856 180 220 176 192 1040 160
internal_value=-0.000445062 -7.69779 11.8074 -11.5909 6.30075 -15.0066 -4.64896 -18.5249 -5.55107 -20.6569 -26.5587 -15.5219 -10.1172 -21.2675 0.0282393 -2.22241 7.23148 -4.85763 -6.50275 16.2993 -10.9013 -1.22732
internal_weight=629728 2336 388 1948 312 1636 416 1220 228 1036 440 596 372 272 627392 3132 680 2452 2232 372 1216 1016
internal_count=629728 2336 388 1948 312 1636 416 1220 228 1036 440 596 372 272 627392 3132 680 2452 2232 372 1216 1016
cat_boundaries=0 1 2 3 4
cat_threshold=3 98 10 40
is_linear=0
shrinkage=0.045


Tree=31
num_leaves=23
num_cat=4
split_feature=15 2 1 2 7 7 14 4 7 1 16 1 4 12 9 16 5 4 16 12 10 17
split_gain=6.28209e+07 8.01361e+07 7.69984e+07 5.3876e+07 4.69412e+07 4.04582e+07 2.70605e+07 2.63124e+07 2.69671e+07 2.40638e+07 5.20221e+07 3.8655e+07 1.51712e+07 1.35382e+07 1.04972e+07 7.17875e+06 3.86422e+07 2.99863e+07 3.08209e+07 2.06822e+07 2.41474e+07 1.4729e+07
threshold=1049.3950000000002 171.50000000000003 16.250000000000004 241.50000000000003 16.225000000000005 18.635000000000002 650.61000000000001 0 18.705000000000002 18.750000000000004 1074.0050000000003 18.000000000000004 1 -1.4999999999999998 713.58000000000015 527.43500000000006 2 3 1074.0050000000003 1.5000000000000002 477.57249715564927 48.900000000000013
decision_type=10 2 2 2 2 2 2 1 2 2 10 2 1 2 2 10 1 1 10 2 2 10
left_child=15 2 -2 6 -4 -5 9 8 -8 11 12 14 -11 -9 -3 -1 17 18 -17 20 -18 -19
right_child=1 3 4 5 -6 -7 7 13 -10 10 -12 -13 -14 -15 -16 16 19 21 -20 -21 -22 -23
leaf_value=0.037758967213878912 -15.866498260601707 -10.036959842046102 5.2267996362418181 -6.4505301939357418 44.09330742812157 26.851958061800161 18.550250083383965 -5.5118590657003637 -8.2459963082795102 -12.805822497606279 4.3052262566370123 -46.984501832485194 -39.590457413409439 -21.343837297679659 -27.770350060384779 2.0023826525157147 -9.3007374237193048 12.421000840581698 21.540910957472665 -2.3044969323692577 -32.787562353427596 -4.7659920049962992
leaf_weight=624260 136 160 119 196 133 116 120 180 200 132 202 138 100 284 120 394 626 114 278 838 102 780
leaf_count=624260 136 160 119 196 133 116 120 180 200 132 202 138 100 284 120 394 626 114 278 838 102 780
internal_value=-0.000463376 -7.36312 11.2704 -11.0823 25.9254 6.02333 -14.3478 -8.28251 1.79952 -19.8966 -12.3851 -27.5995 -26.8298 -14.9317 -17.78 0.0269738 -2.12135 2.87594 9.97719 -7.08907 -12.6723 -2.52337
internal_weight=629728 2336 388 1948 252 312 1636 784 320 852 434 418 232 464 280 627392 3132 1566 672 1566 728 894
internal_count=629728 2336 388 1948 252 312 1636 784 320 852 434 418 232 464 280 627392 3132 1566 672 1566 728 894
cat_boundaries=0 1 2 3 4
cat_threshold=8 84 12 44
is_linear=0
shrinkage=0.045


Tree=32
num_leaves=23
num_cat=4
split_feature=15 2 1 2 7 7 14 4 7 1 16 1 14 4 17 9 16 5 4 9 2 12
split_gain=5.75179e+07 7.32626e+07 7.03224e+07 4.928e+07 4.28704e+07 3.70164e+07 2.48576e+07 2.40215e+07 2.46281e+07 2.18048e+07 4.78378e+07 3.53002e+07 1.42713e+07 1.40029e+07 1.29715e+07 9.59069e+06 6.54961e+06 3.52746e+07 2.73589e+07 2.9153e+07 2.65726e+07 1.88815e+07
threshold=1049.3950000000002 171.50000000000003 16.250000000000004 241.50000000000003 16.225000000000005 18.995000000000001 650.61000000000001 0 18.705000000000002 18.750000000000004 1074.0050000000003 18.000000000000004 529.25500000000011 1 383.40000000000015 713.58000000000015 527.43500000000006 2 3 282.31083333333339 235.50000000000003 1.5000000000000002
decision_type=10 2 2 2 2 2 2 1 2 2 10 2 2 1 10 2 10 1 1 2 2 2
left_child=16 2 -2 6 -4 12 9 8 -8 11 13 15 -5 -11 -9 -3 -1 18 19 -18 -21 -19
right_child=1 3 4 5 -6 -7 7 14 -10 10 -12 -13 -14 -15 -16 -17 17 21 -20 20 -22 -23
leaf_value=0.036059816560204912 -15.162853727133378 -9.5908728313446048 4.9954813083538339 -16.429595416025681 42.138503222147627 27.409392047018375 17.72917351097357 -10.024419332515297 -7.8786005895208602 -12.277582330703735 4.1133909043845014 -44.90040393705879 6.9599260135257941 -37.999769411597931 -27.226446055740603 -26.541171050149888 0.17290250444037469 -12.107223325335815 -2.4090541444679365 34.936109213315525 8.971849582685488 -2.2010416182807777
leaf_weight=624260 136 160 119 108 133 104 120 344 200 132 202 138 100 100 120 120 332 728 894 128 212 838
leaf_count=624260 136 160 119 108 133 104 120 344 200 132 202 138 100 100 120 120 332 728 894 128 212 838
internal_value=-0.00049551 -7.04554 10.771 -10.6016 24.7762 5.75813 -13.7248 -7.9117 1.72133 -19.0429 -11.8918 -26.3757 -5.22544 -25.7434 -14.2649 -16.992 0.025758 -2.02627 2.7483 9.53131 18.8938 -6.77259
internal_weight=629728 2336 388 1948 252 312 1636 784 320 852 434 418 208 232 464 280 627392 3132 1566 672 340 1566
internal_count=629728 2336 388 1948 252 312 1636 784 320 852 434 418 208 232 464 280 627392 3132 1566 672 340 1566
cat_boundaries=0 1 2 3 4
cat_threshold=8 84 12 44
is_linear=0
shrinkage=0.045


Tree=33
num_leaves=23
num_cat=2
split_feature=15 2 1 2 7 7 14 4 7 1 16 1 4 17 9 0 2 13 2 2 7 13
split_gain=5.26709e+07 6.69829e+07 6.42252e+07 4.50772e+07 3.91526e+07 3.42118e+07 2.28284e+07 2.19364e+07 2.24919e+07 1.97565e+07 4.39904e+07 3.22365e+07 1.29244e+07 1.18557e+07 8.76244e+06 6.16855e+06 3.31066e+07 3.26838e+07 2.45173e+07 2.11944e+07 6.79738e+07 4.53417e+07
threshold=1049.3950000000002 171.50000000000003 16.250000000000004 241.50000000000003 16.225000000000005 18.555000000000003 650.61000000000001 0 18.705000000000002 18.750000000000004 1074.0050000000003 18.000000000000004 1 383.40000000000015 713.58000000000015 1.3965535759925845 215.50000000000003 332.53500000000003 167.50000000000003 223.50000000000003 18.445000000000004 259.76000000000005
decision_type=10 2 2 2 2 2 2 1 2 2 10 2 1 10 2 2 2 2 2 2 2 2
left_child=15 2 -2 6 -4 -5 9 8 -8 11 12 14 -11 -9 -3 -1 17 18 -17 20 -18 -22
right_child=1 3 4 5 -6 -7 7 13 -10 10 -12 -13 -14 -15 -16 16 19 -19 -20 -21 21 -23
leaf_value=0.055103624145474421 -14.490413925647736 -9.1646117356088421 4.7743995182967387 -6.9146683304348304 40.270363732417422 23.187945939137386 16.944438801280789 -9.5759279800770596 -7.5275737055221406 -11.771132221221924 3.9301031638594233 -42.908750191531013 -36.472992990016934 -26.021341196073855 -25.366397771991664 0.17601449693505075 0.27757632683827571 -7.9769527288367481 -3.6438598245091005 0.30284216387779239 5.8622678380370976 31.386504696074951
leaf_weight=599384 136 160 119 184 133 128 120 344 200 132 202 138 100 120 120 8948 1488 1640 5488 9880 284 280
leaf_count=599384 136 160 119 184 133 128 120 344 200 132 202 138 100 120 120 8948 1488 1640 5488 9880 284 280
internal_value=-0.00052191 -6.7422 10.2937 -10.1425 23.678 5.50415 -13.1295 -7.55881 1.64654 -18.2258 -11.4181 -25.2062 -24.7009 -13.63 -16.2389 0.0246011 -0.628123 -1.96092 -1.27646 1.16758 5.32677 18.6
internal_weight=629728 2336 388 1948 252 312 1636 784 320 852 434 418 232 464 280 627392 28008 16076 14436 11932 2052 564
internal_count=629728 2336 388 1948 252 312 1636 784 320 852 434 418 232 464 280 627392 28008 16076 14436 11932 2052 564
cat_boundaries=0 1 2
cat_threshold=8 84
is_linear=0
shrinkage=0.045


Tree=34
num_leaves=23
num_cat=4
split_feature=13 2 1 17 1 15 4 5 1 8 2 4 7 1 8 0 2 2 2 7 4 18
split_gain=4.82705e+07 8.03596e+07 5.9265e+07 8.41479e+07 9.25076e+07 5.31122e+07 4.26572e+07 4.25062e+07 4.06505e+07 2.37456e+07 1.86616e+07 1.74652e+07 1.55864e+07 1.52716e+07 5.76178e+06 5.71765e+06 1.95773e+07 2.51409e+07 1.8045e+07 5.08401e+07 3.27226e+07 2.58016e+07
threshold=1040.3950000000002 241.50000000000003 20.500000000000004 -57.42499999999999 18.750000000000004 1049.3950000000002 0 1 18.000000000000004 2756.4200000000005 171.50000000000003 2 22.665000000000003 16.500000000000004 2756.4200000000005 1.3965535759925845 215.50000000000003 171.50000000000003 223.50000000000003 17.305000000000003 3 -274.99999999999994
decision_type=2 2 2 10 2 10 1 1 2 2 2 1 2 2 2 2 2 2 2 2 1 8
left_child=15 2 3 4 -2 -3 8 9 12 -8 -9 -12 -5 -13 -15 -1 17 -17 19 -18 -20 -22
right_child=1 5 -4 6 -6 -7 7 10 -10 -11 11 13 -14 14 -16 16 18 -19 20 -21 21 -23
leaf_value=0.052651192504233703 -11.794720399236322 38.636412215152028 -41.619088453384379 20.201138088438245 40.586685795276722 0.11834277436607762 -20.753523299477315 2.5384200082587065 -16.502046101134397 -46.874456372942241 -0.68361997361910543 -3.7734422950744628 -2.0848724529821916 -17.490535382548654 -28.48108629274904 -0.30083423229595041 -3.2802444431945386 -4.0115732978418217 2.1197191896560592 10.945805763065971 -13.978466506217842 -1.9550091117759154
leaf_weight=599448 131 116 110 160 139 188 174 167 172 124 165 118 104 252 176 10332 916 5756 5848 1140 400 3592
leaf_count=599448 131 116 110 160 139 188 174 167 172 124 165 118 104 252 176 10332 916 5756 5848 1140 400 3592
internal_value=-0.000543566 -6.5106 -9.80087 -7.89894 15.2722 14.9725 -11.7941 -16.175 0.402303 -30.8348 -10.8506 -14.1459 11.4721 -17.8585 -22.1215 0.0232997 -0.605399 -1.6288 0.778682 4.61071 -0.0227689 -3.15825
internal_weight=629728 2296 1992 1882 270 304 1612 1176 436 298 878 711 264 546 428 627432 27984 16088 11896 2056 9840 3992
internal_count=629728 2296 1992 1882 270 304 1612 1176 436 298 878 711 264 546 428 627432 27984 16088 11896 2056 9840 3992
cat_boundaries=0 1 2 3 4
cat_threshold=8 1 16 102
is_linear=0
shrinkage=0.045


Tree=35
num_leaves=23
num_cat=4
split_feature=13 2 1 17 1 18 4 5 1 8 2 4 7 1 8 14 9 1 8 4 10 7
split_gain=4.40744e+07 7.3397e+07 5.41493e+07 7.68404e+07 8.44836e+07 5.35407e+07 3.89503e+07 3.88263e+07 3.7115e+07 2.16968e+07 1.70372e+07 1.59397e+07 1.42326e+07 1.39388e+07 5.46753e+06 1.355e+07 2.26521e+07 1.52147e+07 4.41026e+07 5.1336e+07 1.93296e+07 1.24349e+07
threshold=1040.3950000000002 241.50000000000003 20.500000000000004 -57.42499999999999 18.750000000000004 360.28000000000009 0 1 18.000000000000004 2756.4200000000005 171.50000000000003 2 22.665000000000003 16.500000000000004 186.33000000000001 154.90500000000003 161.35520833333337 19.500000000000004 561.5200000000001 3 85.123579179629644 8.5150000000000023
decision_type=2 2 2 8 2 10 1 1 2 2 2 1 2 2 2 2 2 2 2 1 2 2
left_child=14 2 3 4 -2 -3 8 9 12 -8 -9 -12 -5 -13 -1 16 17 20 21 -20 -16 -19
right_child=1 5 -4 6 -6 -7 7 10 -10 -11 11 13 -14 -15 15 -17 -18 18 19 -21 -22 -23
leaf_value=0.075168105895963594 -11.271939486964305 31.602522927149231 -39.77967301630548 19.303310012817381 38.786190217403657 -6.1064805157083857 -19.83022717692635 2.4255431759851218 -15.767989924118437 -44.798588530676703 -0.65494307550333308 -3.6064675912857052 -1.9928218699162297 -21.135619552989336 -1.230632844771663 -0.088048053403651391 -17.320324438771891 10.942775271642994 -5.9040076969033581 34.364022949737745 -6.2288540705053315 -1.2397189815061989
leaf_weight=541504 131 164 110 160 139 140 174 167 172 124 165 118 104 428 6394 74336 184 180 106 152 2074 2502
leaf_count=541504 131 164 110 160 139 140 174 167 172 124 165 118 104 428 6394 74336 184 180 106 152 2074 2502
internal_value=-0.000532141 -6.2212 -9.3657 -7.54771 14.5944 14.3101 -11.2699 -15.4561 0.384524 -29.4669 -10.3675 -13.5162 10.962 -17.0629 0.0222513 -0.311216 -1.74206 -1.48781 1.3006 18.9963 -2.45599 -0.414557
internal_weight=629728 2296 1992 1882 270 304 1612 1176 436 298 878 711 264 546 627432 85928 11592 11408 2940 258 8468 2682
internal_count=629728 2296 1992 1882 270 304 1612 1176 436 298 878 711 264 546 627432 85928 11592 11408 2940 258 8468 2682
cat_boundaries=0 1 2 3 4
cat_threshold=8 1 16 28
is_linear=0
shrinkage=0.045


Tree=36
num_leaves=23
num_cat=6
split_feature=15 2 1 2 7 4 7 2 16 5 16 4 7 4 16 5 4 16 12 0 15 17
split_gain=4.03959e+07 5.63992e+07 5.60215e+07 3.59261e+07 3.42655e+07 3.16362e+07 1.93306e+07 1.14114e+07 1.04129e+07 9.01873e+06 1.7924e+07 3.6015e+07 1.51845e+07 9.95029e+06 5.52554e+06 3.12252e+07 2.45752e+07 2.56348e+07 1.65231e+07 2.78514e+07 1.4327e+07 2.01239e+07
threshold=1049.3950000000002 171.50000000000003 16.250000000000004 241.50000000000003 16.225000000000005 0 16.915000000000003 227.50000000000003 92.140000000000015 1 1074.0050000000003 2 22.665000000000003 3 527.43500000000006 4 5 1074.0050000000003 2.5000000000000004 3.7263551950454716 548.71000000000015 58.914999999999992
decision_type=10 2 2 2 2 1 2 2 10 1 10 1 2 1 10 1 1 10 2 2 10 10
left_child=14 2 -2 6 -4 -5 7 -3 -8 10 -10 -12 -11 -14 -1 16 17 -16 19 -17 21 -18
right_child=1 3 4 5 -6 -7 8 -9 9 12 11 -13 13 -15 15 18 20 -19 -20 -21 -22 -23
leaf_value=0.030967033816112498 -13.421279805250791 -9.5202668152231631 4.5409419398563946 16.62479467190802 37.749322738647457 -11.386870112270117 -4.6179562411769748 5.544666043108907 -23.005554848574519 -10.654568468662019 10.526592144090008 -17.943075477647781 -11.638249936603732 -32.465755993269127 1.7837601819092577 -6.3292334954818674 18.874568865069975 19.602531797749656 -0.38818816829852909 -25.945971574783325 -13.634106414794921 -2.5262905689564761
leaf_weight=624260 136 244 119 180 133 132 184 172 176 186 154 188 112 220 394 802 102 278 586 178 178 614
leaf_count=624260 136 244 119 180 133 132 184 172 176 186 154 188 112 220 394 802 102 278 586 178 178 614
internal_value=-0.000496824 -5.90457 9.72686 -9.02479 22.2268 4.94348 -11.6915 -3.29477 -14.5445 -16.2952 -11.2004 -5.35233 -20.7137 -26.8719 0.0215048 -1.86328 2.62845 9.05713 -6.32905 -9.93786 -2.2598 0.566518
internal_weight=629728 2336 388 1948 252 312 1636 416 1220 1036 518 342 518 332 627392 3132 1566 672 1566 980 894 716
internal_count=629728 2336 388 1948 252 312 1636 416 1220 1036 518 342 518 332 627392 3132 1566 672 1566 980 894 716
cat_boundaries=0 1 2 3 4 5 6
cat_threshold=12 10 40 20 12 44
is_linear=0
shrinkage=0.045


Tree=37
num_leaves=23
num_cat=5
split_feature=15 2 1 2 7 7 7 8 1 5 18 16 4 14 14 16 5 4 9 17 4 15
split_gain=3.69881e+07 5.15606e+07 5.11642e+07 3.28824e+07 3.12939e+07 2.91328e+07 1.77732e+07 2.80683e+07 1.46204e+07 9.72397e+06 1.89979e+07 9.86778e+06 2.11838e+07 1.23788e+07 9.00208e+06 5.0408e+06 2.84997e+07 2.24237e+07 2.34176e+07 2.32888e+07 1.59564e+07 1.99852e+07
threshold=1049.3950000000002 171.50000000000003 16.250000000000004 241.50000000000003 16.225000000000005 18.995000000000001 17.735000000000003 2756.4200000000005 19.250000000000004 0 -28.249999999999993 1074.0050000000003 1 529.25500000000011 421.83000000000004 527.43500000000006 2 3 282.31083333333339 383.40000000000015 4 357.34000000000009
decision_type=10 2 2 2 2 2 2 2 2 1 10 10 1 2 2 10 1 1 2 10 1 10
left_child=15 2 -2 6 -4 8 7 -3 -5 11 14 13 -13 -8 -11 -1 17 18 -17 -20 -18 -22
right_child=1 3 4 5 -6 -7 9 -9 -10 10 -12 12 -14 -15 -16 16 20 -19 19 -21 21 -23
leaf_value=0.029573524255395674 -12.826075317263602 -11.751840111639748 4.3399779655026993 6.9757775613580426 36.075769652962684 23.938986788155898 -28.491688209982478 9.167156532661048 -16.680006610339628 -20.035502065940641 -29.170698878813919 7.75784311475633 -15.644215550684381 -7.5272724839519052 -4.3044257966777941 0.26584078220728624 -0.24668169438435489 -2.1578395509578607 5.8319751215799815 29.432184887992012 -3.6841157504300086 -16.682019539901187
leaf_weight=624260 136 392 119 103 133 104 100 192 105 140 230 146 146 134 156 332 602 894 180 160 518 446
leaf_count=624260 136 392 119 103 133 104 100 192 105 140 230 146 146 134 156 332 602 894 180 160 518 446
internal_value=-0.000517284 -5.65006 9.29581 -8.63345 21.2416 4.73003 -11.1846 -4.86655 -5.01097 -14.6761 -19.1315 -9.62065 -4.23825 -16.652 -11.8293 0.0205359 -1.77968 2.51155 8.65237 17.0451 -6.0461 -9.62017
internal_weight=629728 2336 388 1948 252 312 1636 584 208 1052 526 526 292 234 296 627392 3132 1566 672 340 1566 964
internal_count=629728 2336 388 1948 252 312 1636 584 208 1052 526 526 292 234 296 627392 3132 1566 672 340 1566 964
cat_boundaries=0 1 2 3 4 5
cat_threshold=10 40 12 44 56
is_linear=0
shrinkage=0.045


Tree=38
num_leaves=23
num_cat=4
split_feature=13 2 15 1 17 1 4 5 1 8 2 4 7 1 8 8 14 9 1 8 4 10
split_gain=3.39071e+07 6.25581e+07 4.97991e+07 4.9693e+07 6.57228e+07 7.48201e+07 3.13612e+07 3.32996e+07 3.19991e+07 1.84929e+07 1.27475e+07 1.54097e+07 1.18209e+07 1.13677e+07 4.89332e+06 4.80082e+06 1.23085e+07 1.97139e+07 1.29968e+07 4.09927e+07 4.72381e+07 1.85845e+07
threshold=1040.3950000000002 241.50000000000003 1049.3950000000002 20.500000000000004 -57.42499999999999 18.750000000000004 0 1 18.000000000000004 2756.4200000000005 171.50000000000003 2 22.665000000000003 16.500000000000004 2756.4200000000005 186.33000000000001 160.68000000000004 161.35520833333337 19.500000000000004 561.5200000000001 3 85.123579179629644
decision_type=2 2 10 2 10 2 1 1 2 2 2 1 2 2 2 2 2 2 2 2 1 2
left_child=15 3 -3 4 5 -2 8 9 12 -8 -9 -12 -6 -13 -15 -1 17 18 21 -20 -21 -17
right_child=1 2 -4 -5 6 -7 7 10 -10 -11 11 13 -14 14 -16 16 -18 -19 19 20 -22 -23
leaf_value=0.069061240232292986 -10.486054453482305 36.411554665646314 -0.87557915459181124 -37.493068941490989 17.817086118062335 36.623306038734761 -17.868322286253626 1.945437596916447 -14.604002396156048 -40.904953430039541 0.62044152599270064 -3.1807451791763302 -1.5947170387124114 -14.768996120250129 -24.846376212366511 -1.1264724200267833 -0.071184273864212569 -15.985547684293042 -0.4248619080238244 -5.6605553037837399 32.967323503872244 -5.9494894044844164
leaf_weight=541504 131 116 188 110 160 139 174 167 172 124 165 118 104 252 176 7008 73468 188 2904 106 152 2102
leaf_count=541504 131 116 188 110 160 139 174 167 172 124 165 118 104 252 176 7008 73468 188 2904 106 152 2102
internal_value=-0.000507847 -5.45669 13.4974 -8.35992 -6.61913 13.8575 -10.0618 -13.8181 0.393374 -26.7705 -9.12031 -11.8455 10.2155 -15.3327 -19.0093 0.0194756 -0.292999 -1.60067 -1.37773 1.10747 18.2258 -2.24038
internal_weight=629728 2296 304 1992 1882 270 1612 1176 436 298 878 711 264 546 428 627432 85928 12460 12272 3162 258 9110
internal_count=629728 2296 304 1992 1882 270 1612 1176 436 298 878 711 264 546 428 627432 85928 12460 12272 3162 258 9110
cat_boundaries=0 1 2 3 4
cat_threshold=8 1 16 28
is_linear=0
shrinkage=0.045


Tree=39
num_leaves=23
num_cat=4
split_feature=13 2 18 1 17 1 4 5 1 1 8 2 4 12 1 8 8 14 9 1 8 4
split_gain=3.09568e+07 5.71378e+07 4.93169e+07 4.54039e+07 6.00138e+07 6.83303e+07 2.86342e+07 3.04189e+07 2.93102e+07 4.5688e+07 1.68972e+07 1.16366e+07 1.40706e+07 1.04885e+07 6.77792e+06 5.95308e+06 4.37475e+06 1.121e+07 1.8002e+07 1.18884e+07 3.76249e+07 4.51104e+07
threshold=1040.3950000000002 241.50000000000003 360.28000000000009 20.500000000000004 -57.42499999999999 18.750000000000004 0 1 17.500000000000004 18.750000000000004 2756.4200000000005 171.50000000000003 2 1.5000000000000002 16.750000000000004 2756.4200000000005 186.33000000000001 160.68000000000004 161.35520833333337 19.500000000000004 561.5200000000001 3
decision_type=2 2 10 2 10 2 1 1 2 2 2 2 1 2 2 2 2 2 2 2 2 1
left_child=16 3 -3 4 5 -2 8 10 -6 -10 -8 -9 -13 15 -15 -14 -1 18 19 -18 -21 -22
right_child=1 2 -4 -5 6 -7 7 11 9 -11 -12 12 13 14 -16 -17 17 -19 -20 20 21 -23
leaf_value=0.065953494968923373 -10.021278002199374 29.498494757320508 -6.6845587007428557 -35.836009994489807 12.103294401103202 34.998634013520906 -17.073384696218103 1.8589289418621175 -32.306820824881584 8.4338323616981512 -39.093447901989727 0.59441446175009516 -15.125982505746663 -0.15673252690222955 -15.754828696795872 -28.116800996749127 -2.1396280512989208 -0.067981071509804203 -15.273770259844628 -0.40575626613480137 -3.7249204080755058 33.545929531967637
leaf_weight=541504 131 164 140 110 216 139 174 167 105 115 124 165 201 122 103 120 9110 73468 188 2904 120 138
leaf_count=541504 131 164 140 110 216 139 174 167 105 115 124 165 201 122 103 120 9110 73468 188 2904 120 138
internal_value=-0.000474954 -5.21388 12.9005 -7.98849 -6.32453 13.2426 -9.61424 -13.2036 0.375997 -11.1264 -25.5829 -8.71365 -11.3174 -14.6497 -7.37309 -20.1264 0.0186193 -0.279667 -1.52762 -1.31459 1.06229 17.4623
internal_weight=629728 2296 304 1992 1882 270 1612 1176 436 220 298 878 711 546 225 321 627432 85928 12460 12272 3162 258
internal_count=629728 2296 304 1992 1882 270 1612 1176 436 220 298 878 711 546 225 321 627432 85928 12460 12272 3162 258
cat_boundaries=0 1 2 3 4
cat_threshold=8 1 16 25
is_linear=0
shrinkage=0.045


Tree=40
num_leaves=23
num_cat=6
split_feature=15 2 1 14 2 1 16 1 2 9 5 4 7 12 4 5 16 5 1 4 9 15
split_gain=2.83265e+07 4.35235e+07 4.62948e+07 2.77232e+07 3.18342e+07 3.00979e+07 4.97914e+07 3.38277e+07 3.24655e+07 1.92818e+07 2.04872e+07 1.32108e+07 1.63859e+07 8.39684e+06 7.63179e+06 5.95545e+06 4.28475e+06 2.50004e+07 2.14254e+07 2.87343e+07 2.5153e+07 2.23849e+07
threshold=1049.3950000000002 171.50000000000003 18.500000000000004 650.61000000000001 241.50000000000003 18.750000000000004 1074.0050000000003 18.000000000000004 235.50000000000003 340.17437500000005 0 1 18.705000000000002 -1.4999999999999998 2 3 527.43500000000006 4 18.750000000000004 5 426.7600000000001 357.34000000000009
decision_type=10 2 2 2 2 2 10 2 2 2 1 1 2 2 1 1 10 1 2 1 2 10
left_child=16 2 -2 5 11 7 9 14 -8 -7 -11 12 -5 -13 -3 -14 -1 18 19 20 -18 -20
right_child=1 3 -4 4 -6 6 8 -9 -10 10 -12 13 15 -15 -16 -17 17 -19 21 -21 -22 -23
leaf_value=0.026310070590536212 -5.6666173516171314 -17.459696185311604 25.366955260084225 14.376438442527268 16.318192796601526 -1.0406867497184058 -6.3524325270002535 -36.434429689570443 28.284739711241286 -7.2840448944685878 -36.829938316970576 -3.1042850171602692 1.7173314573216651 -15.552236992770975 -2.0072096177979426 -13.460713220919882 -0.99342040373520413 -5.6377789773792024 2.8994801323819233 -3.4704042205425951 26.480514157738003 29.069719191726882
leaf_weight=624260 208 160 180 120 156 108 108 180 108 110 110 180 100 284 124 100 130 1566 159 1027 138 112
leaf_count=624260 208 160 180 120 156 108 108 180 108 110 110 180 100 284 124 100 130 1566 159 1027 138 112
internal_value=-0.000446235 -4.94445 8.78666 -7.6856 -2.11887 -12.8623 -5.64804 -21.2599 11.0668 -16.6557 -24.2428 -5.81966 1.32129 -10.5313 -11.4547 -6.51118 0.0179777 -1.64176 2.37716 -0.0228292 12.7719 13.849
internal_weight=629728 2336 388 1948 940 1008 544 464 216 328 220 784 320 464 284 200 627392 3132 1566 1295 268 271
internal_count=629728 2336 388 1948 940 1008 544 464 216 328 220 784 320 464 284 200 627392 3132 1566 1295 268 271
cat_boundaries=0 1 2 3 4 5 6
cat_threshold=3 8 80 3 12 8
is_linear=0
shrinkage=0.045


Tree=41
num_leaves=23
num_cat=3
split_feature=15 2 1 14 2 1 16 1 2 4 4 7 12 9 5 14 9 14 10 0 13 2
split_gain=2.60177e+07 3.98236e+07 4.22647e+07 2.54313e+07 2.90826e+07 2.741e+07 4.56909e+07 3.08014e+07 2.96601e+07 1.78901e+07 1.2022e+07 1.50074e+07 7.66244e+06 7.2829e+06 5.4865e+06 3.95157e+06 3.93645e+06 1.89774e+07 2.27713e+07 2.16946e+07 1.536e+07 7.00872e+07
threshold=1049.3950000000002 171.50000000000003 18.500000000000004 650.61000000000001 241.50000000000003 18.750000000000004 1074.0050000000003 18.000000000000004 235.50000000000003 0 1 18.705000000000002 -1.4999999999999998 713.58000000000015 2 167.31500000000003 78.490000000000023 232.60000000000002 345.98309967211878 3.7263551950454716 259.76000000000005 247.50000000000003
decision_type=10 2 2 2 2 2 10 2 2 1 1 2 2 2 1 2 2 2 2 2 2 2
left_child=16 2 15 5 10 7 9 13 -8 -7 11 -5 -12 -3 -13 -2 -1 18 19 -18 -19 -22
right_child=1 3 -4 4 -6 6 8 -9 -10 -11 12 14 -14 -15 -16 -17 17 20 -20 -21 21 -23
leaf_value=0.047403566360272167 0.8029712941511622 -4.7155056477957462 24.237985675743897 13.740104311313784 15.593168705790481 -24.227705048708355 -6.0717702954574069 -34.812897045245535 27.035069039778275 -2.233160645542918 -2.9661272330336517 1.6483319143205881 -14.857280255331027 -19.314461491068855 -12.919881191636835 -11.528915484828769 -2.5863886382406647 -0.29443977487195083 -19.719270740979677 15.712825791408765 0.60921935624894108 21.265570634648121
leaf_weight=585284 104 164 180 120 156 192 108 180 108 136 180 100 284 120 100 104 6328 32116 152 132 3008 372
leaf_count=585284 104 164 180 120 156 192 108 180 108 136 180 100 284 120 100 104 6328 32116 152 132 3008 372
internal_value=-0.000488026 -4.73872 8.3958 -7.36077 -2.02911 -12.3189 -5.43406 -20.3328 10.5778 -15.9787 -5.56633 1.24662 -10.061 -10.976 -6.24957 -5.41405 0.0171691 -0.403059 -2.61613 -2.20773 0.00930354 2.89387
internal_weight=629728 2336 388 1948 940 1008 544 464 216 328 784 320 464 284 200 208 627392 42108 6612 6460 35496 3380
internal_count=629728 2336 388 1948 940 1008 544 464 216 328 784 320 464 284 200 208 627392 42108 6612 6460 35496 3380
cat_boundaries=0 1 2 3
cat_threshold=56 8 3
is_linear=0
shrinkage=0.045


Tree=42
num_leaves=23
num_cat=8
split_feature=15 2 2 2 4 7 8 5 17 5 5 18 4 16 5 1 4 9 15 4 16 15
split_gain=2.38251e+07 3.63915e+07 4.04704e+07 2.33716e+07 2.68929e+07 1.454e+07 2.06358e+07 8.82678e+06 8.22132e+06 4.07602e+07 3.28112e+07 3.96115e+07 1.3183e+07 4.32546e+06 2.28221e+07 1.98014e+07 2.58069e+07 2.36424e+07 2.03642e+07 1.37008e+07 1.32379e+07 1.30024e+07
threshold=1049.3950000000002 171.50000000000003 169.50000000000003 241.50000000000003 0 17.735000000000003 2756.4200000000005 1 383.40000000000015 2 3 -28.249999999999993 4 527.43500000000006 5 18.750000000000004 6 426.7600000000001 357.34000000000009 7 1074.0050000000003 357.34000000000009
decision_type=10 2 2 2 1 2 2 1 10 1 1 10 1 10 1 2 1 2 10 1 10 10
left_child=13 2 7 5 -5 6 -3 -2 10 -10 -7 12 -12 -1 15 16 17 -15 -17 20 -16 -21
right_child=1 3 -4 4 -6 8 -8 -9 9 -11 11 -13 -14 14 19 18 -18 -19 -20 21 -22 -23
leaf_value=0.02477052212059614 4.7030549999645777 -9.3873960309222273 25.222026998019878 15.009903861433267 -10.802413330748676 7.8264280662023813 8.5470612185025949 -12.304128520829337 -1.8867487854817335 -31.424057794323957 4.1172008076667783 -34.353450171571026 -13.411433815670012 -1.3449398023939945 -3.5319001433876425 2.7736292929477666 -3.3838946145781534 25.285862611974988 27.73487858712085 -3.5819494047580434 15.710699892044067 -12.863786638794588
leaf_weight=624260 114 392 160 180 132 167 192 114 192 192 138 150 213 130 218 159 1027 138 112 696 106 546
leaf_count=624260 114 392 160 180 132 167 192 114 192 192 138 150 213 130 218 159 1027 138 112 696 106 546
internal_value=-0.000498115 -4.53469 8.02111 -7.0412 4.22406 -9.19212 -3.48209 -4.16407 -12.3493 -17.6047 -9.28476 -14.8571 -6.79885 0.0163987 -1.6512 2.18945 -0.118256 12.0089 13.2173 -5.46883 2.73731 -7.61528
internal_weight=629728 2336 388 1948 312 1636 584 228 1052 384 668 501 351 627392 3132 1566 1295 268 271 1566 324 1242
internal_count=629728 2336 388 1948 312 1636 584 228 1052 384 668 501 351 627392 3132 1566 1295 268 271 1566 324 1242
cat_boundaries=0 1 2 3 4 5 6 7 8
cat_threshold=12 3 3 8 18 12 8 48
is_linear=0
shrinkage=0.045


Tree=43
num_leaves=23
num_cat=6
split_feature=15 2 1 14 2 1 16 1 2 4 4 7 4 12 5 16 18 1 4 4 12 2
split_gain=2.18212e+07 3.32147e+07 3.8388e+07 2.26075e+07 2.52268e+07 2.3516e+07 4.17456e+07 2.79642e+07 2.69006e+07 1.65161e+07 1.07658e+07 1.23137e+07 7.31777e+06 6.63472e+06 5.10349e+06 3.9407e+06 2.19747e+07 2.21467e+07 2.67131e+07 2.34018e+07 2.2931e+07 2.66206e+07
threshold=1049.3950000000002 171.50000000000003 18.500000000000004 650.61000000000001 241.50000000000003 18.750000000000004 1074.0050000000003 18.000000000000004 235.50000000000003 0 1 18.705000000000002 2 -1.4999999999999998 3 527.43500000000006 -8.3249999999999975 18.500000000000004 4 5 2.5000000000000004 227.50000000000003
decision_type=10 2 2 2 2 2 10 2 2 1 1 2 1 2 1 10 10 2 1 1 2 2
left_child=15 2 -2 5 10 7 9 12 -8 -7 11 -5 -3 -12 -13 -1 -17 19 -19 20 -18 -22
right_child=1 3 -4 4 -6 6 8 -9 -10 -11 13 14 -14 -15 -16 16 17 18 -20 -21 21 -23
leaf_value=0.02365585678849226 -5.5031471447566789 -15.786366525583487 22.754334924797433 12.753622447740836 14.703965544489364 -23.034950124516204 -5.5870841520984058 -32.626417984634969 25.944360811276866 -1.9437713088860382 -2.654870895907119 2.1486333867481777 -0.90034042249707613 -13.718234260651199 -11.804896426945925 -13.031298913149273 -6.5120971697087331 22.930586179733275 0.054603755720728238 -5.7593457967722985 29.183866400157701 4.206175580103638
leaf_weight=624260 208 160 180 120 156 192 108 180 108 136 180 100 124 284 100 304 326 158 274 1398 100 572
leaf_count=624260 208 160 180 120 156 192 108 180 108 136 180 100 124 284 100 304 326 158 274 1398 100 572
internal_value=-0.000505579 -4.33983 7.65546 -6.73444 -1.708 -11.4091 -5.03207 -18.832 10.272 -15.1115 -5.00275 1.42904 -9.92203 -9.25757 -5.35397 0.015665 -1.57604 -0.3363 9.01801 -2.029 3.2229 7.99866
internal_weight=629728 2336 388 1948 940 1008 544 464 216 328 784 320 284 464 200 627392 3132 2828 432 2396 998 672
internal_count=629728 2336 388 1948 940 1008 544 464 216 328 784 320 284 464 200 627392 3132 2828 432 2396 998 672
cat_boundaries=0 1 2 3 4 5 6
cat_threshold=56 8 80 3 37 56
is_linear=0
shrinkage=0.045


Tree=44
num_leaves=23
num_cat=6
split_feature=15 2 2 14 2 1 16 4 16 1 4 7 5 5 12 5 18 16 16 7 4 1
split_gain=2.00093e+07 3.03731e+07 3.67989e+07 2.07028e+07 2.30452e+07 2.14607e+07 3.8638e+07 5.36231e+07 3.25297e+07 2.54666e+07 9.79995e+06 1.12762e+07 8.09737e+06 6.82093e+06 6.05446e+06 4.70162e+06 3.7539e+06 1.47748e+07 1.29623e+07 8.5737e+07 3.62194e+07 2.41623e+07
threshold=1049.3950000000002 171.50000000000003 169.50000000000003 650.61000000000001 241.50000000000003 18.750000000000004 527.43500000000006 0 1074.0050000000003 18.000000000000004 1 18.705000000000002 2 3 -1.4999999999999998 4 41.965000000000003 527.43500000000006 349.74500000000006 17.305000000000003 5 17.000000000000004
decision_type=10 2 2 2 2 2 10 1 10 2 1 2 1 1 2 1 10 10 10 2 1 2
left_child=16 2 12 5 10 9 -7 -8 -9 13 11 -5 -2 -3 -12 -13 17 18 -1 -20 -21 -22
right_child=1 3 -4 4 -6 6 7 8 -10 -11 14 15 -14 -15 -16 -17 -18 -19 19 20 21 -23
leaf_value=0.030707881299663495 4.231031679085322 -1.6977374676295687 23.717688456442623 12.189118910773855 14.050663354747657 -25.019860239532633 -18.075782211153971 -1.7075082900875904 30.522674626894847 -31.17436359133039 -2.5367146404202168 2.0623046015202999 -12.083715956147227 -15.958207945328253 -13.105230637230237 -11.330592439834561 -0.68724163486068279 -8.9573837103666492 -12.46916780192071 4.2332754099632011 48.70195267803264 17.636007327223723
leaf_weight=611292 114 142 160 120 156 140 152 120 132 180 180 100 114 142 284 100 15044 368 288 192 104 104
leaf_count=611292 114 142 160 120 156 140 152 120 132 180 180 100 114 142 284 100 15044 368 288 192 104 104
internal_value=-0.000507789 -4.15577 7.31494 -6.44565 -1.63561 -10.9191 -4.82697 2.25935 14.7035 -18.0102 -4.78467 1.35248 -4.30191 -9.50705 -8.84407 -5.13885 0.0149769 0.032231 0.037666 6.20196 19.6403 31.9628
internal_weight=629728 2336 388 1948 940 1008 544 404 252 464 784 320 228 284 464 200 627392 612348 611980 688 400 208
internal_count=629728 2336 388 1948 940 1008 544 404 252 464 784 320 228 284 464 200 627392 612348 611980 688 400 208
cat_boundaries=0 1 2 3 4 5 6
cat_threshold=98 8 3 12 3 41
is_linear=0
shrinkage=0.045


Tree=45
num_leaves=23
num_cat=5
split_feature=15 1 1 4 5 18 14 12 17 4 1 5 1 9 12 4 8 14 10 0 9 8
split_gain=1.83587e+07 2.8855e+07 1.12129e+08 6.43067e+07 3.32366e+07 3.26369e+07 2.89044e+07 2.40015e+07 2.24933e+07 3.7732e+07 3.83534e+07 3.66808e+07 2.01814e+07 3.14782e+07 1.46168e+07 7.18382e+06 3.50938e+06 9.75753e+06 1.89611e+07 1.90788e+07 1.31195e+07 1.16311e+07
threshold=1049.3950000000002 20.500000000000004 20.000000000000004 0 1 -83.735000000000014 586.81000000000006 -1.4999999999999998 383.40000000000015 2 18.750000000000004 3 17.500000000000004 426.7600000000001 2.5000000000000004 4 193.34500000000003 167.31500000000003 345.98309967211878 3.7263551950454716 161.35520833333337 561.5200000000001
decision_type=10 2 2 1 1 10 2 2 10 1 2 1 2 2 2 1 2 2 2 2 2 2
left_child=16 2 4 -4 5 -2 -7 -3 9 10 11 -6 14 -14 -10 -9 -1 18 19 20 21 -18
right_child=1 7 3 -5 8 6 -8 15 12 -11 -12 -13 13 -15 -16 -17 17 -19 -20 -21 -22 -23
leaf_value=0.055982939580563981 -3.1966653897965345 -2.7173845218967747 49.71179047975383 4.527695354937789 15.938374594746408 -45.417526464635671 -12.405568353807604 -29.80739632947104 14.600554622201358 -9.882246884191737 35.29255097039249 -16.40137326503622 -0.38549442683594132 -27.668746267619884 -8.48516781773235 -11.07488505939939 -1.573385418824264 -0.052906450888444742 -17.538249854510777 15.663484891208249 -14.637124747610093 4.6883321648629304
leaf_weight=544000 180 220 110 154 173 108 109 142 100 243 107 104 156 188 120 122 11464 70872 144 132 148 632
leaf_count=544000 180 220 110 154 173 108 109 142 100 243 107 104 156 188 120 122 11464 70872 144 132 148 632
internal_value=-0.000519312 -3.9807 -1.41815 25.6257 -5.94068 -17.0043 -29.1002 -13.74 -2.07061 3.77258 12.3559 3.74925 -8.59347 -15.3699 2.04534 -22.836 0.0143129 -0.257512 -1.41553 -1.22513 -1.40973 -1.2455
internal_weight=629728 2336 1852 264 1588 397 217 484 1191 627 384 277 564 344 220 264 627392 83392 12520 12376 12244 12096
internal_count=629728 2336 1852 264 1588 397 217 484 1191 627 384 277 564 344 220 264 627392 83392 12520 12376 12244 12096
cat_boundaries=0 1 2 3 4 5
cat_threshold=6 1 26 12 12
is_linear=0
shrinkage=0.045


Tree=46
num_leaves=23
num_cat=7
split_feature=15 1 1 4 5 18 14 12 17 4 1 5 1 9 12 4 18 16 5 16 7 4
split_gain=1.67545e+07 2.65694e+07 1.03055e+08 5.92119e+07 3.03539e+07 2.98192e+07 2.64068e+07 2.20772e+07 2.05133e+07 3.4505e+07 3.50492e+07 3.37216e+07 1.84276e+07 2.87373e+07 1.3354e+07 6.59137e+06 3.29629e+06 1.31302e+07 1.27419e+07 1.19881e+07 7.83956e+07 3.28188e+07
threshold=1049.3950000000002 20.500000000000004 20.000000000000004 0 1 -83.735000000000014 586.81000000000006 -1.4999999999999998 383.40000000000015 2 18.750000000000004 3 17.500000000000004 426.7600000000001 2.5000000000000004 4 41.965000000000003 527.43500000000006 5 349.74500000000006 17.305000000000003 6
decision_type=10 2 2 1 1 10 2 2 10 1 2 1 2 2 2 1 10 10 1 10 2 1
left_child=16 2 4 -4 5 -2 -7 -3 9 10 11 -6 14 -14 -10 -9 17 19 -18 -1 -21 -22
right_child=1 7 3 -5 8 6 -8 15 12 -11 -12 -13 13 -15 -16 -17 18 -19 -20 20 21 -23
leaf_value=0.028267251038407347 -3.0543960602925369 -2.5962038851106488 47.694796912709215 4.3386772812633625 15.267670861572833 -43.410898132974445 -11.857376427199387 -28.570583126018573 13.956412252538342 -9.4584726984080145 33.733526870307571 -15.739662632808603 -0.36836700204052497 -26.436758618003442 -8.1095942498181675 -10.621145232791331 0.66539510841160543 -8.4446984230118822 -1.9522334430019141 -11.890919101302993 4.132596136892543 30.544780032439665
leaf_weight=611292 180 220 110 154 173 108 109 142 100 243 107 104 156 188 120 122 7522 368 7522 288 192 208
leaf_count=611292 180 220 110 154 173 108 109 142 100 243 107 104 156 188 120 122 7522 368 7522 288 192 208
internal_value=-0.000502478 -3.80282 -1.34386 24.5827 -5.67956 -16.2525 -27.8145 -13.1676 -1.98108 3.59899 11.8073 3.57964 -8.21025 -14.6855 1.95578 -21.8914 0.0136669 0.0298352 -0.64436 0.0349588 5.96309 18.8132
internal_weight=629728 2336 1852 264 1588 397 217 484 1191 627 384 277 564 344 220 264 627392 612348 15044 611980 688 400
internal_count=629728 2336 1852 264 1588 397 217 484 1191 627 384 277 564 344 220 264 627392 612348 15044 611980 688 400
cat_boundaries=0 1 2 3 4 5 6 7
cat_threshold=6 1 26 12 12 12 41
is_linear=0
shrinkage=0.045


Tree=47
num_leaves=23
num_cat=6
split_feature=15 1 1 4 5 18 14 12 17 4 1 5 4 12 7 4 8 9 14 10 0 13
split_gain=1.52906e+07 2.44648e+07 9.47161e+07 5.45206e+07 2.77212e+07 2.72446e+07 2.41251e+07 2.03072e+07 1.87074e+07 3.15539e+07 3.20297e+07 3.10012e+07 1.73256e+07 1.08794e+07 7.46435e+06 6.04778e+06 5.24035e+06 3.1727e+06 1.5678e+07 1.70364e+07 2.00409e+07 1.34919e+07
threshold=1049.3950000000002 20.500000000000004 20.000000000000004 0 1 -83.735000000000014 586.81000000000006 -1.4999999999999998 383.40000000000015 2 18.750000000000004 3 4 1.0000000180025095e-35 22.665000000000003 5 3358.4600000000005 78.490000000000023 232.60000000000002 345.98309967211878 3.7263551950454716 259.76000000000005
decision_type=10 2 2 1 1 10 2 2 8 1 2 1 1 2 2 1 2 2 2 2 2 2
left_child=17 2 4 -4 5 -2 -7 -3 9 10 11 -6 16 -14 -15 -9 -10 -1 19 20 -19 -20
right_child=1 7 3 -5 8 6 -8 15 12 -11 -12 -13 13 14 -16 -17 -18 18 21 -21 -22 -23
leaf_value=0.040221135617269622 -2.9184590192548518 -2.4804271594898122 45.759639420431164 4.1575509787180343 14.625190472274213 -41.492925951004025 -11.333408430073712 -27.385089659009662 7.0764727444415323 -9.052871251681271 32.243371509062044 -15.104648669711475 -26.911142487342541 -0.38575073384793002 -16.954047690979365 -10.185995415111085 -6.2019785855137384 -2.3863779074922027 -0.27405624643478554 -17.169414838699552 15.20139647062145 2.7140894222264809
leaf_weight=585284 180 220 110 154 173 108 109 142 141 243 107 104 102 105 114 122 102 6328 32116 152 132 3380
leaf_count=585284 180 220 110 154 173 108 109 142 141 243 107 104 102 105 114 122 102 6328 32116 152 132 3380
internal_value=-0.000458522 -3.63287 -1.27334 23.5821 -5.42994 -15.534 -26.5855 -12.6191 -1.89543 3.43333 11.283 3.41764 -7.84412 -14.4345 -9.08572 -20.9858 1.43894 0.0130778 -0.364188 -2.3757 -2.02241 0.0106178
internal_weight=629728 2336 1852 264 1588 397 217 484 1191 627 384 277 564 321 219 264 243 627392 42108 6612 6460 35496
internal_count=629728 2336 1852 264 1588 397 217 484 1191 627 384 277 564 321 219 264 243 627392 42108 6612 6460 35496
cat_boundaries=0 1 2 3 4 5 6
cat_threshold=6 1 26 12 44 12
is_linear=0
shrinkage=0.045


Tree=48
num_leaves=23
num_cat=5
split_feature=15 2 1 2 4 7 8 14 14 2 5 18 1 1 16 5 1 4 9 15 4 17
split_gain=1.39616e+07 2.32214e+07 3.10624e+07 1.83913e+07 2.25554e+07 1.3784e+07 1.41545e+07 6.66618e+06 1.70402e+07 2.04694e+07 1.83673e+07 7.31385e+06 2.14203e+07 3.41004e+06 3.10493e+06 1.93502e+07 1.77723e+07 2.21112e+07 2.05357e+07 1.85503e+07 1.23803e+07 1.21105e+07
threshold=1049.3950000000002 175.50000000000003 18.250000000000004 241.50000000000003 0 17.735000000000003 2756.4200000000005 529.25500000000011 316.64000000000004 235.50000000000003 1 155.46500000000006 17.500000000000004 19.500000000000004 527.43500000000006 2 18.750000000000004 3 426.7600000000001 357.34000000000009 4 383.40000000000015
decision_type=10 2 2 2 1 2 2 2 2 2 1 10 2 2 10 1 2 1 2 10 1 10
left_child=14 2 -2 5 -5 6 13 8 9 -7 -11 -9 -13 -3 21 16 17 18 -16 -18 -17 -1
right_child=1 3 -4 4 -6 7 -8 11 -10 10 -12 12 -14 -15 15 20 19 -19 -20 -21 -22 -23
leaf_value=0.014575776240518822 -5.4197342801818218 -9.5876312130229433 19.59616306460531 14.323203047588468 -9.3426867744326589 -25.611633101802759 8.0671791800272832 -2.4037854146957396 -30.795128261341766 8.4581382982698194 -14.172915888910422 0.60170491373964707 -25.532056677158064 -0.52393048294128908 -1.2727905658835714 2.8728858648879187 2.6156071136392054 -3.0748112253968074 23.546458404728345 26.438696892386989 -6.9561121283139142 7.866762202187398
leaf_weight=623864 212 270 188 180 132 116 192 304 100 134 134 124 128 122 130 324 159 1027 138 112 1242 396
leaf_count=623864 212 270 188 180 132 116 192 304 100 134 134 124 128 122 130 324 159 1027 138 112 1242 396
internal_value=-0.000445651 -3.47141 6.37674 -5.51063 4.47359 -7.43193 -1.89039 -10.5341 -14.3984 -9.99101 -3.09021 -7.13066 -12.7691 -6.78376 0.012489 -1.40038 2.13491 -0.0510663 11.1732 12.5829 -4.91614 0.019582
internal_weight=629728 2336 400 1936 312 1624 584 1040 484 384 268 556 252 392 627392 3132 1566 1295 268 271 1566 624260
internal_count=629728 2336 400 1936 312 1624 584 1040 484 384 268 556 252 392 627392 3132 1566 1295 268 271 1566 624260
cat_boundaries=0 1 2 3 4 5
cat_threshold=12 10 12 8 48
is_linear=0
shrinkage=0.045


Tree=49
num_leaves=23
num_cat=5
split_feature=15 1 1 4 5 18 14 12 7 4 14 4 1 1 4 7 7 15 2 2 2 16
split_gain=1.27558e+07 2.39754e+07 8.53853e+07 4.93683e+07 2.49158e+07 2.4843e+07 2.19563e+07 1.84222e+07 1.73192e+07 4.14049e+07 2.4815e+07 1.58922e+07 2.20212e+07 1.51015e+07 5.40036e+06 5.07529e+06 3.54099e+06 3.12253e+06 3.29005e+07 1.60042e+07 5.65743e+07 4.09372e+07
threshold=1049.3950000000002 20.500000000000004 20.000000000000004 0 1 -83.735000000000014 529.25500000000011 -1.4999999999999998 18.705000000000002 2 296.40500000000003 3 17.500000000000004 17.500000000000004 4 16.375000000000004 22.885000000000002 357.34000000000009 211.50000000000003 225.50000000000003 231.50000000000003 349.74500000000006
decision_type=10 2 2 1 1 10 2 2 2 1 2 1 2 2 1 2 2 10 2 2 2 10
left_child=17 2 4 -4 5 -2 -7 -3 9 15 -11 12 -10 -13 -9 -6 -15 -1 -19 21 -21 -20
right_child=1 7 3 -5 8 6 -8 14 11 10 -12 13 -14 16 -16 -17 -18 18 19 20 -22 -23
leaf_value=0.020270959986907412 -2.4562791127752472 -2.5552605348664361 43.723316951188885 4.1067671236934435 12.473520956977469 -40.217491128791877 -11.389152004160618 -26.260216250218356 -14.129842628659429 -20.652037836415428 4.3921992572444548 -2.2099088292503182 11.49486522647994 -14.492499057879815 -9.8852325892092576 26.267783684752203 -26.867366807145892 -6.9412066912797465 -1.0287949761842328 -14.80535433665443 3.3858949237516907 17.508045730752439
leaf_weight=623092 180 220 110 154 120 101 116 142 109 138 186 151 173 102 122 108 104 1372 632 452 1456 388
leaf_count=623092 180 220 110 154 120 101 116 142 109 138 186 151 173 102 122 108 104 1372 632 452 1456 388
internal_value=-0.000434141 -3.31812 -0.982638 22.6164 -4.92942 -14.507 -25.0517 -12.2139 -1.58305 4.23407 -6.14748 -6.6304 1.50745 -12.7189 -20.1831 18.3801 -20.9383 0.0119293 -1.19627 1.4986 -0.934553 6.04294
internal_weight=629728 2336 1852 264 1588 397 217 484 1191 552 324 639 282 357 264 228 206 627392 4300 2928 1908 1020
internal_count=629728 2336 1852 264 1588 397 217 484 1191 552 324 639 282 357 264 228 206 627392 4300 2928 1908 1020
cat_boundaries=0 1 2 3 4 5
cat_threshold=6 1 10 53 12
is_linear=0
shrinkage=0.045


Tree=50
num_leaves=23
num_cat=6
split_feature=15 1 1 4 5 4 12 7 4 14 4 1 18 1 4 7 7 18 16 17 2 2
split_gain=1.16365e+07 2.20739e+07 7.84756e+07 4.54575e+07 2.2761e+07 2.28739e+07 1.69464e+07 1.58265e+07 3.78232e+07 2.2661e+07 1.45148e+07 2.01124e+07 1.42577e+07 1.37986e+07 4.95474e+06 4.6375e+06 3.23507e+06 3.0084e+06 1.11745e+07 1.11551e+07 8.08695e+07 1.69198e+07
threshold=1049.3950000000002 20.500000000000004 20.000000000000004 0 1 2 -1.4999999999999998 18.705000000000002 3 296.40500000000003 4 17.500000000000004 -274.99999999999994 17.500000000000004 5 16.375000000000004 22.885000000000002 41.965000000000003 527.43500000000006 383.40000000000015 231.50000000000003 213.50000000000003
decision_type=10 2 2 1 1 1 2 2 1 2 1 2 10 2 1 2 2 10 10 10 2 2
left_child=17 2 4 -4 5 -2 -3 8 15 -10 11 -9 -7 -12 -8 -6 -15 18 19 -1 21 -21
right_child=1 6 3 -5 7 12 14 10 9 -11 13 -13 -14 16 -16 -17 -18 -19 -20 20 -22 -23
leaf_value=0.026663785194477742 -31.235744909911318 -2.4413096383133448 41.949299082521527 3.9353218385541293 11.921414389922971 4.8510313817495252 -25.170587530755377 -13.505456957430452 -19.735972254216669 4.196652967920329 -2.111763332591337 10.983507980091231 -15.19861600793641 -13.852878114443559 -9.4802331049940474 25.107225590879267 -25.681147218380332 -0.61724361175978071 -7.7911472786664957 2.8004448600273864 33.106893881265215 -20.784132068517884
leaf_weight=611584 104 220 110 154 120 121 142 109 138 186 151 173 172 102 122 108 104 15044 368 128 152 116
leaf_count=611584 104 220 110 154 120 121 142 109 138 186 151 173 172 102 122 108 104 15044 368 128 152 116
internal_value=-0.000416331 -3.1692 -0.928264 21.6958 -4.712 -13.8661 -11.7049 -1.51359 4.04719 -5.87519 -6.33852 1.4388 -6.71437 -12.1572 -19.3482 17.5675 -20.0139 0.0113922 0.0268384 0.031565 7.56279 -8.48971
internal_weight=629728 2336 1852 264 1588 397 484 1191 552 324 639 282 293 357 264 228 206 627392 612348 611980 396 244
internal_count=629728 2336 1852 264 1588 397 484 1191 552 324 639 282 293 357 264 228 206 627392 612348 611980 396 244
cat_boundaries=0 1 2 3 4 5 6
cat_threshold=6 1 48 10 53 12
is_linear=0
shrinkage=0.045


Tree=51
num_leaves=23
num_cat=4
split_feature=15 1 1 7 5 18 14 12 17 4 5 17 1 9 12 2 8 14 1 13 4 13
split_gain=1.06546e+07 2.02951e+07 7.21725e+07 4.4588e+07 2.09064e+07 2.12172e+07 1.9714e+07 1.55888e+07 1.47154e+07 2.74534e+07 2.76446e+07 2.42288e+07 1.63373e+07 2.10598e+07 1.13621e+07 4.78185e+06 2.84432e+06 8.26277e+06 1.48336e+07 3.53553e+07 5.95803e+07 2.0417e+07
threshold=1049.3950000000002 20.500000000000004 20.000000000000004 18.055000000000003 0 -83.735000000000014 586.81000000000006 -1.4999999999999998 383.40000000000015 1 2 25.024999999999999 17.500000000000004 426.7600000000001 2.5000000000000004 235.50000000000003 193.34500000000003 160.68000000000004 19.500000000000004 518.1450000000001 3 211.14500000000004
decision_type=10 2 2 2 1 10 2 2 10 1 1 10 2 2 2 2 2 2 2 2 1 2
left_child=16 2 4 -4 5 -2 -7 -3 9 10 11 -6 14 -14 -10 -9 -1 18 21 -20 -21 -18
right_child=1 7 3 -5 8 6 -8 15 12 -11 -12 -13 13 -15 -16 -17 17 -19 19 20 -22 -23
leaf_value=0.048394917105397423 -2.1474543568352749 -2.3324404636589255 44.184283657634957 6.2009637074935497 5.4627742454409596 -36.496581321196125 -9.2645162456100039 -13.139729273502644 13.905442293952492 -8.369994608107735 -6.2704770764197617 33.154251735725182 -0.55974463824984388 -22.879070874490235 -6.4526727988876269 -25.749440894467487 -0.7004826165507374 -0.05492224825849977 -0.45786873710626319 -1.8587761764590802 34.419478980776773 -5.3272051541201542
leaf_weight=544000 180 220 100 164 126 108 109 154 100 243 128 130 156 188 120 110 5560 71920 2590 210 154 2958
leaf_count=544000 180 220 100 164 126 108 109 154 100 243 128 130 156 188 120 110 5560 71920 2590 210 154 2958
internal_value=-0.000418852 -3.03257 -0.883829 20.8126 -4.51244 -13.2856 -23.0273 -11.2172 -1.44718 3.28041 10.6003 18.9388 -6.72144 -12.8193 2.84292 -18.5479 0.0108805 -0.233836 -1.35527 1.39181 14.4836 -2.30805
internal_weight=629728 2336 1852 264 1588 397 217 484 1191 627 384 256 564 344 220 264 627392 83392 11472 2954 364 8518
internal_count=629728 2336 1852 264 1588 397 217 484 1191 627 384 256 564 344 220 264 627392 83392 11472 2954 364 8518
cat_boundaries=0 1 2 3 4
cat_threshold=1 26 12 88
is_linear=0
shrinkage=0.045


Tree=52
num_leaves=23
num_cat=4
split_feature=15 1 18 1 14 4 16 8 12 18 8 4 2 0 8 8 7 4 2 17 5 7
split_gain=9.95725e+06 3.37224e+07 6.76324e+07 4.36277e+07 4.75467e+07 4.47743e+07 4.21471e+07 4.47219e+07 4.05972e+07 4.43051e+07 4.42518e+07 3.90117e+07 3.58811e+07 3.12545e+07 2.61393e+07 2.39752e+07 3.51098e+07 2.39417e+07 2.32938e+07 1.69317e+07 1.62818e+07 1.45651e+07
threshold=357.34000000000009 18.750000000000004 155.46500000000006 20.500000000000004 250.14500000000001 0 119.07000000000001 1980.6000000000001 1.5000000000000002 155.46500000000006 2581.0000000000005 1 247.50000000000003 3.7263551950454716 2581.0000000000005 935.97000000000014 22.885000000000002 2 235.50000000000003 99.695000000000007 3 16.705000000000002
decision_type=10 2 10 2 2 1 10 2 2 10 2 1 2 2 2 2 2 1 2 10 1 2
left_child=-1 8 3 4 5 12 21 -8 10 11 -2 14 -3 -5 -10 -7 -17 18 -11 -12 -19 -6
right_child=1 2 -4 13 6 15 7 -9 9 17 19 -13 -14 -15 -16 16 -18 20 -20 -21 -22 -23
leaf_value=0.018081249590338157 -6.7703733423204087 -0.12529855851773863 31.99675831081198 -3.6764538681746193 15.62052078290419 -1.9976047924973748 8.9335331128438309 46.073771397796541 40.118354096432199 19.800561889941875 -14.490185306590536 -2.0312875512729991 25.960233309390773 -28.320708105159657 9.4928632223822849 -43.234545702147251 -5.6707545754488775 3.0111385637872359 -6.9584015733003612 -38.796785676162692 -14.643372740951078 0.52376957547315894
leaf_weight=623092 1547 484 137 1516 196 174 133 130 120 128 113 208 135 110 108 101 100 141 132 126 423 374
leaf_count=623092 1547 484 137 1516 196 174 133 130 120 128 113 208 135 110 108 101 100 141 132 126 423 374
internal_value=-0.00038787 -1.73404 1.22072 -0.0181499 4.75127 -1.89508 12.6677 27.501 -5.21503 0.970091 -9.57476 12.5383 5.53987 -5.3764 24.7444 -13.91 -24.7861 -5.16648 6.03547 -27.5202 -10.259 5.7514
internal_weight=629728 6636 3590 3453 1827 994 833 263 3046 1260 1786 436 619 1626 228 375 201 824 260 239 564 570
internal_count=629728 6636 3590 3453 1827 994 833 263 3046 1260 1786 436 619 1626 228 375 201 824 260 239 564 570
cat_boundaries=0 1 2 3 4
cat_threshold=76 24 8 4
is_linear=0
shrinkage=0.045


Tree=53
num_leaves=23
num_cat=5
split_feature=15 1 18 5 12 18 8 12 4 13 7 2 4 2 8 17 17 5 4 16 2 0
split_gain=9.08619e+06 3.07908e+07 6.17646e+07 4.05272e+07 3.70376e+07 4.04738e+07 4.04384e+07 3.77046e+07 3.04432e+07 3.49623e+07 6.81449e+07 1.11878e+08 2.18778e+07 2.12751e+07 2.01407e+07 1.65143e+07 1.54633e+07 1.49014e+07 1.48213e+07 2.29239e+07 4.30362e+07 1.79682e+07
threshold=357.34000000000009 18.750000000000004 155.46500000000006 0 1.5000000000000002 155.46500000000006 2581.0000000000005 2.5000000000000004 1 518.1450000000001 18.105000000000004 235.50000000000003 2 235.50000000000003 1021.4750000000001 -293.14499999999992 99.695000000000007 3 4 226.84500000000006 237.50000000000003 3.7263551950454716
decision_type=10 2 10 1 2 10 2 2 1 2 2 2 1 2 2 10 10 1 1 10 2 2
left_child=-1 4 3 8 6 7 -2 -6 9 -3 -11 -12 13 -7 -10 -16 -8 -14 21 -20 -21 -5
right_child=1 2 -4 18 5 12 16 -9 14 10 11 -13 17 -15 15 -17 -18 -19 19 20 -22 -23
leaf_value=0.017267597420142253 -6.4660999384462787 3.2199485165715731 30.577622022834614 -6.1369270778338425 3.1938350696774087 18.923244940390951 -13.849467224369878 31.87086400145915 5.5413948161270596 49.936301085888331 -20.603946668654679 41.920516955177739 2.8862651118110207 -6.6499462187823966 -1.3024605738405477 -20.037186776947976 -37.078208779119883 -14.002598872191433 -5.6404792347516945 -2.9241659590478881 32.061063501767393 -23.875909405259897
leaf_weight=623092 1547 462 137 504 304 128 113 132 462 116 126 104 141 132 262 148 126 423 800 216 104 149
leaf_count=623092 1547 462 137 504 304 128 113 132 462 116 126 104 141 132 262 148 126 423 800 216 104 149
internal_value=-0.0003752 -1.65646 1.16695 -0.0169662 -4.9827 0.925045 -9.14692 11.9818 4.97316 11.2107 22.1229 7.78564 -4.9402 5.76812 -0.88034 -8.12968 -26.3017 -9.80822 -4.74689 -1.55712 8.57455 -10.091
internal_weight=629728 6636 3590 3453 3046 1260 1786 436 1680 808 346 230 824 260 872 410 239 564 1773 1120 320 653
internal_count=629728 6636 3590 3453 3046 1260 1786 436 1680 808 346 230 824 260 872 410 239 564 1773 1120 320 653
cat_boundaries=0 1 2 3 4 5
cat_threshold=3 14 8 4 24
is_linear=0
shrinkage=0.045


Tree=54
num_leaves=23
num_cat=5
split_feature=15 1 18 1 14 4 4 10 12 18 8 4 2 0 8 7 8 7 4 2 17 5
split_gain=8.28599e+06 2.81235e+07 5.6402e+07 3.70371e+07 4.25792e+07 3.90698e+07 3.72621e+07 5.37156e+07 3.37898e+07 3.69732e+07 3.69535e+07 3.48935e+07 3.21097e+07 2.75414e+07 2.41497e+07 2.24155e+07 2.07643e+07 3.12119e+07 1.99919e+07 1.94314e+07 1.41222e+07 1.36381e+07
threshold=357.34000000000009 18.750000000000004 155.46500000000006 20.500000000000004 250.14500000000001 0 1 477.57249715564927 1.5000000000000002 155.46500000000006 2581.0000000000005 2 247.50000000000003 3.7263551950454716 2581.0000000000005 21.765000000000004 935.97000000000014 22.885000000000002 3 235.50000000000003 99.695000000000007 4
decision_type=10 2 10 2 2 1 1 2 2 10 2 1 2 2 2 2 2 2 1 2 10 1
left_child=-1 8 3 4 5 12 7 -6 10 11 -2 14 -3 -5 -10 -8 -7 -18 19 -11 -12 -20
right_child=1 2 -4 13 6 16 15 -9 9 18 20 -13 -14 -15 -16 -17 17 -19 21 -21 -22 -23
leaf_value=0.016490558875468835 -6.1755011771877939 -0.32269908348719278 29.221427465205569 -3.3561790031165235 9.5878140213248439 -2.0475342675366184 0.00098619628007133716 49.173364408591695 37.735843022651359 18.08479929938683 -13.237079977294671 -2.2919160534251817 24.353087832040156 -26.489888405288966 8.3223031849427649 22.73853799646551 -40.65169742547193 -5.2372611724629117 2.7665700068193324 -6.3551658248545522 -35.435760390982033 -13.389864520385347
leaf_weight=623092 1547 484 137 1516 176 174 435 114 120 128 113 208 135 110 108 108 101 100 141 132 126 423
leaf_count=623092 1547 484 137 1516 176 174 435 114 120 128 113 208 135 110 108 108 101 100 141 132 126 423
internal_value=-0.000357458 -1.58184 1.11651 -0.014844 4.37959 -1.90979 11.8712 24.5389 -4.76075 0.882037 -8.7382 11.4498 5.03889 -4.95181 22.9968 4.50751 -13.131 -23.2578 -4.72382 5.51262 -25.1371 -9.37727
internal_weight=629728 6636 3590 3453 1827 994 833 290 3046 1260 1786 436 619 1626 228 543 375 201 824 260 239 564
internal_count=629728 6636 3590 3453 1827 994 833 290 3046 1260 1786 436 619 1626 228 543 375 201 824 260 239 564
cat_boundaries=0 1 2 3 4 5
cat_threshold=76 6 24 8 4
is_linear=0
shrinkage=0.045


Tree=55
num_leaves=23
num_cat=4
split_feature=15 1 18 5 12 18 12 8 4 13 7 2 4 8 2 17 4 16 2 0 17 18
split_gain=7.55939e+06 2.56825e+07 5.15071e+07 3.48084e+07 3.08262e+07 3.37742e+07 3.38402e+07 3.3769e+07 2.56413e+07 3.00812e+07 6.10371e+07 1.00936e+08 1.82685e+07 1.78484e+07 1.77474e+07 1.4005e+07 1.31015e+07 2.35268e+07 2.23151e+07 1.48482e+07 1.28974e+07 1.27886e+07
threshold=357.34000000000009 18.750000000000004 155.46500000000006 0 1.5000000000000002 155.46500000000006 2.5000000000000004 2581.0000000000005 1 518.1450000000001 18.105000000000004 235.50000000000003 2 1021.4750000000001 235.50000000000003 -293.14499999999992 3 226.84500000000006 227.50000000000003 3.7263551950454716 99.695000000000007 -274.99999999999994
decision_type=10 2 10 1 2 10 2 2 1 2 2 2 1 2 2 10 1 10 2 2 10 8
left_child=21 4 3 8 7 6 -6 -2 9 -3 -11 -12 14 -10 -7 -15 17 -5 -19 -18 -9 -1
right_child=1 2 -4 16 5 12 -8 20 13 10 11 -13 -14 15 -16 -17 19 18 -20 -21 -22 -23
leaf_value=8.1619740501602109 -5.8979623888210284 2.9234455820455629 27.92538329792966 -5.3846440218197733 2.6187337171330172 17.283503569419569 29.782869844383267 -12.65177075050188 5.2841891447326228 46.778379899121944 -20.067550110518933 39.31872866540585 -8.9652494290811582 -1.2974026833635499 -6.0734517066158462 -18.551101843214035 -5.4941790989204833 -0.12542720739261523 25.236900757237485 -20.523484195518492 -33.866066613793372 0.010646465452749462
leaf_weight=388 1547 462 137 738 304 128 132 113 462 116 126 104 564 262 132 148 567 183 112 173 126 622704
leaf_count=388 1547 462 137 738 304 128 132 113 462 116 126 104 564 262 132 148 567 183 112 173 126 622704
internal_value=-0.000343881 -1.5109 1.06769 -0.0134533 -4.54872 0.84094 10.9412 -8.34774 4.6112 10.3359 20.4569 6.89284 -4.51691 -0.761669 5.26843 -7.58539 -4.39699 -1.08214 9.60876 -8.93324 -24.0241 0.0157485
internal_weight=629728 6636 3590 3453 3046 1260 436 1786 1680 808 346 230 824 872 260 410 1773 1033 295 740 239 623092
internal_count=629728 6636 3590 3453 3046 1260 436 1786 1680 808 346 230 824 872 260 410 1773 1033 295 740 239 623092
cat_boundaries=0 1 2 3 4
cat_threshold=3 14 8 71
is_linear=0
shrinkage=0.045


Tree=56
num_leaves=23
num_cat=3
split_feature=15 1 1 1 14 2 7 9 10 0 4 7 2 14 14 9 4 17 4 7 2 2
split_gain=6.89264e+06 2.38779e+07 4.43e+07 4.1385e+07 5.6755e+07 8.81283e+07 6.85013e+07 4.38669e+07 3.89852e+07 2.43916e+07 2.28412e+07 4.48084e+07 2.98004e+07 2.56183e+07 4.47604e+07 2.05806e+07 2.03257e+07 2.89398e+07 4.26842e+07 2.71773e+07 1.96705e+07 1.75847e+07
threshold=357.34000000000009 18.500000000000004 18.000000000000004 20.500000000000004 421.83000000000004 239.50000000000003 20.110000000000003 541.92354166666678 601.64789791566147 3.7263551950454716 0 22.665000000000003 227.50000000000003 1012.6650000000001 529.25500000000011 182.26562500000003 1 383.40000000000015 2 19.395000000000003 227.50000000000003 237.50000000000003
decision_type=10 2 2 2 2 2 2 2 2 2 1 2 2 2 2 2 1 10 1 2 2 2
left_child=-1 2 10 4 16 7 -7 15 -4 -5 11 12 -2 14 -14 -6 19 21 -19 20 -3 -18
right_child=1 3 8 9 5 6 -8 -9 -10 -11 -12 -13 13 -15 -16 -17 17 18 -20 -21 -22 -23
leaf_value=0.015040980661436174 27.812013433029851 14.446796530599777 -6.2518652620911599 -3.0611469719354285 12.090793532761808 12.619123833880705 64.619029248555506 27.008140230178835 -32.836142305210231 -24.831446762776803 -5.3366409207705869 -9.3738974686304353 -6.1139496626573449 -9.2093138157856931 36.149301636709886 -8.6508180389739575 5.7146325263770459 -37.456201973983219 -1.3987267770767211 27.455060393469672 -12.396732150659721 -8.1402038793380438
leaf_weight=623092 164 102 270 1516 144 100 106 142 190 110 1524 316 100 152 100 286 526 100 178 110 116 284
leaf_count=623092 164 102 270 1516 144 100 106 142 190 110 1524 316 100 152 100 286 526 100 178 110 116 284
internal_value=-0.000325325 -1.44273 -4.58512 0.874947 4.90528 14.6526 39.7404 5.51044 -17.3269 -4.56262 -2.08474 3.88776 12.0891 4.64794 15.1664 -1.68097 -0.463333 -3.42875 -15.9316 9.16064 0.180238 0.848803
internal_weight=629728 6636 2816 3820 2194 778 206 572 460 1626 2356 832 516 352 200 430 1416 1088 278 328 218 810
internal_count=629728 6636 2816 3820 2194 778 206 572 460 1626 2356 832 516 352 200 430 1416 1088 278 328 218 810
cat_boundaries=0 1 2 3
cat_threshold=24 4 19
is_linear=0
shrinkage=0.045


Tree=57
num_leaves=23
num_cat=3
split_feature=15 1 1 1 14 2 16 9 10 0 4 7 2 14 14 9 4 17 4 16 2 2
split_gain=6.30564e+06 2.17609e+07 4.04465e+07 3.77234e+07 5.19452e+07 8.05162e+07 6.42021e+07 4.00549e+07 3.55929e+07 2.22881e+07 2.08605e+07 4.09107e+07 2.72027e+07 2.3566e+07 3.13507e+07 1.87892e+07 1.8621e+07 2.66403e+07 3.93303e+07 2.54312e+07 1.62275e+07 1.60463e+07
threshold=357.34000000000009 18.500000000000004 18.000000000000004 20.500000000000004 421.83000000000004 239.50000000000003 119.07000000000001 541.92354166666678 601.64789791566147 3.7263551950454716 0 22.665000000000003 227.50000000000003 1232.6000000000001 529.25500000000011 182.26562500000003 1 383.40000000000015 2 163.79500000000004 233.50000000000003 237.50000000000003
decision_type=10 2 2 2 2 2 10 2 2 2 1 2 2 2 2 2 1 10 1 10 2 2
left_child=-1 2 10 4 16 7 -7 15 -4 -5 11 12 -2 14 -14 -6 19 21 -19 -3 -21 -18
right_child=1 3 8 9 5 6 -8 -9 -10 -11 -12 -13 13 -15 -16 -17 17 18 -20 20 -22 -23
leaf_value=0.014364141552829114 26.575551686877585 -8.2825772426002899 -5.9725999964160081 -2.9235768335343528 11.554161347028327 12.229445384144782 62.538910260470409 25.809654779434204 -31.373907781988382 -23.733985167018005 -5.098368242159486 -8.9547252189213378 -5.8442166223946739 -11.229945013182503 27.5714411676847 -8.2642346007935696 5.4584482198907063 -35.951265414782931 -1.3397597903703389 6.351093902143381 31.097073507869943 -7.7764562931323384
leaf_weight=623092 164 112 270 1516 144 102 104 142 190 110 1524 316 100 124 128 286 526 100 178 116 100 284
leaf_count=623092 164 112 270 1516 144 102 104 142 190 110 1524 316 100 124 128 286 526 100 178 116 100 284
internal_value=-0.000333276 -1.37995 -4.3798 0.832602 4.68051 14.0056 37.9855 5.26724 -16.5548 -4.35884 -1.99065 3.71699 11.5536 4.44408 12.9921 -1.60461 -0.455561 -3.29373 -15.2896 8.75623 17.9878 0.810338
internal_weight=629728 6636 2816 3820 2194 778 206 572 460 1626 2356 832 516 352 228 430 1416 1088 278 328 216 810
internal_count=629728 6636 2816 3820 2194 778 206 572 460 1626 2356 832 516 352 228 430 1416 1088 278 328 216 810
cat_boundaries=0 1 2 3
cat_threshold=24 4 19
is_linear=0
shrinkage=0.045


Tree=58
num_leaves=23
num_cat=6
split_feature=15 1 18 5 12 8 18 12 4 13 7 2 4 17 2 5 4 18 1 4 16 2
split_gain=5.76959e+06 2.04086e+07 4.26451e+07 2.78309e+07 2.40072e+07 2.85859e+07 2.8076e+07 2.97397e+07 2.26809e+07 2.47548e+07 5.44093e+07 8.73132e+07 1.52741e+07 1.49984e+07 1.31639e+07 1.25535e+07 1.38025e+07 1.16692e+07 3.1532e+07 1.14444e+07 1.678e+07 3.44343e+07
threshold=357.34000000000009 18.750000000000004 155.46500000000006 0 1.5000000000000002 2756.4200000000005 155.46500000000006 2.5000000000000004 1 518.1450000000001 18.105000000000004 235.50000000000003 2 151.86500000000001 235.50000000000003 3 4 -274.99999999999994 19.500000000000004 5 226.84500000000006 237.50000000000003
decision_type=10 2 10 1 2 2 10 2 1 2 2 2 1 10 2 1 1 8 2 1 10 2
left_child=17 4 3 8 5 -2 7 -6 9 -3 -11 -12 14 -10 -8 -14 -17 18 -1 -5 -21 -22
right_child=1 2 -4 19 6 -7 12 -9 13 10 11 -13 15 -15 -16 16 -18 -19 -20 20 21 -23
leaf_value=-2.3021170196848466 -5.5165215942429375 2.7901005532990757 25.416850256954167 -8.6181182121594144 2.1375889808991375 -24.830403997724829 15.148816579947104 27.600149956567964 1.6836814738296306 43.54613944360765 -19.173556782156229 36.057992933021396 3.3497415775411263 -14.204090690016745 -4.9690656912504734 -23.143389815183784 -5.6323325154953396 0.0088441480721031009 23.981738677686455 -4.6181637557217403 -2.7410023074303198 28.552289484851762
leaf_weight=240 1616 462 137 653 304 170 128 132 730 116 126 104 141 142 132 144 279 622704 148 800 216 104
leaf_count=240 1616 462 137 653 304 170 128 132 730 116 126 104 141 142 132 144 279 622704 148 800 216 104
internal_value=-0.000341072 -1.32001 0.978613 -0.00514121 -4.02802 -7.38063 0.728325 9.93727 4.13005 9.51339 18.6965 5.89626 -4.15663 -0.919609 4.79225 -8.22373 -12.0675 0.0137178 7.79525 -3.92482 -1.12612 7.54349
internal_weight=629728 6636 3590 3453 3046 1786 1260 436 1680 808 346 230 824 872 260 564 423 623092 388 1773 1120 320
internal_count=629728 6636 3590 3453 3046 1786 1260 436 1680 808 346 230 824 872 260 564 423 623092 388 1773 1120 320
cat_boundaries=0 1 2 3 4 5 6
cat_threshold=3 14 8 4 48 24
is_linear=0
shrinkage=0.045


Tree=59
num_leaves=23
num_cat=8
split_feature=15 1 18 5 12 4 18 12 4 13 7 2 8 4 2 5 5 4 15 16 16 4
split_gain=5.27296e+06 1.8655e+07 3.89445e+07 2.54104e+07 2.18584e+07 2.67141e+07 2.56884e+07 2.71634e+07 2.07197e+07 2.26219e+07 4.96961e+07 7.9765e+07 1.44354e+07 1.39908e+07 1.20231e+07 1.16969e+07 1.15234e+07 1.26964e+07 1.13854e+07 1.26419e+07 1.12173e+07 1.11568e+07
threshold=357.34000000000009 18.750000000000004 155.46500000000006 0 1.5000000000000002 1 155.46500000000006 2.5000000000000004 2 518.1450000000001 18.105000000000004 235.50000000000003 1021.4750000000001 3 235.50000000000003 4 5 6 1049.3950000000002 275.89500000000004 1074.0050000000003 7
decision_type=10 2 10 1 2 1 10 2 1 2 2 2 2 1 2 1 1 1 10 10 10 1
left_child=-1 4 3 8 5 -2 7 -6 9 -3 -11 -12 -10 14 -8 20 -15 -18 19 -5 -7 -20
right_child=1 2 -4 18 6 15 13 -9 12 10 11 -13 -14 16 -16 -17 17 -19 21 -21 -22 -23
leaf_value=0.013103589528283246 -22.992202188000082 2.6650872242283716 24.289548293789512 -3.1377171047155552 2.0420262995888203 -6.1115753923149425 14.477607048862254 26.376681007146836 4.5559456716053957 41.619776417037187 -18.324227875918151 34.46599953444499 -7.0180527386600957 3.2108256931865919 -4.7487955412224157 -2.5956509628551014 -22.182048613291521 -5.3893293186653519 0.12277967426874867 9.866200983184676 -20.993157630443573 -12.838473415369446
leaf_weight=623092 180 462 137 980 304 293 128 132 462 116 126 104 410 141 132 1155 144 279 207 177 158 409
leaf_count=623092 180 462 137 980 304 293 128 132 462 116 126 104 410 141 132 1155 144 279 207 177 158 409
internal_value=-0.000336544 -1.26193 0.935718 -0.00438404 -3.85098 -7.05003 0.687518 9.4962 3.9469 9.09223 17.8708 5.63748 -0.879501 -3.98509 4.57996 -5.06239 -7.8775 -11.5602 -3.74975 -1.13476 -11.1486 -8.70244
internal_weight=629728 6636 3590 3453 3046 1786 1260 436 1680 808 346 230 872 824 260 1606 564 423 1773 1157 451 616
internal_count=629728 6636 3590 3453 3046 1786 1260 436 1680 808 346 230 872 824 260 1606 564 423 1773 1157 451 616
cat_boundaries=0 1 2 3 4 5 6 7 8
cat_threshold=3 8 14 8 1 4 48 67
is_linear=0
shrinkage=0.045


Tree=60
num_leaves=23
num_cat=5
split_feature=10 14 8 16 5 4 18 10 8 4 18 16 4 17 13 5 1 7 17 9 2 17
split_gain=4.86812e+06 3.29295e+07 2.2648e+07 1.33047e+07 2.11723e+07 2.07689e+07 1.46714e+07 1.3852e+07 2.02252e+07 8.90486e+06 4.88929e+06 4.49906e+07 1.04062e+07 2.87224e+07 4.17232e+07 3.29208e+07 1.46609e+07 1.15623e+07 9.12264e+06 4.81956e+06 5.92619e+07 2.44311e+08
threshold=345.98309967211878 529.25500000000011 1341.0800000000002 527.43500000000006 0 1 -132.29999999999995 601.64789791566147 2581.0000000000005 2 155.46500000000006 1074.0050000000003 3 383.40000000000015 1040.3950000000002 4 16.000000000000004 13.735000000000001 99.695000000000007 145.36270833333336 247.50000000000003 99.695000000000007
decision_type=2 2 2 10 1 1 10 2 2 1 10 10 1 10 2 1 2 2 10 2 2 10
left_child=2 3 19 5 6 -2 -5 -6 -9 -10 11 -3 13 15 -15 -12 -17 -14 -19 -1 -21 -22
right_child=1 10 -4 4 7 -7 -8 8 9 -11 12 -13 17 14 -16 16 -18 18 -20 20 21 -23
leaf_value=0.00015501539656187299 -1.7722525691986084 -0.018907824756304932 15.391292306304591 -5.9755406327355169 -10.652651945937453 -31.266325542926786 -27.008698713221445 17.269855875977829 4.2587717620186183 -8.4986413953922408 15.75501476338035 29.451584570362883 7.0886711294078326 32.221427914078419 -1.2216015495048773 -5.5825430216755718 -26.150553284972908 3.3535307886193295 -7.0217360356680114 -0.073572066774486536 1.4388856894450426 78.189320896793816
leaf_weight=608992 100 10100 192 131 252 100 139 132 195 231 102 104 164 128 180 198 108 200 1164 6240 476 100
leaf_count=608992 100 10100 192 131 252 100 139 132 195 231 102 104 164 128 180 198 108 200 1164 6240 476 100
internal_value=-0.000360837 -0.838413 0.0183184 -7.70555 -5.70997 -18.3184 -16.3226 -1.91632 2.01885 -2.76543 -0.131156 0.28717 -2.03195 2.43057 12.795 -5.35853 -12.5568 -4.11248 -5.49775 0.0134754 1.20327 14.9881
internal_weight=629728 13728 616000 1280 1080 200 270 810 558 426 12448 10204 2244 716 308 408 306 1528 1364 615808 6816 576
internal_count=629728 13728 616000 1280 1080 200 270 810 558 426 12448 10204 2244 716 308 408 306 1528 1364 615808 6816 576
cat_boundaries=0 1 2 3 4 5
cat_threshold=1 12 48 40 8
is_linear=0
shrinkage=0.045


Tree=61
num_leaves=23
num_cat=5
split_feature=15 1 18 5 1 4 4 2 7 7 4 7 2 14 14 1 8 0 8 4 14 18
split_gain=4.45468e+06 1.66499e+07 3.50096e+07 2.32857e+07 2.00246e+07 3.4881e+07 1.92342e+07 3.33632e+07 4.29405e+07 2.14136e+07 1.70661e+07 3.1452e+07 2.20151e+07 2.27638e+07 3.44856e+07 1.52108e+07 1.47483e+07 2.37123e+07 1.52887e+07 1.13023e+07 1.10351e+07 1.06603e+07
threshold=357.34000000000009 18.750000000000004 155.46500000000006 0 18.000000000000004 1 2 241.50000000000003 18.245000000000001 15.425000000000002 3 22.665000000000003 227.50000000000003 1012.6650000000001 529.25500000000011 18.250000000000004 2756.4200000000005 3.7263551950454716 1021.4750000000001 4 1232.6000000000001 -274.99999999999994
decision_type=10 2 10 1 2 1 1 2 2 2 1 2 2 2 2 2 2 2 2 1 2 8
left_child=21 4 3 6 10 -6 7 8 9 -3 11 12 -2 14 -14 -7 18 -18 19 -8 -13 -1
right_child=1 2 -4 -5 5 15 16 -9 -10 -11 -12 20 13 -15 -16 -17 17 -19 -20 -21 -22 -23
leaf_value=7.4495221289304592 23.92028355230768 4.6689691366715858 23.058861153835444 -3.5606612827116702 -30.945733092943829 -15.579217188052482 14.206024626071635 32.243422344352233 -11.144433050017271 33.521271982517312 -4.4396045339066763 -13.592165219613484 -4.762236292677767 -9.0489814475836692 32.343184946284573 0.0012767780485906099 -2.9516512910438615 24.105301711218701 -9.3316322593049623 -0.88861683146174719 4.0468617881428113 0.0073465342607218001
leaf_weight=388 164 108 137 1773 123 189 118 116 180 100 1524 208 100 152 100 378 136 124 356 442 108 622704
leaf_count=388 164 108 137 1773 123 189 118 116 180 100 1524 208 100 152 100 378 136 124 356 442 108 622704
internal_value=-0.000348665 -1.15993 0.916248 0.0248857 -3.6059 -10.3364 3.80719 11.0643 4.88326 18.7274 -1.62763 3.53232 10.4063 4.01049 13.927 -5.13842 0.616639 10.0379 -2.06686 2.56824 -7.5761 0.0120047
internal_weight=629728 6636 3590 3453 3046 690 1680 504 388 208 2356 832 516 352 200 567 1176 260 916 560 316 623092
internal_count=629728 6636 3590 3453 3046 690 1680 504 388 208 2356 832 516 352 200 567 1176 260 916 560 316 623092
cat_boundaries=0 1 2 3 4 5
cat_threshold=3 40 6 24 96
is_linear=0
shrinkage=0.045


Tree=62
num_leaves=23
num_cat=4
split_feature=0 4 2 2 7 17 2 1 1 1 8 10 7 2 2 7 16 5 17 2 4 4
split_gain=4.27707e+06 2.09287e+07 3.78985e+07 8.87874e+07 2.03099e+08 1.01193e+08 3.22648e+07 2.68342e+07 1.78302e+07 3.09135e+07 3.31438e+07 2.02258e+07 1.25648e+07 1.06125e+07 3.59726e+07 2.38082e+07 2.36391e+07 1.89663e+07 1.75741e+07 1.69063e+07 1.36922e+07 1.28922e+07
threshold=2.0356715917587285 0 231.50000000000003 261.50000000000006 22.035000000000004 99.695000000000007 225.50000000000003 18.500000000000004 19.500000000000004 20.750000000000004 1980.6000000000001 91.040269557728251 25.405000000000005 211.50000000000003 225.50000000000003 16.625000000000004 349.74500000000006 1 151.86500000000001 119.50000000000001 2 3
decision_type=2 1 2 2 2 10 2 2 2 2 2 2 2 2 2 2 10 1 10 2 1 1
left_child=-1 2 6 4 5 -4 8 -6 -2 10 11 -10 -9 19 15 -15 18 -18 -17 20 -3 -19
right_child=1 13 3 -5 7 -7 -8 12 9 -11 -12 -13 -14 14 -16 16 17 21 -20 -21 -22 -23
leaf_value=0.017341997207953118 -1.7986691219124271 16.235096621626408 12.912674727567603 -4.4906305091249097 -9.9356335068445123 64.806477833023976 -12.795601881595406 1.8481761466449416 15.779320996241724 -9.1657500639888969 34.968153188824651 -7.6451465252467568 22.642489524448621 -3.660139020611584 -3.0441329711047223 -2.4345584758705106 24.817340908696501 17.408551693224513 17.357386219024658 -5.2485179774833801 -0.3511055698839482 3.082742439876986
leaf_weight=615736 1432 104 124 680 272 200 420 140 182 160 110 124 100 536 4160 520 191 192 108 3084 772 381
leaf_count=615736 1432 104 124 680 272 200 420 140 182 160 110 124 100 536 4160 520 191 192 108 3084 772 381
internal_value=-0.000337949 -0.778258 1.99635 7.57899 17.3837 45.1469 -1.48451 -0.292585 0.89174 7.56347 14.0109 6.29905 10.628 -1.86764 -0.689586 4.38865 7.48871 12.7948 1.01345 -3.68221 1.83144 8.14164
internal_weight=629728 13992 3944 1516 836 324 2428 512 2008 576 416 306 240 10048 6088 1928 1392 764 628 3960 876 573
internal_count=629728 13992 3944 1516 836 324 2428 512 2008 576 416 306 240 10048 6088 1928 1392 764 628 3960 876 573
cat_boundaries=0 1 2 3 4
cat_threshold=6 8 64 16
is_linear=0
shrinkage=0.045


Tree=63
num_leaves=23
num_cat=2
split_feature=16 5 2 2 2 1 18 15 1 4 2 16 1 2 8 0 8 2 7 15 15 2
split_gain=4.11373e+06 2.7828e+07 3.01016e+07 3.97494e+07 1.47912e+08 4.45159e+07 1.63788e+07 1.71079e+07 1.58166e+07 1.5814e+07 2.21292e+07 1.22276e+07 1.95776e+07 1.22266e+07 2.25647e+07 5.70652e+07 1.41686e+07 1.28255e+07 1.87317e+07 1.83576e+07 2.44997e+07 1.29458e+07
threshold=226.84500000000006 0 239.50000000000003 249.50000000000003 247.50000000000003 18.500000000000004 -59.254999999999988 548.71000000000015 20.250000000000004 1 145.50000000000003 1074.0050000000003 18.000000000000004 211.50000000000003 822.20500000000004 2.6121541261672978 2449.3750000000005 225.50000000000003 17.735000000000003 280.03000000000003 548.71000000000015 235.50000000000003
decision_type=10 1 2 2 2 2 10 10 2 1 2 10 2 2 2 2 2 2 2 8 10 2
left_child=-1 11 8 4 5 -4 -5 -8 9 10 -3 -2 -13 16 15 -15 -11 19 -19 -16 -21 -20
right_child=1 2 3 6 -6 -7 7 -9 -10 13 -12 12 -14 14 17 -17 -18 18 21 20 -22 -23
leaf_value=0.015240517952555925 -3.2503964306460635 9.1652465751551393 -3.4196505630625316 -13.247307351168638 54.206650640850192 25.188626873231915 -0.47050044104975025 16.428044877182948 -16.795406633834837 -2.7274012593222294 -6.0262666893691241 -4.7505287995061645 -22.626951823820988 -0.33486916501217701 -3.8216168034719216 25.068247983770121 10.794405873551089 8.8583157056508472 -10.838523325912368 27.912070143022611 1.717485703607885 -0.53323908064807102
leaf_weight=618504 2245 219 447 159 144 144 717 144 123 2043 1608 377 184 468 216 288 168 240 441 129 162 558
leaf_count=618504 2245 219 447 159 144 144 717 144 123 2043 1608 377 184 468 216 288 168 240 441 129 162 558
internal_value=-0.000254532 -0.853967 0.442001 5.68223 13.6449 3.61234 -0.0710487 2.38726 -0.938876 -0.635614 -4.17443 -4.72417 -10.6733 0.744674 2.89979 9.38312 -1.69114 0.085051 -2.38225 6.10027 13.4408 -5.09498
internal_weight=629728 11224 8418 1755 735 591 1020 861 6663 6540 1827 2806 561 4713 2502 756 2211 1746 1239 507 291 999
internal_count=629728 11224 8418 1755 735 591 1020 861 6663 6540 1827 2806 561 4713 2502 756 2211 1746 1239 507 291 999
cat_boundaries=0 1 2
cat_threshold=1 68
is_linear=0
shrinkage=0.045


end of trees

feature_importances:
day_of_year=239
weekday=194
local_hour=164
dam_day_min=130
dam_below_day_max=80
dam_prev_hour=80
quarter=79
dam_next_hour=79
dam_day_max=66
dam_ramp_to_next=59
dam_ramp_from_prev=56
dam_above_day_min=47
dam_day_mean=44
dam_asinh=40
dam_hours_to_day_peak=38
dam_day_std=13

parameters:
[boosting: gbdt]
[objective: regression]
[metric: l2]
[tree_learner: serial]
[device_type: cpu]
[data_sample_strategy: bagging]
[data: ]
[valid: ]
[num_iterations: 64]
[learning_rate: 0.045]
[num_leaves: 23]
[num_threads: 4]
[seed: 43]
[deterministic: 0]
[force_col_wise: 0]
[force_row_wise: 0]
[histogram_pool_size: -1]
[max_depth: -1]
[min_data_in_leaf: 100]
[min_sum_hessian_in_leaf: 0.001]
[bagging_fraction: 1]
[pos_bagging_fraction: 1]
[neg_bagging_fraction: 1]
[bagging_freq: 0]
[bagging_seed: 11149]
[bagging_by_query: 0]
[feature_fraction: 1]
[feature_fraction_bynode: 1]
[feature_fraction_seed: 21351]
[extra_trees: 0]
[extra_seed: 16806]
[early_stopping_round: 0]
[early_stopping_min_delta: 0]
[first_metric_only: 0]
[max_delta_step: 0]
[lambda_l1: 0]
[lambda_l2: 2]
[linear_lambda: 0]
[min_gain_to_split: 0]
[drop_rate: 0.1]
[max_drop: 50]
[skip_drop: 0.5]
[xgboost_dart_mode: 0]
[uniform_drop: 0]
[drop_seed: 2965]
[top_rate: 0.2]
[other_rate: 0.1]
[min_data_per_group: 100]
[max_cat_threshold: 32]
[cat_l2: 10]
[cat_smooth: 10]
[max_cat_to_onehot: 4]
[top_k: 20]
[monotone_constraints: ]
[monotone_constraints_method: basic]
[monotone_penalty: 0]
[feature_contri: ]
[forcedsplits_filename: ]
[refit_decay_rate: 0.9]
[cegb_tradeoff: 1]
[cegb_penalty_split: 0]
[cegb_penalty_feature_lazy: ]
[cegb_penalty_feature_coupled: ]
[path_smooth: 0]
[interaction_constraints: ]
[verbosity: -1]
[saved_feature_importance_type: 0]
[use_quantized_grad: 0]
[num_grad_quant_bins: 4]
[quant_train_renew_leaf: 0]
[stochastic_rounding: 1]
[linear_tree: 0]
[max_bin: 255]
[max_bin_by_feature: ]
[min_data_in_bin: 3]
[bin_construct_sample_cnt: 200000]
[data_random_seed: 179]
[is_enable_sparse: 1]
[enable_bundle: 1]
[use_missing: 1]
[zero_as_missing: 0]
[feature_pre_filter: 1]
[pre_partition: 0]
[two_round: 0]
[header: 0]
[label_column: ]
[weight_column: ]
[group_column: ]
[ignore_column: ]
[categorical_feature: 3,4,5,6]
[forcedbins_filename: ]
[precise_float_parser: 0]
[parser_config_file: ]
[objective_seed: 26397]
[num_class: 1]
[is_unbalance: 0]
[scale_pos_weight: 1]
[sigmoid: 1]
[boost_from_average: 1]
[reg_sqrt: 0]
[alpha: 0.9]
[fair_c: 1]
[poisson_max_delta_step: 0.7]
[tweedie_variance_power: 1.5]
[lambdarank_truncation_level: 30]
[lambdarank_norm: 1]
[label_gain: ]
[lambdarank_position_bias_regularization: 0]
[eval_at: ]
[multi_error_top_k: 1]
[auc_mu_weights: ]
[num_machines: 1]
[local_listen_port: 12400]
[time_out: 120]
[machine_list_filename: ]
[machines: ]
[gpu_platform_id: -1]
[gpu_device_id: -1]
[gpu_device_id_list: ]
[gpu_use_dp: 0]
[num_gpu: 1]

end of parameters

pandas_categorical:[[0, 1, 2, 3, 4, 5, 6, 7], [0, 1, 2, 3, 4, 5, 6], [1, 2, 3, 4], [0, 1]]
